No,CATEGORY,shortDesc,description,finish,featured,fallback_image,SKU,Name,Dimensions,Weight,Stock,ImageUrl
1,Furniture,,,Semi-Gloss Polish,FALSE,,SBTP.449.24,GIANT DINING TABLE ROUND,230 Cm + 137 Cm + 7 Cm,357,0,https://drive.google.com/uc?export=view&id=1IIvZSS0N9rR2TApyMJsUu4FiMIh2Cx9m
2,Furniture,,,Semi-Gloss Polish,FALSE,,461.24,GIANT DINING TABLE ROUND,236 Cm + 138 Cm + 6 Cm,350,0,https://drive.google.com/uc?export=view&id=1ZT4If37SH50E0gD4jfEy3OmQfNnmaGyH
3,Living Room,,,Semi-Gloss Polish,FALSE,,SBTP.218.24,ROUND COFFEE TABLE,96 Cm + 67 Cm + 6 Cm,70,1,https://drive.google.com/uc?export=view&id=1RVHa0LiaiVdtVKORCum9cco35WFcRNnv
4,Furniture,,,Semi-Gloss Polish,FALSE,,BTP.196.23,STOOL TOP POLISH,33 Cm + 28 Cm + 50 Cm,83,0,https://drive.google.com/uc?export=view&id=1Cg5S9ZijUGIYLz6_XUMWzm-dBV65GtiB
5,Furniture,,,Semi-Gloss Polish,FALSE,,SBTP.220.24,ROUND COFFEE TABLE,98 Cm + 70 Cm + 6 Cm,69,0,https://drive.google.com/uc?export=view&id=1IQTIrfAq5-pPdSuuduqf2cz6X4oH8rLE
6,Furniture,,,Semi-Gloss Polish,FALSE,,BTP.259.24,STOOL TOP POLISH,36 Cm + 32 Cm + 45 Cm,109,0,https://drive.google.com/uc?export=view&id=1bJN-p5-kRAzbedbyaMtcMfNsw9QT2ZaB
7,Furniture,,,Semi-Gloss Polish,FALSE,,BFP.038.24,STOOL FULL POLISH,40 Cm + 33 Cm + 45 Cm,76,0,https://drive.google.com/uc?export=view&id=10iWqg5zW5UY5DH6WGj4hZwToa6RLN0-l
8,Furniture,,,Semi-Gloss Polish,FALSE,,BFP.990.24,STOOL FULL POLISH,39 Cm + 25 Cm + 45 Cm,85,0,https://drive.google.com/uc?export=view&id=1HzWAkZSEq0I_A_RXi9cNNDbiJU8nlGoV
9,Seater,,,Semi-Gloss Polish,FALSE,,BFP.1006.24,STOOL FULL POLISH,38 Cm + 24 Cm + 40 Cm,61,1,https://drive.google.com/uc?export=view&id=1PVUUbR1qWInLLVEr8tSereFbhpPJg37m
10,Furniture,,,Semi-Gloss Polish,FALSE,,SBTP.212.24,ROUND COFFEE TABLE,140 Cm + 113 Cm + 6.5 Cm,183,0,https://drive.google.com/uc?export=view&id=1Kn61R8BsFqUeUFdypcNbH5GPqUntobFM
11,Seater,,,Semi-Gloss Polish,FALSE,,BFP.690.24,STOOL FULL POLISH,40 Cm + 23 Cm + 40 Cm,59,1,https://drive.google.com/uc?export=view&id=1JhZiF12Co08vYA8KjGAxIR9q1MeLbUGk
12,Furniture,,,Semi-Gloss Polish,FALSE,,BFP.1096.24,STOOL FULL POLISH,34 Cm + 23 Cm + 40 Cm,46,0,https://drive.google.com/uc?export=view&id=1t6TLgSGPQJa3S3ziEhP8mHZ9DzP8MACo
13,Furniture,,,Semi-Gloss Polish,FALSE,,BTP.274.24,STOOL TOP POLISH,41 Cm + 34 Cm + 45 Cm,116,0,https://drive.google.com/uc?export=view&id=15nMaf_vIKn9zsVzmZZnWMBUQhJbi2Pci
14,Furniture,,,Semi-Gloss Polish,FALSE,,BFP.1451.22,STOOL FULL POLISH,48 Cm + 40 Cm + 42 Cm,138,0,https://drive.google.com/uc?export=view&id=1u-Ld6bJk4d9k9tub_Qo03L_TdoSolrHt
15,Furniture,,,Semi-Gloss Polish,FALSE,,BFP.1838.22,STOOL FULL POLISH,37 Cm + 32 Cm + 45 Cm,70,0,https://drive.google.com/uc?export=view&id=1OLS8gl9Mv7HDr1Tpd81PU9DAQo5AJN0r
16,Furniture,,,Semi-Gloss Polish,FALSE,,BFP.989.23,STOOL FULL POLISH,33 Cm + 32 Cm + 40 Cm,81,0,https://drive.google.com/uc?export=view&id=1hyMH8y9LWi3hOI4p_E6j9aesZvcdMb8w
17,Furniture,,,Semi-Gloss Polish,FALSE,,BFP.497.24,STOOL FULL POLISH,33 Cm + 29 Cm + 42 Cm,74,0,https://drive.google.com/uc?export=view&id=1Av1yIM7qQl8YVcF-FwO-mshHmWqcKL1A
18,Furniture,,,Semi-Gloss Polish,FALSE,,SBTPN.001,ROUND COFFEE TABLE,139 Cm + 98 Cm + 6 Cm,160,0,https://drive.google.com/uc?export=view&id=1Y0ibnIs3pq01Y0dLAjy-UUCZvDdMCYik
19,Furniture,,,Semi-Gloss Polish,FALSE,,BFPN.001,STOOL FULL POLISH,44 Cm + 32 Cm + 42 Cm,78,0,https://drive.google.com/uc?export=view&id=1Y26-4RbyuXy27z1x99pajLDvziWifejn
20,Furniture,,,Semi-Gloss Polish,FALSE,,SBTPN.002,ROUND COFFEE TABLE,136 Cm + 90 Cm + 6 Cm,140,0,https://drive.google.com/uc?export=view&id=1tUfCX6hE6274368YWXukr6qySMACmplm
21,Furniture,,,Semi-Gloss Polish,FALSE,,BFP.1891.22,STOOL FULL POLISH,33 Cm + 30 Cm + 45 Cm,88,0,https://drive.google.com/uc?export=view&id=1V2aYkWlr-ZOAXbnOpOZCB-m9NQTZ5oSI
22,Living Room,,,Semi-Gloss Polish,FALSE,,SBTP.160.24,ROUND COFFEE TABLE,122 Cm + 89 Cm + 6 Cm,112,1,https://drive.google.com/uc?export=view&id=1JNEKFx-k14d3SGb-9NMBaYUHoJg0nY7n
23,Furniture,,,Semi-Gloss Polish,FALSE,,BTP.273.24,STOOL TOP POLISH,36 Cm + 30 Cm + 45 Cm,95,0,https://drive.google.com/uc?export=view&id=1VuB7xOMzYVommU6s8yerBX3Vl-C5NfFu
24,Furniture,,,Semi-Gloss Polish,FALSE,,SBTP.172.24,ROUND COFFEE TABLE,121 Cm + 86 Cm + 6 Cm,108,0,https://drive.google.com/uc?export=view&id=1I7YXgPvfo4J46vfTbrEpKsIy75NalFNi
25,Furniture,,,Semi-Gloss Polish,FALSE,,BFP.1834.22,STOOL FULL POLISH,37 Cm + 30 Cm + 45 Cm,100,0,https://drive.google.com/uc?export=view&id=1kT-qo3wTue3lpWhSu0qlolr728X7nXhh
26,Furniture,,,Semi-Gloss Polish,FALSE,,SBTP.168.24,ROUND COFFEE TABLE,121 Cm + 87 Cm + 6.5 Cm,109,0,https://drive.google.com/uc?export=view&id=1Rypt6lRM-XXhNAORwLIT9IDZGJf_v1Yr
27,Furniture,,,Semi-Gloss Polish,FALSE,,SBTP.157.24,ROUND COFFEE TABLE,120 Cm + 86 Cm + 6 Cm,101,0,https://drive.google.com/uc?export=view&id=1Vkj0OHdkX8dHYDSClzQGkNHMofJGzZJX
28,Seater,,,Semi-Gloss Polish,FALSE,,BTP.189.24,STOOL TOP POLISH,39 Cm + 30 Cm + 40 Cm,104,1,https://drive.google.com/uc?export=view&id=1nRPGmX1ijf7faqOZv6zs87MBC57dOJnu
29,Dining Room,,,Semi-Gloss Polish,FALSE,,SBTP.1216.22,ROUND DINING TABLE,174 Cm + 128 Cm + 6 Cm,243,1,https://drive.google.com/uc?export=view&id=1iZudGCbi4PWxgW_4WAcGOes1Ekny0EBj
30,Dining Room,,,Semi-Gloss Polish,FALSE,,SBTP.1219.22,ROUND DINING TABLE,171 Cm + 131 Cm + 6 Cm,233,1,
31,Furniture,,,Semi-Gloss Polish,FALSE,,BFP.1848.22,STOOL FULL POLISH,37 Cm + 35 Cm + 45 Cm,79,0,https://drive.google.com/uc?export=view&id=1ajNUnJPHrNIemqo2s9PR0TtXmq7O95nM
32,Dining Room,,,Semi-Gloss Polish,FALSE,,SBTP.1222.22,ROUND DINING TABLE,174 Cm + 129 Cm + 4.5 Cm,184,1,
33,Furniture,,,Semi-Gloss Polish,FALSE,,SBTP.1300.22,ROUND COFFEE TABLE,125 Cm + 76 Cm + 6 Cm,109,0,https://drive.google.com/uc?export=view&id=13u2JxVO_PI0ODIjHSI5ggpM12IWy1jmh
34,Furniture,,,Semi-Gloss Polish,FALSE,,BFP.976.24,STOOL FULL POLISH,33 Cm + 27 Cm + 45 Cm,72,0,https://drive.google.com/uc?export=view&id=1M8UxO8QYk6XB4yPFgp5YZOtKeA80gjV6
35,Living Room,,,Semi-Gloss Polish,FALSE,,SBTP.1306.22,ROUND COFFEE TABLE,120 Cm + 76 Cm + 6 Cm,100,1,
36,Living Room,,,Semi-Gloss Polish,FALSE,,SBTP.1298.22,ROUND COFFEE TABLE,126 Cm + 74 Cm + 7 Cm,120,1,https://drive.google.com/uc?export=view&id=16IIex0yHaUcmqThMx9wkGCYfbSbkaCD4
37,Furniture,,,Semi-Gloss Polish,FALSE,,BFPN.002,STOOL FULL POLISH,36 Cm + 31 Cm + 50 Cm,120,0,
38,Living Room,,,Semi-Gloss Polish,FALSE,,SBTP.1305.22,ROUND COFFEE TABLE,123 Cm + 76 Cm + 6 Cm,101,1,
39,Furniture,,,Semi-Gloss Polish,FALSE,,BFPN.003,STOOL FULL POLISH,30 Cm + 30 Cm + 40 Cm,65,0,https://drive.google.com/uc?export=view&id=1NLG3DXJf2iwbKCH__ZrrtYkL_xYsT1dH
40,Furniture,,,Semi-Gloss Polish,FALSE,,BFP.1002.23,STOOL FULL POLISH,35 Cm + 32 Cm + 40 Cm,73,0,https://drive.google.com/uc?export=view&id=1_kj-j4KyGrLMKG-iGUDdAFpeCOxTPMra
41,Living Room,,,Semi-Gloss Polish,FALSE,,SBTPT.21.23,EAST COFFEE TABLE,110 Cm + 59 Cm + 7 Cm,81,1,https://drive.google.com/uc?export=view&id=1NCucNXTsnTIOOhySVhZemy-TCNythiuD
42,Furniture,,,Semi-Gloss Polish,FALSE,,BFP.824.24,STOOL FULL POLISH,33 Cm + 27 Cm + 41 Cm,66,0,https://drive.google.com/uc?export=view&id=1Jz4FfBZBzZf0P_knsyg10kUNTiogSIWO
43,Furniture,,,Semi-Gloss Polish,FALSE,,BFP.T.8.23,STOOL FULL POLISH,38 Cm + 34 Cm + 43 Cm,109,0,https://drive.google.com/uc?export=view&id=1lORkpT8NsE0_GQxkyM0rM_uTA5hKFDt-
44,Living Room,,,Semi-Gloss Polish,FALSE,,SBFPT.15.23,EAST COFFEE TABLE,98 Cm + 62 Cm + 6.5 Cm,71,1,
45,Living Room,,,Semi-Gloss Polish,FALSE,,SBFPT.20.23,EAST COFFEE TABLE,111 Cm + 60 Cm + 6.5 Cm,80,1,
46,Furniture,,,Semi-Gloss Polish,FALSE,,BFP.1832.22,STOOL FULL POLISH,35 Cm + 30 Cm + 45 Cm,104,0,https://drive.google.com/uc?export=view&id=1cx4gkRRIXNd99jfJpYzOCrvixUUgsRWO
47,Living Room,,,Semi-Gloss Polish,FALSE,,SBFPT.23.23,EAST COFFEE TABLE,97 Cm + 63 Cm + 8 Cm,81,1,
48,Living Room,,,Semi-Gloss Polish,FALSE,,24.23,EAST COFFEE TABLE,98 Cm + 62 Cm + 6 Cm,71,1,https://drive.google.com/uc?export=view&id=1KxnczRft7yxEegh_UbG6I1MQj7skzDCT
49,Living Room,,,Semi-Gloss Polish,FALSE,,SBFPT.25.23,EAST COFFEE TABLE,111 Cm + 70 Cm + 6 Cm,62,1,
50,Furniture,,,Semi-Gloss Polish,FALSE,,BFPN.004,STOOL FULL POLISH,42 Cm + 32 Cm + 40 Cm,102,0,https://drive.google.com/uc?export=view&id=1BeQOlC2iedFgCvLC-8llb1F4H-4zyTGR
51,Furniture,,,Semi-Gloss Polish,FALSE,,BFP.1483.23,STOOL FULL POLISH,43 Cm + 27 Cm + 40 Cm,79,1,https://drive.google.com/uc?export=view&id=1RlGI9pJn3bIaQBxBNh-CbZrA068XFG3n
52,Furniture,,,Semi-Gloss Polish,FALSE,,1186.22,ROUND COFFEE TABLE,95 Cm + 78 Cm + 6 Cm,91,0,https://drive.google.com/uc?export=view&id=1vYQnC_MdJq37aTUq31SRWuPVhij5gpMF
53,Furniture,,,Semi-Gloss Polish,FALSE,,BFP.1607.23,STOOL FULL POLISH,39 Cm + 32 Cm + 40 Cm,87,0,https://drive.google.com/uc?export=view&id=133E3ZN1weGINN7ELISW7g07jSWoFylxX
54,Seater,,,Semi-Gloss Polish,FALSE,,BFP.559.24,STOOL FULL POLISH,32 Cm + 27 Cm + 40 Cm,63,1,https://drive.google.com/uc?export=view&id=1Q1pFQEzK1NQmKCx2ZbAwM-jOeyi7PDWM
55,Furniture,,,Semi-Gloss Polish,FALSE,,BFP.667.24,STOOL FULL POLISH,36 Cm + 26 Cm + 40 Cm,63,0,https://drive.google.com/uc?export=view&id=1Uhc5zAtAZesEq4lmfREY_n3F5IUGq-6u
56,Furniture,,,Semi-Gloss Polish,FALSE,,BFP.1608.23,STOOL FULL POLISH,37 Cm + 32 Cm + 40 Cm,86,1,https://drive.google.com/uc?export=view&id=1ptMyJNgIgIlPGGN8LIzf4VHqL977fc5v
57,Furniture,,,Semi-Gloss Polish,FALSE,,BFP.1806.22,STOOL FULL POLISH,40 Cm + 37 Cm + 45 Cm,115,0,https://drive.google.com/uc?export=view&id=1S874KOg-NDXtUIFy2s2rIpHrVXGBlyP2
58,Living Room,,,Semi-Gloss Polish,FALSE,,SBTPTN.001,EAST COFFEE TABLE,120 Cm + 84 Cm + 6 Cm,130,1,https://drive.google.com/uc?export=view&id=1iGWp2OFydpdRaIw_aWDYxbcJcuO-0Amf
59,Furniture,,,Semi-Gloss Polish,FALSE,,BFP.1877.22,STOOL FULL POLISH,35 Cm + 32 Cm + 45 Cm,90,0,https://drive.google.com/uc?export=view&id=17sVAh4jISjjOt7fBO78c4wp1fqJiy_K8
60,Living Room,,,Semi-Gloss Polish,FALSE,,SBTP.1262.22,ROUND COFFEE TABLE,85 Cm + 81 Cm + 5.5 Cm,67,1,https://drive.google.com/uc?export=view&id=1eEQRvl7wIrsH-W3Yjd9uD56j-2Iz7svS
61,Furniture,,,Semi-Gloss Polish,FALSE,,BFP.641.24,STOOL FULL POLISH,43 Cm + 34 Cm + 45 Cm,118,0,https://drive.google.com/uc?export=view&id=1UXNL0W8XfkMeajIvvbHqRTdPiQa3s3EE
62,Furniture,,,Semi-Gloss Polish,FALSE,,1266.22,ROUND COFFEE TABLE,86 Cm + 75 Cm + 5 Cm,62,0,https://drive.google.com/uc?export=view&id=1b3p40WHbZR4Df9suQ9EI6qhIIXoGfqpF
63,Furniture,,,Semi-Gloss Polish,FALSE,,BFP.1706.22,STOOL FULL POLISH,41 Cm + 35 Cm + 45 Cm,136,0,https://drive.google.com/uc?export=view&id=1No6yk6T90Rgy1AQnfSpMW4AoA3PSK5t2
64,Furniture,,,Semi-Gloss Polish,FALSE,,BTP.241.24,STOOL TOP POLISH,35 Cm + 35 Cm + 64 Cm,110,1,https://drive.google.com/uc?export=view&id=1woYx2tNUAJ6_jy7DUkyqcyoSO1MxEdE5
65,Seater,,,Semi-Gloss Polish,FALSE,,BTP.434.22,STOOL TOP POLISH,49 Cm + 37 Cm + 40 Cm,119,1,https://drive.google.com/uc?export=view&id=10v1AO31-YMjCC6BnNXqMDe3RjB50rsMO
66,Furniture,,,Semi-Gloss Polish,FALSE,,BTP.203.23,STOOL TOP POLISH,39 Cm + 28 Cm + 43 Cm,80,0,https://drive.google.com/uc?export=view&id=1g_kRjCwIUuIKD9vyRmyRlShJcvVSaH8A
67,Seater,,,Semi-Gloss Polish,FALSE,,BFP.622.24,STOOL FULL POLISH,39 Cm + 22 Cm + 67 Cm,91,1,https://drive.google.com/uc?export=view&id=1zKbujDlv6Xu3HO3Ql55NDS98B0hkp_jn
68,Living Room,,,Semi-Gloss Polish,FALSE,,SBTPN.003,ROUND COFFEE TABLE,95 Cm + 86 Cm + 6 Cm,80,1,https://drive.google.com/uc?export=view&id=1dzPfaG8eKh_IwZzLgGTFn7EUN7jwdCd6
69,Living Room,,,Semi-Gloss Polish,FALSE,,SBTPN.004,ROUND COFFEE TABLE,96 Cm + 80 Cm + 6 Cm,80,1,https://drive.google.com/uc?export=view&id=13vkcWC2ceEHxv79BzOa60zEEk7LvlYds
70,Living Room,,,Semi-Gloss Polish,FALSE,,SBTPN.005,ROUND COFFEE TABLE,90 Cm + 80 Cm + 6 Cm,80,1,https://drive.google.com/uc?export=view&id=1dvxVyZYVFBn7VhqCs0j_NxU6OpsgzGDK
71,Furniture,,,Semi-Gloss Polish,FALSE,,BTPN.001,STOOL TOP POLISH,36 Cm + 35 Cm + 40 Cm,86,0,https://drive.google.com/uc?export=view&id=1efEzAEbsObC4qUKeAzPTUa6sZWURKLBw
72,Living Room,,,Semi-Gloss Polish,FALSE,,SBTPN.006,ROUND COFFEE TABLE,90 Cm + 82 Cm + 7 Cm,80,1,https://drive.google.com/uc?export=view&id=1SIz4fXCxzVtGx-Wxcs22pfINcni9rSCB
73,Seater,,,Semi-Gloss Polish,FALSE,,BTPN.002,STOOL TOP POLISH,40 Cm + 31 Cm + 45 Cm,92,1,https://drive.google.com/uc?export=view&id=1KmcTnfcwkprLFgpT7gkwtAuf3_AZu3dD
74,Living Room,,,Semi-Gloss Polish,FALSE,,SBTPN.007,ROUND COFFEE TABLE,90 Cm + 83 Cm + 6 Cm,80,1,https://drive.google.com/uc?export=view&id=1wZZ_PBQye1sO2b7oakcyY8dOZoVrzMNx
75,Furniture,,,Semi-Gloss Polish,FALSE,,BTPN.003,STOOL TOP POLISH,30 Cm + 29 Cm + 45 Cm,59,0,https://drive.google.com/uc?export=view&id=1UZHl72FdQ-0nTc146Rsa8QGtoYB9siM0
76,Seater,,,Semi-Gloss Polish,FALSE,,BTPN.004,STOOL TOP POLISH,34 Cm + 30 Cm + 50 Cm,80,1,https://drive.google.com/uc?export=view&id=18mVkQMNTkXa83KZvGgrsvpOJu5VzUyOz
77,Furniture,,,Semi-Gloss Polish,FALSE,,SBTP.1105.22,ROUND COFFEE TABLE,104 Cm + 60 Cm + 6 Cm,67,0,https://drive.google.com/uc?export=view&id=1yWHBkCMMn1UVG3dBfkYGzItNXJWlQvwF
78,Living Room,,,Semi-Gloss Polish,FALSE,,SBTP.1108.22,ROUND COFFEE TABLE,113 Cm + 60 Cm + 6 Cm,72,1,
79,Living Room,,,Semi-Gloss Polish,FALSE,,SBTP.1109.22,ROUND COFFEE TABLE,95 Cm + 60 Cm + 6 Cm,68,1,
80,Seater,,,Semi-Gloss Polish,FALSE,,BFPN.005,STOOL FULL POLISH,49 Cm + 45 Cm + 55 Cm,180,1,https://drive.google.com/uc?export=view&id=1CuzhuXRWa0_ZaXvBvksYC8ws3exaNoHw
81,Living Room,,,Semi-Gloss Polish,FALSE,,SBTPN.008,ROUND COFFEE TABLE,91 Cm + 63 Cm + 6 Cm,67,1,https://drive.google.com/uc?export=view&id=1Va4oXQ7LJpjnuG4VmDCtb_igQGJVUXi0
82,Seater,,,Semi-Gloss Polish,FALSE,,BTPN.28.23,STOOL TOP POLISH,53 Cm + 38 Cm + 46 Cm,140,1,https://drive.google.com/uc?export=view&id=1DtKPX72shi4LkBrXR32rUbR2V06IeLna
83,Furniture,,,Semi-Gloss Polish,FALSE,,BTPN.005,STOOL TOP POLISH,62 Cm + 62 Cm + 44 Cm,250,0,https://drive.google.com/uc?export=view&id=1Y-ZPnDYXYVd5DfQo_39ct0fz_9pzDoLK
84,Living Room,,,Semi-Gloss Polish,FALSE,,SBTP.1107.22,ROUND COFFEE TABLE,90 Cm + 59 Cm + 6 Cm,65,1,
85,Living Room,,,Semi-Gloss Polish,FALSE,,SBTP.1158.22,ROUND COFFEE TABLE,96 Cm + 65 Cm + 6 Cm,72,1,
86,Seater,,,Semi-Gloss Polish,FALSE,,BTPN.006,STOOL TOP POLISH,52 Cm + 30 Cm + 40 Cm,115,1,https://drive.google.com/uc?export=view&id=1m4WcGYsp8gG773jtVSmPVYXFfI81ARKi
87,Furniture,,,Semi-Gloss Polish,FALSE,,BTPN.007,STOOL TOP POLISH,35 Cm + 34 Cm + 43 Cm,75,0,https://drive.google.com/uc?export=view&id=1emH_FSVCZy187tNZpKVhsa8dCtn1zSfb
88,Seater,,,Semi-Gloss Polish,FALSE,,BTPN.008,STOOL TOP POLISH,36 Cm + 28 Cm + 40 Cm,65,1,https://drive.google.com/uc?export=view&id=1k3WkwjpIVR8jswihMfMhiJBJZ17uJUtb
89,Furniture,,,Semi-Gloss Polish,FALSE,,BTPN.009,STOOL TOP POLISH,45 Cm + 29 Cm + 42 Cm,82,0,https://drive.google.com/uc?export=view&id=1KP3oYjdWEkLKDWhLR8neTUt9VSeyBpLI
90,Furniture,,,Semi-Gloss Polish,FALSE,,BTPN.010,STOOL TOP POLISH,43 Cm + 38 Cm + 40 Cm,80,0,https://drive.google.com/uc?export=view&id=1GL7ZNdLB9WwB9XdQepWH4KdrzLJuCO7i
91,Seater,,,Semi-Gloss Polish,FALSE,,BTP.82.24,STOOL TOP POLISH,37 Cm + 30 Cm + 40 Cm,96,1,https://drive.google.com/uc?export=view&id=1kCmu53uD9y5FOJupfI8Iq7uefoeCVkQW
92,Living Room,,,Semi-Gloss Polish,FALSE,,CFTP.2290.23,ROUND COFFEE TABLE,72 Cm + 68 Cm + 5 Cm,43,1,https://drive.google.com/uc?export=view&id=1uK_zi7L2rFQWZKGBjlNNS8QjN_UXqCm1
93,Living Room,,,Semi-Gloss Polish,FALSE,,CFTP.2288.23,ROUND COFFEE TABLE,77 Cm + 64 Cm + 5.5 Cm,45,1,https://drive.google.com/uc?export=view&id=1wJgr6qq2dCQL_O2jVn3beBjFkrMQQvm7
94,Living Room,,,Semi-Gloss Polish,FALSE,,CFTP.2293.23,ROUND COFFEE TABLE,78 Cm + 76 Cm + 5.5 Cm,50,1,https://drive.google.com/uc?export=view&id=1rhPKTI08xm-csZlB-ZCGgjoBqZuI2PxO
95,Living Room,,,Semi-Gloss Polish,FALSE,,CFTP.2283.23,ROUND COFFEE TABLE,79 Cm + 76 Cm + 5 Cm,48,1,https://drive.google.com/uc?export=view&id=1BHvLu7-XdT7q0-Et5QKAZ8GVGutZus3H
96,Living Room,,,Semi-Gloss Polish,FALSE,,CFTP.2284.23,ROUND COFFEE TABLE,77 Cm + 66 Cm + 5 Cm,46,1,https://drive.google.com/uc?export=view&id=1PuNymE5TEwRgajKVrgrrLg5lnjpVyDGP
97,Living Room,,,Semi-Gloss Polish,FALSE,,CFTP.2285.23,ROUND COFFEE TABLE,77 Cm + 76 Cm + 5 Cm,49,1,https://drive.google.com/uc?export=view&id=1BZ50zgE4rvYkRlV0CbVzf43k7C0l8qfO
98,Living Room,,,Semi-Gloss Polish,FALSE,,CFTP.2286.23,ROUND COFFEE TABLE,85 Cm + 72 Cm + 5 Cm,48,1,https://drive.google.com/uc?export=view&id=1FzJRV6sK_WvawdARZr_VM2AEvdLEmTLm
99,Furniture,,,Semi-Gloss Polish,FALSE,,CFFPT.3.23,EAST COFFEE TABLE,66 Cm + 50 Cm + 4.5 Cm,29,0,https://drive.google.com/uc?export=view&id=1WV92jnhCo8XBEOATGUzwWKSp07eh-CEF
100,Living Room,,,Semi-Gloss Polish,FALSE,,CFFPT.23.23,EAST COFFEE TABLE,66 Cm + 51 Cm + 4 Cm,28,1,https://drive.google.com/uc?export=view&id=11N_KvG0ORktYrGFUP3yfgj-VX9FtoCbP
101,Living Room,,,Semi-Gloss Polish,FALSE,,CFFPT.30.23,EAST COFFEE TABLE,68 Cm + 50 Cm + 5.5 Cm,28,1,https://drive.google.com/uc?export=view&id=1sF8cWd1DBY6zZLewajxI_c2U6Kc4-bnC
102,Furniture,,,Semi-Gloss Polish,FALSE,,CFFPT.7.23,EAST COFFEE TABLE,64 Cm + 57 Cm + 4 Cm,24,0,https://drive.google.com/uc?export=view&id=1GkdnfilfaZf6ra-Ner6j4cChKg1xqRId
103,Furniture,,,Semi-Gloss Polish,FALSE,,CFFPT.8.22,EAST COFFEE TABLE,67 Cm + 52 Cm + 6 Cm,35,0,https://drive.google.com/uc?export=view&id=1Xbgxtq5d9dzZqdbwg2-B_D0f0P0ZpfGs
104,Living Room,,,Semi-Gloss Polish,FALSE,,CFFPT.625.24,EAST COFFEE TABLE,80 Cm + 49 Cm + 4 Cm,34,1,https://drive.google.com/uc?export=view&id=1qCccS239hcoUsBF1vzWewI9v2eWjfr1_
105,Living Room,,,Semi-Gloss Polish,FALSE,,CFFPT.646.24,EAST COFFEE TABLE,76 Cm + 48 Cm + 4 Cm,27,1,https://drive.google.com/uc?export=view&id=1v8WOq0FvsTGd16-Cn1JE5e85O6-TyTNg
106,Living Room,,,Semi-Gloss Polish,FALSE,,CFFPT.622.24,EAST COFFEE TABLE,77 Cm + 48 Cm + 4 Cm,36,1,https://drive.google.com/uc?export=view&id=13mT4E_Tu0TLc_AI7uegEE4872xr4oyvQ
107,Living Room,,,Semi-Gloss Polish,FALSE,,CFFPT.649.24,EAST COFFEE TABLE,77 Cm + 49 Cm + 4.5 Cm,34,1,https://drive.google.com/uc?export=view&id=1bIfh34jgxIzA5rBpC6CC_Gu-ZxPM2rRQ
108,Furniture,,,Semi-Gloss Polish,FALSE,,CFFPT.628.24,EAST COFFEE TABLE,76 Cm + 49 Cm + 5 Cm,31,0,https://drive.google.com/uc?export=view&id=1r9h6AvuQy7egeDLfA9M7tFQbihH-pE-L
109,Furniture,,,Semi-Gloss Polish,FALSE,,SBTP.1156.23,ROUND DINING TABLE,180 Cm + 147 Cm + 6 Cm,278,0,https://drive.google.com/uc?export=view&id=1Nms-5LS56q9ATkftVO02emRIX1VqMvue
110,Furniture,,,Semi-Gloss Polish,FALSE,,SBTP.911.23,ROUND DINING TABLE,165 Cm + 145 Cm + 6.5 Cm,307,0,https://drive.google.com/uc?export=view&id=1YZs8d7--oVRPxNkujOrPPXP14242lKr9
111,Furniture,,,Semi-Gloss Polish,FALSE,,CFTP.245.23,ROUND COFFEE TABLE,70 Cm + 65 Cm + 4.5 Cm,28,0,https://drive.google.com/uc?export=view&id=1LXRFr86XPf1wByPdoIhNBoLBiPi3U23n
112,Furniture,,,Semi-Gloss Polish,FALSE,,CFTPN.001,SLICE SIDE TABLE,46 Cm + 36 Cm + 4 Cm,10,1,https://drive.google.com/uc?export=view&id=1n2rLtfuKE_w0nPdu_tiCnCr3lfmqIoKN
113,Furniture,,,Semi-Gloss Polish,FALSE,,CFTPN.002,SLICE SIDE TABLE,45 Cm + 35 Cm + 4 Cm,12,1,https://drive.google.com/uc?export=view&id=1oREPn_uFfux7QmmQTUXW12LioK91_Z7T
114,Furniture,,,Semi-Gloss Polish,FALSE,,BFP.1303.24,STOOL FULL POLISH,35 Cm + 34 Cm + 40 Cm,88,0,https://drive.google.com/uc?export=view&id=1syamI2pe_LZ3i94rhlsJ_dll8T4hEMqm
115,Furniture,,,Semi-Gloss Polish,FALSE,,BFP.1331.24,STOOL FULL POLISH,30 Cm + 29 Cm + 40 Cm,65,0,https://drive.google.com/uc?export=view&id=1fLy5TIJhs-SnSLOylwCIF77eyL1P9AkS
116,Furniture,,,Semi-Gloss Polish,FALSE,,CFTP.553.24,SLICE COFFEE TABLE,53 Cm + 39 Cm + 4 Cm,14,0,https://drive.google.com/uc?export=view&id=1j8vweSYChr4Tu6AZvftAgc1qryTL-NCF
117,Furniture,,,Semi-Gloss Polish,FALSE,,BFP.1873.22,STOOL FULL POLISH,39 Cm + 27 Cm + 42 Cm,100,0,https://drive.google.com/uc?export=view&id=1ybfNs1dAdHEOUl9f3CPofMIf0yytH7nw
118,Furniture,,,Semi-Gloss Polish,FALSE,,BFP.1054.24,STOOL FULL POLISH,32 Cm + 31 Cm + 40 Cm,69,0,https://drive.google.com/uc?export=view&id=1Cxn7aIbydqeQ2U48kylSV5qS95FTWYJA
119,Living Room,,,Semi-Gloss Polish,FALSE,,CFTPN.003,ROUND SLICE COFFEE TABLE,53 Cm + 39 Cm + 4 Cm,14,1,https://drive.google.com/uc?export=view&id=1RZZBQAxKnlr6naX6cr661ZJuXYangZl7
120,Furniture,,,Semi-Gloss Polish,FALSE,,CFTPN.004,SLICE COFFEE TABLE,53 Cm + 39 Cm + 4 Cm,14,0,https://drive.google.com/uc?export=view&id=1QbrUuYhs8TxrhYRlHNWVEXNdY5pRyKBM
121,Furniture,,,Semi-Gloss Polish,FALSE,,BTP.262.24,STOOL TOP POLISH,46 Cm + 24 Cm + 41 Cm,86,0,https://drive.google.com/uc?export=view&id=11a1l_t0gDV__ZMbk7OXix5TIdgDgJL5e
122,Living Room,,,Semi-Gloss Polish,FALSE,,CFFPTN.001,EAST COFFEE TABLE,80 Cm + 48 Cm + 4 Cm,38,1,https://drive.google.com/uc?export=view&id=1misx17ZcL-mG34mlgg0zx1TtHcmxgXgf
123,Furniture,,,Semi-Gloss Polish,FALSE,,CFFPTN.002,EAST COFFEE TABLE,80 Cm + 46 Cm + 4 Cm,30,0,https://drive.google.com/uc?export=view&id=1qOk1TDKm9s6kwpDm94ILUXwWP6TNsksd
124,Furniture,,,Semi-Gloss Polish,FALSE,,BFP.1005.23,STOOL FULL POLISH,32 Cm + 30 Cm + 40 Cm,65,0,https://drive.google.com/uc?export=view&id=1tLd_nwAesOomS1BHEceyYSffJDZwFUnB
125,Living Room,,,Semi-Gloss Polish,FALSE,,CFFPTN.003,EAST COFFEE TABLE,77 Cm + 49 Cm + 4 Cm,30,1,https://drive.google.com/uc?export=view&id=1RYIrLexqcictq7IaCBjuRO1u0PIuZfbU
126,Furniture,,,Semi-Gloss Polish,FALSE,,BFP.1299.24,STOOL FULL POLISH,30 Cm + 28 Cm + 40 Cm,63,0,https://drive.google.com/uc?export=view&id=189eIICgswTja--F0JT4JV8VoseHz6pOH
127,Living Room,,,Semi-Gloss Polish,FALSE,,CFFPTN.004,EAST COFFEE TABLE,77 Cm + 48 Cm + 4 Cm,30,1,https://drive.google.com/uc?export=view&id=1r-s_w0TajIPkWyVlZoPQCdNdTNR_dHAX
128,Furniture,,,Semi-Gloss Polish,FALSE,,BFP.1306.24,STOOL FULL POLISH,35 Cm + 35 Cm + 40 Cm,83,0,https://drive.google.com/uc?export=view&id=1P2MsQusOUEpkbNxR7P8dKyTKp2qggUjU
129,Furniture,,,Semi-Gloss Polish,FALSE,,CFTPN.005,SLICE SIDE TABLE,40 Cm + 31 Cm + 4 Cm,9,1,https://drive.google.com/uc?export=view&id=1RuDZhryXtfbUcWq5uTI2XPJMr-F__I4m
130,Furniture,,,Semi-Gloss Polish,FALSE,,CFTPN.006,SLICE SIDE TABLE,42 Cm + 34 Cm + 4 Cm,12,1,https://drive.google.com/uc?export=view&id=1JMNmJFDZ3KqzMBa6CC6b3RwN-YP4hS--
131,Seater,,,Semi-Gloss Polish,FALSE,,BFP.1865.22,STOOL FULL POLISH,34 Cm + 28 Cm + 46 Cm,85,1,https://drive.google.com/uc?export=view&id=1_RfOKCtgOL5wzVGtfzsWgdMQOZl2TXl8
132,Furniture,,,Semi-Gloss Polish,FALSE,,CFPTN.007,SLICE SIDE TABLE,36 Cm + 26 Cm + 4 Cm,9,1,https://drive.google.com/uc?export=view&id=1ejDAEV3-l_oh-d7xrkAM6mIkhlFEllzg
133,Furniture,,,Semi-Gloss Polish,FALSE,,CFPTN 008,SLICE SIDE TABLE,44 Cm + 34 Cm + 4 Cm,12,1,https://drive.google.com/uc?export=view&id=1rMcbq7xhIIvkg6v_Wa9WvQ9Ihnnki7km
134,Furniture,,,Semi-Gloss Polish,FALSE,,BFP.1429.22,STOOL FULL POLISH,44 Cm + 36 Cm + 45 Cm,146,0,https://drive.google.com/uc?export=view&id=1QRMPPjieyMjJUI-SeVVx0ci07xCChf5H
135,Furniture,,,Semi-Gloss Polish,FALSE,,CFTPN.009,SLICE SIDE TABLE,36 Cm + 25 Cm + 4 Cm,9,1,https://drive.google.com/uc?export=view&id=1X1PMoY_UPPZda2HXPtUmaM28xK9Dd9kj
136,Furniture,,,Semi-Gloss Polish,FALSE,,CFTPN.010,SLICE SIDE TABLE,44 Cm + 35 Cm + 4 Cm,12,1,https://drive.google.com/uc?export=view&id=1YnBzr2cZnqBOgNXCGLnZRbj8G7mYYg48
137,Furniture,,,Semi-Gloss Polish,FALSE,,BFP.1537.22,STOOL FULL POLISH,32 Cm + 32 Cm + 45 Cm,94,0,https://drive.google.com/uc?export=view&id=11wHyezRaLIfj-KORGv8FIbt6XqNx3l93
138,Furniture,,,Semi-Gloss Polish,FALSE,,CFTPN.011,SLICE SIDE TABLE,42 Cm + 35 Cm + 4 Cm,10,1,https://drive.google.com/uc?export=view&id=1Ue_V72XcuR-OJhSwBco9syltExwfB7wu
139,Furniture,,,Semi-Gloss Polish,FALSE,,BFP.515.24,STOOL FULL POLISH,30 Cm + 26 Cm + 40 Cm,57,0,https://drive.google.com/uc?export=view&id=1FEmkaDSouDBjmAsHXQAIrtwrOwtwbE_p
140,Furniture,,,Semi-Gloss Polish,FALSE,,CFTPN.012,SLICE SIDE TABLE,42 Cm + 35 Cm + 4 Cm,12,1,https://drive.google.com/uc?export=view&id=1pKy3twlNjSj3C7Kp6anqVYn-35W0sQlW
141,Furniture,,,Semi-Gloss Polish,FALSE,,BFP.520.24,STOOL FULL POLISH,35 Cm + 26 Cm + 45 Cm,80,1,https://drive.google.com/uc?export=view&id=13o1U5ZuwMje2kMDGxSh_2hblqTpT61iW
142,Living Room,,,Semi-Gloss Polish,FALSE,,SBTPN.009,ROUND COFFEE TABLE,88 Cm + 53 Cm + 6 Cm,70,1,https://drive.google.com/uc?export=view&id=1iUmkp-qiLilIOx1jpghIO_qgq0yq6i0k
143,Seater,,,Semi-Gloss Polish,FALSE,,BFP.564.24,STOOL FULL POLISH,35 Cm + 29 Cm + 45 Cm,96,1,https://drive.google.com/uc?export=view&id=1SkefRlAn4OyZjy1TSIyNXL-csZ4ehaX3
144,Living Room,,,Semi-Gloss Polish,FALSE,,CFTP.2289.23,ROUND COFFEE TABLE,80 Cm + 67 Cm + 5 Cm,51,1,https://drive.google.com/uc?export=view&id=1CYgjKHp08uyetS8sN0oCcde2PQ5eACA4
145,Living Room,,,Semi-Gloss Polish,FALSE,,CFTPN.013,ROUND COFFEE TABLE,76 Cm + 68 Cm + 5 Cm,50,1,https://drive.google.com/uc?export=view&id=1Z0nVVwSvCnshMIKyAovHVYCecDPipQ66
146,Living Room,,,Semi-Gloss Polish,FALSE,,CFFPT.12.23,EAST COFFEE TABLE,70 Cm + 43 Cm + 4 Cm,25,1,https://drive.google.com/uc?export=view&id=15CPXIAFQGCXD5Wkf2_-tCk76TBSB8fgA
147,Living Room,,,Semi-Gloss Polish,FALSE,,CFFPT.32.23,EAST COFFEE TABLE,70 Cm + 42 Cm + 6 Cm,33,1,https://drive.google.com/uc?export=view&id=1tmj0D-0JVlI_LTAB8NR8gpTLHHmrvCen
148,Furniture,,,Semi-Gloss Polish,FALSE,,BFP.455.24,STOOL FULL POLISH,34 Cm + 24 Cm + 46 Cm,79,1,https://drive.google.com/uc?export=view&id=1TDVbQz9pTrxNCwhY0wCGwaNGRW1xrYCf
149,Furniture,,,Semi-Gloss Polish,FALSE,,CFFPT.31.23,EAST COFFEE TABLE,68 Cm + 44 Cm + 5.5 Cm,31,0,https://drive.google.com/uc?export=view&id=1z8WBjFz9fnnzapHoE_js8UxIFDSiOZox
150,Furniture,,,Semi-Gloss Polish,FALSE,,BFP.1332.23,STOOL FULL POLISH,41 Cm + 37 Cm + 45 Cm,137,0,https://drive.google.com/uc?export=view&id=1sroqw1v1-WU6dZqY3qXF42gRZm6FKB_5
151,Furniture,,,Semi-Gloss Polish,FALSE,,SBTP.1154.23,ROUND DINING TABLE,179 Cm + 143 Cm + 6 Cm,293,0,https://drive.google.com/uc?export=view&id=1IdnfvNybkwWEaqwNBNYvppVAM1cn-x93
152,Furniture,,,Semi-Gloss Polish,FALSE,,BK.243.22,STOOL SQUARE,30 Cm + 30 Cm + 40 Cm,90,0,https://drive.google.com/uc?export=view&id=1_2ksRYeKJXEE_TXwWtFjvudxBICZ-uxu
153,Furniture,,,Semi-Gloss Polish,FALSE,,SBTP.226.24,ROUND COFFEE TABLE,141 Cm + 114 Cm + 6 Cm,175,0,https://drive.google.com/uc?export=view&id=1EJMoLwENNhCZjWdIKSABMivH9hKvYEkp
154,Furniture,,,Semi-Gloss Polish,FALSE,,CFTP.557.24,ROUND COFFEE TABLE,57 Cm + 42 Cm + 4 Cm,15,0,https://drive.google.com/uc?export=view&id=1qZGQUlLXtve-DHagUnGxWZIVzs49LVox
155,Furniture,,,Semi-Gloss Polish,FALSE,,BK.234.22,STOOL SQUARE,30 Cm + 30 Cm + 40 Cm,90,0,https://drive.google.com/uc?export=view&id=1gDXktTE5P3qhAu84MlQsQrqMNk_uu_uW
156,Furniture,,,Semi-Gloss Polish,FALSE,,CFTP.556.24,ROUND COFFEE TABLE,58 Cm + 42 Cm + 4 Cm,15,0,https://drive.google.com/uc?export=view&id=1yDQlvNSh7a0dNek5fsPFn0iYK-f6A_Ck
157,Furniture,,,Semi-Gloss Polish,FALSE,,235.22,STOOL SQUARE,30 Cm + 30 Cm + 40 Cm,90,0,https://drive.google.com/uc?export=view&id=1eDxQhpmIufhticrqzKyiTqRrnyOfEc5b
158,Furniture,,,Semi-Gloss Polish,FALSE,,CFTP.558.24,ROUND COFFEE TABLE,56 Cm + 42 Cm + 4 Cm,16,0,https://drive.google.com/uc?export=view&id=178fC3Bg7lf2ik24lHqj2b6fByvY70Z3i
159,Seater,,,Semi-Gloss Polish,FALSE,,BK.240.22,STOOL SQUARE,30 Cm + 30 Cm + 40 Cm,93,1,https://drive.google.com/uc?export=view&id=1bp4sRhPenTRlHPPh2gKN0qmFg7gJ0EIp
160,Furniture,,,Semi-Gloss Polish,FALSE,,CFTP.543.24,ROUND COFFEE TABLE,61 Cm + 41 Cm + 4 Cm,16,0,https://drive.google.com/uc?export=view&id=1Ei6WtEkb_TvtZ0FE25FFmcNHhbGsBo6u
161,Furniture,,,Semi-Gloss Polish,FALSE,,CFTP.547.24,ROUND COFFEE TABLE,61 Cm + 42 Cm + 4 Cm,16,0,https://drive.google.com/uc?export=view&id=1Xr_gByjP-n0ig1CgrWxTDQBxYNW2cMow
162,Furniture,,,Semi-Gloss Polish,FALSE,,BK.255.22,STOOL SQUARE,32 Cm + 32 Cm + 45 Cm,118,0,https://drive.google.com/uc?export=view&id=1O6a6rhuVV5g4dvU6drCoxUd_VvOva2U-
163,Furniture,,,Semi-Gloss Polish,FALSE,,CFTP.545.24,ROUND COFFEE TABLE,58 Cm + 41 Cm + 4 Cm,15,0,https://drive.google.com/uc?export=view&id=1w7sOlaHFm40YPiNEybkKzUSXfIWcf6HD
164,Furniture,,,Semi-Gloss Polish,FALSE,,BK.256.22,STOOL SQUARE,32 Cm + 32 Cm + 45 Cm,119,0,https://drive.google.com/uc?export=view&id=1xAVAq7g8Dp6nxUoXq4LysciwrLjdAbUu
165,Living Room,,,Semi-Gloss Polish,FALSE,,CFTP.2291.23,ROUND COFFEE TABLE,77 Cm + 75 Cm + 5 Cm,48,1,
166,Furniture,,,Semi-Gloss Polish,FALSE,,BK.257.22,STOOL SQUARE,32 Cm + 32 Cm + 45 Cm,120,0,https://drive.google.com/uc?export=view&id=1HEOXgp1hlqUMgXBizfkosB6GzT1l9sPq
167,Living Room,,,Semi-Gloss Polish,FALSE,,CFTP.2292.23,ROUND COFFEE TABLE,76 Cm + 74 Cm + 5.5 Cm,48,1,https://drive.google.com/uc?export=view&id=13IZc4yLOqLeErJBuIRvEsJBpoTRVoay4
168,Furniture,,,Semi-Gloss Polish,FALSE,,CFTP.2297.23,ROUND COFFEE TABLE,78 Cm + 74 Cm + 5 Cm,48,0,https://drive.google.com/uc?export=view&id=1XvGz-nDUPG1cXYQ36KgNV9w2TkGPOdIO
169,Living Room,,,Semi-Gloss Polish,FALSE,,CFTP.2313.23,ROUND COFFEE TABLE,78 Cm + 77 Cm + 5 Cm,50,1,https://drive.google.com/uc?export=view&id=17iFyTRL4LgnO_3gPtQSuyjbp_ynyyq2w
170,Furniture,,,Semi-Gloss Polish,FALSE,,BFP.348.23,STOOL FULL POLISH,37 Cm + 31 Cm + 50 Cm,106,0,https://drive.google.com/uc?export=view&id=1E0IlrI_29MbrUi54lichdr2xDZEW0qH1
171,Furniture,,,Semi-Gloss Polish,FALSE,,CFFPT.5.23,EAST COFFEE TABLE,68 Cm + 42 Cm + 4 Cm,27,0,https://drive.google.com/uc?export=view&id=1Ov31VCAKaOeeQYLogA9kAMB0kmOMW-Pv
172,Furniture,,,Semi-Gloss Polish,FALSE,,CFFPT.28.23,EAST COFFEE TABLE,70 Cm + 43 Cm + 4 Cm,25,0,https://drive.google.com/uc?export=view&id=1hOaDEC3NdDByXA4gMtGeg-LKPNN_t4Ab
173,Furniture,,,Semi-Gloss Polish,FALSE,,BFP.445.23,STOOL FULL POLISH,35 Cm + 30 Cm + 50 Cm,102,0,https://drive.google.com/uc?export=view&id=1rk6bXsDq8he0BhiDMZQsQULxzYaub7d9
174,Furniture,,,Semi-Gloss Polish,FALSE,,CFFPT.4.23,EAST COFFEE TABLE,70 Cm + 44 Cm + 5 Cm,29,0,https://drive.google.com/uc?export=view&id=1GgSfX37GDsQz_jIIb00AnldDjcvA14wk
175,Furniture,,,Semi-Gloss Polish,FALSE,,BFP.368.23,STOOL FULL POLISH,36 Cm + 30 Cm + 50 Cm,108,0,https://drive.google.com/uc?export=view&id=17Aloq6_sPmp0KFebJfcibksRMLCtCval
176,Furniture,,,Semi-Gloss Polish,FALSE,,CFTPN.014,SLICE SIDE TABLE,28 Cm + 24 Cm + 2 Cm,3,1,https://drive.google.com/uc?export=view&id=1aVRXEYTd9QI1Yk1iSdKKhAvkqC0Ubb8v
177,Furniture,,,Semi-Gloss Polish,FALSE,,CFTPN.015,SLICE SIDE TABLE,28 Cm + 26 Cm + 2 Cm,3,1,https://drive.google.com/uc?export=view&id=1GuZBCwvii-VQg93GMmiboUOG0Gi5qCi4
178,Furniture,,,Semi-Gloss Polish,FALSE,,CFTPN.016,SLICE SIDE TABLE,28 Cm + 26 Cm + 2 Cm,3,1,https://drive.google.com/uc?export=view&id=10PX_dK0DqmyVWTLG788Ik31HW7JQ7ugY
179,Furniture,,,Semi-Gloss Polish,FALSE,,BFPN.006,STOOL FULL POLISH,36 Cm + 31 Cm + 45 Cm,96,0,https://drive.google.com/uc?export=view&id=1-hAhN-FBWHjYfNX3LdDthGNRIw2mIqJg
180,Furniture,,,Semi-Gloss Polish,FALSE,,CFTPK.1274.24,PALM COFFEE TABLE,58 Cm + 50 Cm + 4 Cm,23,0,https://drive.google.com/uc?export=view&id=1cU2W-7BSpjKOLfrd4DGz0grlZAcvvwUm
181,Furniture,,,Semi-Gloss Polish,FALSE,,BFPN.007,STOOL FULL POLISH,40 Cm + 30 Cm + 46 Cm,93,0,https://drive.google.com/uc?export=view&id=1JhooYXIKfEhtcn_6O5Ogyjsl6MONXR7f
182,Furniture,,,Semi-Gloss Polish,FALSE,,CFTPK.1271.24,PALM COFFEE TABLE,59 Cm + 52 Cm + 4 Cm,23,0,https://drive.google.com/uc?export=view&id=1jU9ygHXNsL-1u9bCj8-UJyftTXEuMf11
183,Furniture,,,Semi-Gloss Polish,FALSE,,BFPN.008,STOOL FULL POLISH,35 Cm + 27 Cm + 40 Cm,49,0,https://drive.google.com/uc?export=view&id=1SY_8Lqd692wlDuC1Q2BbfVjckyAV9J5F
184,Furniture,,,Semi-Gloss Polish,FALSE,,CFTPK.1272.24,PALM COFFEE TABLE,54 Cm + 44 Cm + 4 Cm,18,0,https://drive.google.com/uc?export=view&id=1EQ5zfEz3AQDXxVn2PHtuvPj2bVxfPNMG
185,Furniture,,,Semi-Gloss Polish,FALSE,,BFPN.009,STOOL FULL POLISH,32 Cm + 25 Cm + 39 Cm,42,0,https://drive.google.com/uc?export=view&id=1w2U1m5DCDn_RXEEaPKQTKeCREyMp0xx4
186,Furniture,,,Semi-Gloss Polish,FALSE,,CFTPN.017,SLICE SIDE TABLE,36 Cm + 28 Cm + 3 Cm,6,1,https://drive.google.com/uc?export=view&id=1rU2yyl44wrEbMy98TjX2UpTHiX2KKO_B
187,Furniture,,,Semi-Gloss Polish,FALSE,,CFTPN.018,SLICE SIDE TABLE,42 Cm + 35 Cm + 3.5 Cm,8,1,https://drive.google.com/uc?export=view&id=1cqq3j0fpaAgrvqKIjyXt0k60-6FdMpsM
188,Furniture,,,Semi-Gloss Polish,FALSE,,CFTPN.019,SLICE SIDE TABLE,35 Cm + 26 Cm + 3.5 Cm,6,1,https://drive.google.com/uc?export=view&id=171xZ5yiRb_SakjxfB1JsTmjmj2RgYFET
189,Furniture,,,Semi-Gloss Polish,FALSE,,BFPN.010,STOOL FULL POLISH,29 Cm + 25 Cm + 38 Cm,47,1,https://drive.google.com/uc?export=view&id=1rkp2wKLJvXqYZQSzD_z2gonz-hLc3XU4
190,Furniture,,,Semi-Gloss Polish,FALSE,,CFTPN.,SLICE SIDE TABLE,42 Cm + 35 Cm + 4 Cm,10,1,https://drive.google.com/uc?export=view&id=1h5GGqIueQZLLey4c1SDEXTSvsx-FFO_g
191,Furniture,,,Semi-Gloss Polish,FALSE,,BFPN.011,STOOL FULL POLISH,36 Cm + 31 Cm + 50 Cm,98,1,https://drive.google.com/uc?export=view&id=1k32Dji3P1588ns-3yjAnD76mufSaKlCg
192,Furniture,,,Semi-Gloss Polish,FALSE,,CFTPN.021,SLICE SIDE TABLE,37 Cm + 27 Cm + 3.5 Cm,6,1,https://drive.google.com/uc?export=view&id=12xyPQYL3UgvJ_9-XVrL8ha6Y_2aJWTSH
193,Furniture,,,Semi-Gloss Polish,FALSE,,CFTPN.022,SLICE SIDE TABLE,43 Cm + 33 Cm + 4 Cm,10,1,https://drive.google.com/uc?export=view&id=1wxNyRVlLvrxAOdOj9zBSR033ZG2mf-oA
194,Furniture,,,Semi-Gloss Polish,FALSE,,BFP.1888.22,STOOL FULL POLISH,38 Cm + 35 Cm + 41 Cm,105,0,https://drive.google.com/uc?export=view&id=1o72wmTqPYysRzZIy_Qe3fV3MZn7dZddn
195,Furniture,,,Semi-Gloss Polish,FALSE,,CFTP.795.24,ROUND COFFEE TABLE,66 Cm + 59 Cm + 4 Cm,30,0,https://drive.google.com/uc?export=view&id=18spbOA3dOfrOOd-7cRtEom8nHBGyKQdG
196,Furniture,,,Semi-Gloss Polish,FALSE,,CFTP.794.24,ROUND COFFEE TABLE,66 Cm + 60 Cm + 4 Cm,34,0,https://drive.google.com/uc?export=view&id=1egThlrHP0ha245R6Ly68PGkSe5yOsSHW
197,Dining Room,,,Semi-Gloss Polish,FALSE,,SBTP.1220.22,ROUND DINING TABLE,172 Cm + 135 Cm + 6 Cm,230,1,https://drive.google.com/uc?export=view&id=1AX59QYCAhWEyWYMzieSbxpyQov37yUSj
198,Furniture,,,Semi-Gloss Polish,FALSE,,CFTPK.187.23,PALM COFFEE TABLE,70 Cm + 60 Cm + 4 Cm,34,0,https://drive.google.com/uc?export=view&id=12lNvmN6mj58HywBnYZXwtyeM2n7xJobO
199,Furniture,,,Semi-Gloss Polish,FALSE,,CFTPK.189.23,PALM COFFEE TABLE,63 Cm + 55 Cm + 4 Cm,27,0,https://drive.google.com/uc?export=view&id=1sQzL5rnaVkiD9sYBYj6UBh2mwpqDOGYE
200,Furniture,,,Semi-Gloss Polish,FALSE,,CFTPK.186.23,PALM COFFEE TABLE,60 Cm + 55 Cm + 4 Cm,30,0,https://drive.google.com/uc?export=view&id=1GROyRYghQIOmMQptDFRS7M4Bq3kZnYs4
201,Furniture,,,Semi-Gloss Polish,FALSE,,BTPN.011,STOOL TOP POLISH,34 Cm + 33 Cm + 45 Cm,88,0,https://drive.google.com/uc?export=view&id=1Al0O_nuSTupIMKK49Of71iEG7bvjZrGc
202,Furniture,,,Semi-Gloss Polish,FALSE,,SBTPT.2.23,EAST COFFEE TABLE,99 Cm + 86 Cm + 20 Cm,282,0,https://drive.google.com/uc?export=view&id=17WTIYmUdk0lukBCdORnRI9BK4ZPENRXN
203,Furniture,,,Semi-Gloss Polish,FALSE,,SBTPT.6.23,EAST COFFEE TABLE,99 Cm + 86 Cm + 20 Cm,268,0,https://drive.google.com/uc?export=view&id=1ejZBOy6UyxXUOyiotuOkoToXk7UVwaqp
204,Furniture,,,Semi-Gloss Polish,FALSE,,BKSN.001,BACKREST,60 Cm + 57 Cm + 69 Cm,266,0,https://drive.google.com/uc?export=view&id=1VyeneCRoisPIJIpnIjbymZUJnr0nTdJo
205,Furniture,,,Semi-Gloss Polish,FALSE,,BKSN.002,BACKREST,58 Cm + 57 Cm + 73 Cm,260,0,https://drive.google.com/uc?export=view&id=1ig5NBOyrpPcgefIH1dlY5AlO67x-FLLK
206,Furniture,,,Semi-Gloss Polish,FALSE,,BKSN.003,BACKREST,60 Cm + 56 Cm + 70 Cm,270,-1,https://drive.google.com/uc?export=view&id=1MuiI1ds1gDkOfsQbB7l9DMzNI56opewx
207,Furniture,,,Semi-Gloss Polish,FALSE,,BKSN.004,PW BACKREST,61 Cm + 56 Cm + 71 Cm,318,0,https://drive.google.com/uc?export=view&id=1jehWI1qeph1iep8WqSTkaNqhYBHz4zAL
208,Furniture,,,Semi-Gloss Polish,FALSE,,BKSN.005,BACKREST,63 Cm + 61 Cm + 73 Cm,319,0,https://drive.google.com/uc?export=view&id=1FHPxtpcqzx-dEuNofnUDBZJaZm8MPtP5
209,Furniture,,,Semi-Gloss Polish,FALSE,,BKSN.006,BACKREST,63 Cm + 60 Cm + 70 Cm,328,0,https://drive.google.com/uc?export=view&id=19cgZa9hBe3conO6oizPkijPxfgFESFej
210,Bathub,,,Semi-Gloss Polish,FALSE,,WSTT.5.24,PEDESTAL SINK,48 Cm + 41 Cm + 91 Cm,262,0,https://drive.google.com/uc?export=view&id=1jdywr9IZUPBrTd6YNGeM6b5Z7hVcPen1
211,Bathub,,,Semi-Gloss Polish,FALSE,,WSTT.2.24,PEDESTAL SINK,44 Cm + 36 Cm + 90 Cm,170,0,https://drive.google.com/uc?export=view&id=15wtULgg6ctijp1Iyj10CG2bmrjKmFOQE
212,Furniture,,,Semi-Gloss Polish,FALSE,,CFTP.799.24,ROUND COFFEE TABLE,67 Cm + 58 Cm + 4 Cm,37,0,https://drive.google.com/uc?export=view&id=1XfWrFpfrHtx_sYr70ZTU4XNzh-k-7w-B
213,Bathub,,,Semi-Gloss Polish,FALSE,,WSTT.7.24,PEDESTAL SINK,47 Cm + 39 Cm + 91 Cm,210,1,https://drive.google.com/uc?export=view&id=1B2ysU0SUCW3vMp7GssqpxnOtP9meX3P5
214,Furniture,,,Semi-Gloss Polish,FALSE,,CFTP.797.24,ROUND COFFEE TABLE,67 Cm + 60 Cm + 4.5 Cm,36,0,https://drive.google.com/uc?export=view&id=1Yt2XIFmjfcu2DDN_EP_SCbEBB1_D0kko
215,Furniture,,,Semi-Gloss Polish,FALSE,,CFFPT.626.24,EAST COFFEE TABLE,78 Cm + 47 Cm + 4.5 Cm,29,0,https://drive.google.com/uc?export=view&id=1yFqGfC3ukgol7388jpoZGFkRI87Rvi7L
216,Bathub,,,Semi-Gloss Polish,FALSE,,WSTT.9.24,PEDESTAL SINK,51 Cm + 37 Cm + 91 Cm,248,1,https://drive.google.com/uc?export=view&id=1zds75D2qaHPmI-oFWxkfRV93d7_lYBXH
217,Living Room,,,Semi-Gloss Polish,FALSE,,CFFPT.645.24,EAST COFFEE TABLE,76 Cm + 47 Cm + 4.5 Cm,28,1,https://drive.google.com/uc?export=view&id=17wD77jn3f3zlVIRH5wvL53g192NkHiDq
218,Furniture,,,Semi-Gloss Polish,FALSE,,SBTP.1155.23,ROUND DINING TABLE,180 Cm + 146 Cm + 6 Cm,293,0,https://drive.google.com/uc?export=view&id=16-VIJvmeiwRQ4QFJWIEbLUrcir3CjcLU
219,Dining Room,,,Semi-Gloss Polish,FALSE,,SBTP.465.24,GIANT DINING TABLE,234 Cm + 137 Cm + 6 Cm,343,-1,https://drive.google.com/uc?export=view&id=1eFM3dkIjnnVjVW4H3Uz3CcgVIxK7zDHN
220,Living Room,,,Semi-Gloss Polish,FALSE,,CFTPK.445.24,PALM COFFEE TABLE,49 Cm + 42 Cm + 3 Cm,12,1,https://drive.google.com/uc?export=view&id=109YH-reMXbNt2AvkxWdOzKTe_NHIn1WB
221,Living Room,,,Semi-Gloss Polish,FALSE,,CFTPK.455.24,PALM COFFEE TABLE,51 Cm + 43 Cm + 4 Cm,18,1,https://drive.google.com/uc?export=view&id=1Z4ad-Xh3baC0dR5-Q4CkA1kz8OI3qQQ3
222,Living Room,,,Semi-Gloss Polish,FALSE,,CFTPK.453.24,PALM COFFEE TABLE,50 Cm + 41 Cm + 3 Cm,12,1,https://drive.google.com/uc?export=view&id=1SQSxfoPkIAyXQZvl5REXDELx2huIWPaW
223,Living Room,,,Semi-Gloss Polish,FALSE,,CFTPK.426.24,PALM COFFEE TABLE,47 Cm + 41 Cm + 4 Cm,16,1,https://drive.google.com/uc?export=view&id=1PUmRaxPgfYYAiFi-TY3IyrHJvIsXfR5e
224,Living Room,,,Semi-Gloss Polish,FALSE,,CFTPK.458.24,PALM COFFEE TABLE,46 Cm + 40 Cm + 3 Cm,11,1,https://drive.google.com/uc?export=view&id=1g09pYQWvXtR1BRpwITBpI8L-exOEdKUg
225,Living Room,,,Semi-Gloss Polish,FALSE,,CFTPK.446.24,PALM COFFEE TABLE,48 Cm + 41 Cm + 4 Cm,15,1,https://drive.google.com/uc?export=view&id=1FQVcqIB3TKPvVB6T6beGxXxiu62RkFa0
226,Furniture,,,Semi-Gloss Polish,FALSE,,SBTP.1159.23,ROUND DINING TABLE,180 Cm + 144 Cm + 6 Cm,274,0,https://drive.google.com/uc?export=view&id=1JKh9UqECWVEaJ6tKThy-RhCOcuWnRNcA
227,Living Room,,,Semi-Gloss Polish,FALSE,,SBTP.717.24,ROUND COFFEE TABLE,93 Cm + 67 Cm + 6 Cm,70,1,
228,Living Room,,,Semi-Gloss Polish,FALSE,,SBTP.222.24,ROUND COFFEE TABLE,96 Cm + 67 Cm + 6 Cm,66,1,https://drive.google.com/uc?export=view&id=1mnFC51PRbCRQ8uwTnap57iMHvRX_2hPP
229,Furniture,,,Semi-Gloss Polish,FALSE,,CFTP.1192.21,ROUND COFFEE TABLE,52 Cm + 46 Cm + 5 Cm,24,0,https://drive.google.com/uc?export=view&id=1jRjv-0M1_XcrVbKWEDA_yl8ajkUGzziF
230,Dining Room,,,Semi-Gloss Polish,TRUE,,145.23,DINING TABLE,300 Cm + 122 Cm + 7 Cm,590,1,https://drive.google.com/uc?export=view&id=1xj4Tl7m0UAJKh6UjrRDM3_zEi2JcxEPl
231,Furniture,,,Semi-Gloss Polish,FALSE,,SPTP.147.22,CONSOLE TOP POLISH,173 Cm + 50 Cm + 4 Cm,107,0,https://drive.google.com/uc?export=view&id=1fArUMc26bs8sKKzhwVqbYWhS9120CK1q
232,Furniture,,,Semi-Gloss Polish,FALSE,,SPTP.135.24,CONSOLE FULL POLISH,216 Cm + 51 Cm + 4 Cm,102,0,https://drive.google.com/uc?export=view&id=1ZGK6n9d9BDLereSAXfiqlNOZGV0YelKU
233,Furniture,,,Semi-Gloss Polish,FALSE,,SPTP.139.24,CONSOLE FULL POLISH,226 Cm + 59 Cm + 4 Cm,118,0,https://drive.google.com/uc?export=view&id=1wiU9Z6FjfvuZMF_mUA3nTJaAtLId9Tp7
234,Furniture,,,Semi-Gloss Polish,FALSE,,SPTP.137.24,CONSOLE FULL POLISH,224 Cm + 59 Cm + 5 Cm,128,0,https://drive.google.com/uc?export=view&id=1OwDYD2YhZ06OMlgCXB5twofvm639xxT9
235,Furniture,,,Semi-Gloss Polish,FALSE,,SPTP.138.24,CONSOLE TOP POLISH,216 Cm + 48 Cm + 4 Cm,95,0,https://drive.google.com/uc?export=view&id=1vZ3YCsm6eUSRX4-QSICqprqoN4z64hAH
236,Furniture,,,Semi-Gloss Polish,FALSE,,SPTP.228.21,CONSOLE TOP POLISH,173 Cm + 63 Cm + 5 Cm,114,0,https://drive.google.com/uc?export=view&id=1ErVj5F085ghaomFRoFOl6vCvSmXSGInv
237,Furniture,,,Semi-Gloss Polish,FALSE,,SPTP.164.23,CONSOLE FULL POLISH,154 Cm + 55 Cm + 4 Cm,81,1,https://drive.google.com/uc?export=view&id=1-keKgOTS2kj6P6FUN1WHBgfuYl3yTtPE
238,Furniture,,,Semi-Gloss Polish,FALSE,,SPFPJ.1.23,CONSOLE JOINT FULL POLISH,200 Cm + 45 Cm + 5 Cm,96,1,https://drive.google.com/uc?export=view&id=17l0Eh4UhNBLaeyAKqte2XQgdd3chZzCN
239,Furniture,,,Semi-Gloss Polish,FALSE,,CFTP.3139.21,ROUND COFFEE TABLE,73 Cm + 65 Cm + 4.5 Cm,42,0,https://drive.google.com/uc?export=view&id=1QIdIATxpiMgKIsE8UStHh-uSxM36QqhJ
240,Furniture,,,Semi-Gloss Polish,FALSE,,SPTPN.001,CONSOLE TOP POLISH,164 Cm + 49 Cm + 4 Cm,72,0,https://drive.google.com/uc?export=view&id=1erT_jFIKE3ezzmtizagiHFfunTuV_JuE
241,Furniture,,,Semi-Gloss Polish,FALSE,,CFTP.798.24,ROUND COFFEE TABLE,67 Cm + 59 Cm + 4.5 Cm,36,0,https://drive.google.com/uc?export=view&id=11VSmzt7HNTWcW5UPzktCAgksYF-1owtz
242,Furniture,,,Semi-Gloss Polish,FALSE,,SPTP.273.22,CONSOLE TOP POLISH,270 Cm + 62 Cm + 6 Cm,200,1,https://drive.google.com/uc?export=view&id=17p55ETrCgy7hm89CJhyLb7M3c6MlVTC-
243,Furniture,,,Semi-Gloss Polish,FALSE,,CFTP.1317.21,ROUND COFFEE TABLE,83 Cm + 66 Cm + 7 Cm,68,0,https://drive.google.com/uc?export=view&id=1Z1dXWUnHWgl8_LSA_m_5YDkJY2yDfSoJ
244,Furniture,,,Semi-Gloss Polish,FALSE,,SPTPAR.001,CONSOLE AR,162 Cm + 30 Cm + 73 Cm,50,1,https://drive.google.com/uc?export=view&id=1MF1weT0RnPQ_6e4PFNkdkZ_gmLeg0mhD
245,Living Room,,,Semi-Gloss Polish,FALSE,,CFTP.2269.23,ROUND COFFEE TABLE,80 Cm + 76 Cm + 5 Cm,50,1,https://drive.google.com/uc?export=view&id=1hKVziY-q73hwKFETMXXftkbVn76DNxdG
246,Living Room,,,Semi-Gloss Polish,FALSE,,CFTP.2270.23,ROUND COFFEE TABLE,83 Cm + 69 Cm + 5 Cm,51,1,https://drive.google.com/uc?export=view&id=1tQCJezyg0U_PLIMyyReitwx1IVsYDfHp
247,Furniture,,,Semi-Gloss Polish,FALSE,,CFTP.217.24,ROUND COFFEE TABLE,56 Cm + 50 Cm + 3 Cm,19,0,https://drive.google.com/uc?export=view&id=1gHukbK5Dt_ZcNCmi8uJ-ZsiICKu8gRVK
248,Furniture,,,Semi-Gloss Polish,FALSE,,SPTP.378.23,CONSOLE TOP POLISH,220 Cm + 55 Cm + 7 Cm,199,0,https://drive.google.com/uc?export=view&id=1-m29HkLGP3IvmQb6wZiYJ6Rv7y3N7q0C
249,Furniture,,,Semi-Gloss Polish,FALSE,,CFFP.13.23,ROUND COFFEE TABLE,47 Cm + 42 Cm + 4 Cm,14,0,https://drive.google.com/uc?export=view&id=1sV4UAcD32g52BfkfH9Xp2euvcq1Hr6wH
250,Furniture,,,Semi-Gloss Polish,FALSE,,SBTP.452.24,GIANT DINING TABLE,232 Cm + 135 Cm + 5 Cm,300,0,https://drive.google.com/uc?export=view&id=10Bxs063KYut2fKjfSWVOypj7bHT8AE9M
251,Furniture,,,Semi-Gloss Polish,FALSE,,SPTP.98.23,CONSOLE FULL POLISH,160 Cm + 70 Cm + 5 Cm,143,1,https://drive.google.com/uc?export=view&id=1cc_-_By3ZHuOKxIyJYr8LaTah7SkU58-
252,Dining Room,,,Semi-Gloss Polish,FALSE,,SBTP.451.24,ROUND DINING TABLE,247 Cm + 142 Cm + 7 Cm,485,1,https://drive.google.com/uc?export=view&id=1KFYFBxPjdiJflE_3GV-4FTnT0jSQIksF
253,Furniture,,,Semi-Gloss Polish,FALSE,,SPFPJ.2.24,DINING TABLE JOINT,240 Cm + 100 Cm + 4 Cm,192,0,https://drive.google.com/uc?export=view&id=1H74z-Ft0E1qMmSIh--GyyuZOfTf7XwV3
254,Living Room,,,Semi-Gloss Polish,FALSE,,SBTP.436.24,ROUND COFFEE TABLE,110 Cm + 83 Cm + 5.5 Cm,93,1,https://drive.google.com/uc?export=view&id=1xclWcrJOA3uRrAoBhaUbbVhNdPfB8cW8
255,Furniture,,,Semi-Gloss Polish,FALSE,,SPTP.335.23,CONSOLE TOP POLISH,250 Cm + 80 Cm + 5 Cm,140,-1,https://drive.google.com/uc?export=view&id=1O92CwodGG9bDRPHs0LOivzLJ-JxjF-vQ
256,Living Room,,,Semi-Gloss Polish,FALSE,,426.24,ROUND COFFEE TABLE,112 Cm + 89 Cm + 5 Cm,97,0,https://drive.google.com/uc?export=view&id=1kQS2d0bwjszAb0VsYgxjbpM_oujr1E3-
257,Furniture,,,Semi-Gloss Polish,FALSE,,SPTP.418.23,DINING TABLE TOP POLISH,282 Cm + 116 Cm + 6 Cm,366,-1,https://drive.google.com/uc?export=view&id=1fqxv70ILWhHqjqN6M7jo5EwcV_8qF3yz
258,Furniture,,,Semi-Gloss Polish,FALSE,,SPFPJN.001,DINING TABLE JOINT WITH BRASS,300 Cm + 100 Cm + 3 Cm,240,0,https://drive.google.com/uc?export=view&id=1r1LaYjkWlYn8CP7-6KpxvTb2madmnI4N
259,Furniture,,,Semi-Gloss Polish,FALSE,,SPFPAR.002,CONSOLE AR,163 Cm + 30 Cm + 70 Cm,50,1,https://drive.google.com/uc?export=view&id=1rzV5DH0i4b9MBVvP_LHnH3O_WeJ1M0zv
260,Furniture,,,Semi-Gloss Polish,FALSE,,SPFPAR.003,CONSOLE AR,163 Cm + 30 Cm + 70 Cm,48,1,https://drive.google.com/uc?export=view&id=14yVjifKqKZRaH3xqJUoOuWAbG_yneKb2
261,Furniture,,,Semi-Gloss Polish,FALSE,,SPFPAR.004,CONSOLE AR,163 Cm + 30 Cm + 70 Cm,49,1,https://drive.google.com/uc?export=view&id=1TziVxdrFrvnxY_UF5u6nKxxsSwcepdFP
262,Living Room,,,Semi-Gloss Polish,FALSE,,SBTPN.010,ROUND COFFEE TABLE,110 Cm + 83 Cm + 6 Cm,98,1,https://drive.google.com/uc?export=view&id=17dxlGhjg1h112GBMwmmldMs8OvQlgUYr
263,Furniture,,,Semi-Gloss Polish,FALSE,,SPFPAR.005,CONSOLE AR,163 Cm + 30 Cm + 70 Cm,48,1,https://drive.google.com/uc?export=view&id=1D1kMg3stbj5V89wnw_E_UBoTDnjCIEFc
264,Living Room,,,Semi-Gloss Polish,FALSE,,SBTPN.011,ROUND COFFEE TABLE,108 Cm + 84 Cm + 6 Cm,96,1,https://drive.google.com/uc?export=view&id=1QRBYlncAq1v-3vcJLvCXEWh1Lj6ZG14t
265,Living Room,,,Semi-Gloss Polish,FALSE,,SBTP.440.24,ROUND COFFEE TABLE,110 Cm + 83 Cm + 7 Cm,111,1,https://drive.google.com/uc?export=view&id=11DGIei_dyKTF4AYwIVVCOYlbYVKgKfwa
266,Furniture,,,Semi-Gloss Polish,FALSE,,SBTPN.12,ROUND COFFEE TABLE,112 Cm + 86 Cm + 6 Cm,114,0,https://drive.google.com/uc?export=view&id=1ra0RhdZ2qt_02ULPd5q4kKUxFMZoGi8K
267,Living Room,,,Semi-Gloss Polish,FALSE,,SPTP.275.23,RECTA COFFEE TABLE,140 Cm + 69 Cm + 5 Cm,111,1,https://drive.google.com/uc?export=view&id=17lzFHDIBmlJ27SUp8u46XKhIQJSUttB2
268,Living Room,,,Semi-Gloss Polish,FALSE,,CFTP.79.24,ROUND COFFEE TABLE,56 Cm + 47 Cm + 4.5 Cm,22,1,https://drive.google.com/uc?export=view&id=1hi5CEM-3RLSMV7wvRN3KawAJDS3w1rxN
269,Living Room,,,Semi-Gloss Polish,FALSE,,SPTP.84.23,RECTA COFFEE TABLE,152 Cm + 71 Cm + 5 Cm,130,1,https://drive.google.com/uc?export=view&id=1BwSfwD1dRyB5BnK5shWDAKOM2e1bGC77
270,Living Room,,,Semi-Gloss Polish,FALSE,,CFTP.1672.23,ROUND COFFEE TABLE,57 Cm + 46 Cm + 4 Cm,18,1,https://drive.google.com/uc?export=view&id=1xU2V958Rvv4comWuclOr9DUjhGUmPHwa
271,Living Room,,,Semi-Gloss Polish,FALSE,,CFTP.120.24,ROUND COFFEE TABLE,55 Cm + 49 Cm + 4 Cm,19,1,https://drive.google.com/uc?export=view&id=18UH_EubO8xqANFn4fB0OJau-QrmWHELg
272,Living Room,,,Semi-Gloss Polish,FALSE,,SPTP.386.23,RECTA COFFEE TABLE,161 Cm + 90 Cm + 5 Cm,190,1,https://drive.google.com/uc?export=view&id=1743JuyCk7Z2alS1wqAYAE7zVA57DSknV
273,Living Room,,,Semi-Gloss Polish,FALSE,,CFTP.56.24,ROUND COFFEE TABLE,55 Cm + 51 Cm + 4 Cm,21,1,https://drive.google.com/uc?export=view&id=18c3TkPW9Mr9NDyLjzvWGHG2lEXfgkt-n
274,Living Room,,,Semi-Gloss Polish,FALSE,,CFTP.74.24,ROUND COFFEE TABLE,53 Cm + 50 Cm + 4 Cm,20,1,https://drive.google.com/uc?export=view&id=1CfxqOQPSeZkSTxgh990m0UlmKk66oPZP
275,Living Room,,,Semi-Gloss Polish,FALSE,,SPTP.387.23,RECTA COFFEE TABLE,161 Cm + 93 Cm + 6 Cm,205,1,https://drive.google.com/uc?export=view&id=14jOu7ibh-aGuil56V5nt67x2QIQ7ollC
276,Living Room,,,Semi-Gloss Polish,FALSE,,SPFP.99.22,RECTA COFFEE TABLE,160 Cm + 70 Cm + 5 Cm,145,1,https://drive.google.com/uc?export=view&id=1wtUzmNrChaZOjEF8kAPNjBh8DshPgyDM
277,Living Room,,,Semi-Gloss Polish,FALSE,,CFTP.5.24,ROUND COFFEE TABLE,59 Cm + 54 Cm + 4 Cm,22,1,https://drive.google.com/uc?export=view&id=1-vop1-rrigSRuoCxkf0X0dMpBDC_ng6q
278,Living Room,,,Semi-Gloss Polish,FALSE,,SPTP.384.23,RECTA COFFEE TABLE,140 Cm + 70 Cm + 6 Cm,125,1,https://drive.google.com/uc?export=view&id=1z_sNTsMPiNRZ2h6LSf_FKmWAQ1oe3JsA
279,Living Room,,,Semi-Gloss Polish,FALSE,,CFTP.1748.22,ROUND COFFEE TABLE,76 Cm + 52 Cm + 5 Cm,35,1,https://drive.google.com/uc?export=view&id=1jvkQ8RJR7N_iIWmR4TMD7OnQ8tMmCT1-
280,Living Room,,,Semi-Gloss Polish,FALSE,,SPFPJ.37.24,RECTA COFFEE TABLE JOINT,180 Cm + 90 Cm + 4 Cm,162,1,https://drive.google.com/uc?export=view&id=1aZqgzwrPxtsjTSYyqdLuueqfD2wMABQo
281,Living Room,,,Semi-Gloss Polish,FALSE,,CFTP.78.24,ROUND COFFEE TABLE,55 Cm + 51 Cm + 4 Cm,20,1,https://drive.google.com/uc?export=view&id=14HS6TZgLhxFCVuQC4mwvmQJeVYuGrD0U
282,Living Room,,,Semi-Gloss Polish,FALSE,,SPTPJ.52.22,RECTA COFFEE TABLE JOINT,160 Cm + 71 Cm + 5 Cm,135,1,https://drive.google.com/uc?export=view&id=1nJqnGnWNDitqoe-K5vUUwqq5VtcTeOup
283,Living Room,,,Semi-Gloss Polish,FALSE,,CFTP.121.24,ROUND COFFEE TABLE,56 Cm + 47 Cm + 4 Cm,21,1,https://drive.google.com/uc?export=view&id=1vC9dlu_d9N7KBAbclc4NgfgcuKWyVzd1
284,Furniture,,,Semi-Gloss Polish,FALSE,,SPTP.331.22,RECTA COFFEE TABLE,184 Cm + 75 Cm + 5 Cm,150,0,https://drive.google.com/uc?export=view&id=1ij07FgZntdq5T4LXPKQBO18s9kL4qTiL
285,Furniture,,,Semi-Gloss Polish,FALSE,,SPTP.327.22,RECTA COFFEE TABLE,185 Cm + 74 Cm + 5 Cm,144,0,https://drive.google.com/uc?export=view&id=1FNYoHkVaenMA07nCu3mROb0A07KGj4G-
286,Living Room,,,Semi-Gloss Polish,FALSE,,CFTP.76.24,ROUND COFFEE TABLE,54 Cm + 50 Cm + 4 Cm,19,1,https://drive.google.com/uc?export=view&id=1bqw4LYXrgsl5asNXn5W9p0AJfrO074OG
287,Living Room,,,Semi-Gloss Polish,FALSE,,SPTP.377.23,RECTA COFFEE TABLE,164 Cm + 80 Cm + 5 Cm,149,0,https://drive.google.com/uc?export=view&id=1hxRjiYoQ3EdcURPlFoMc4vLVteP4iPsI
288,Living Room,,,Semi-Gloss Polish,FALSE,,CFTP.119.24,ROUND COFFEE TABLE,55 Cm + 51 Cm + 4 Cm,18,1,https://drive.google.com/uc?export=view&id=17dIbUJyXqHJpKwavGbKGBhkC07c_BLFl
289,Dining Room,,,Semi-Gloss Polish,FALSE,,SPFPJ.4.24,DINING TABLE JOINT WITH BRASS,300 Cm + 122 Cm + 4 Cm,390,-1,https://drive.google.com/uc?export=view&id=1xr4DOJ12sGLN1YSz3XaQl8rZbIND7MHf
290,Dining Room,,,Semi-Gloss Polish,TRUE,,SPFPJ.74.23,DINING TABLE JOINT WITH BRASS,302 Cm + 101 Cm + 4 Cm,282,1,https://drive.google.com/uc?export=view&id=1JlikZ8CzSQfzv8_EHdgWckEtacG1lCEo
291,Furniture,,,Semi-Gloss Polish,FALSE,,165.24,ROUND COFFEE TABLE,122 Cm + 88 Cm + 5.5 Cm,95,0,https://drive.google.com/uc?export=view&id=1a_hBu2de-FiK6Yzzb_NrbxlDhUKmDPe2
292,Furniture,,,Semi-Gloss Polish,FALSE,,CFTP.63.22,ROUND COFFEE TABLE,55 Cm + 51 Cm + 4 Cm,21,0,https://drive.google.com/uc?export=view&id=1owZ-2e6lcswAm7h8TIwuRkBBN0uM0ANK
293,Living Room,,,Semi-Gloss Polish,FALSE,,CFTP.805.22,ROUND COFFEE TABLE,64 Cm + 56 Cm + 4 Cm,22,1,https://drive.google.com/uc?export=view&id=1criGkk_tYgfF493cCUpa9XAV9fJ7GYdj
294,Furniture,,,Semi-Gloss Polish,FALSE,,SBFP.3.24,ROUND COFFEE TABLE,113 Cm + 79 Cm + 6 Cm,86,0,https://drive.google.com/uc?export=view&id=1rM4Qfs3P9ImvzFv0KFatLE3iqP8F4psY
295,Living Room,,,Semi-Gloss Polish,FALSE,,159.24,ROUND COFFEE TABLE,122 Cm + 87 Cm + 6 Cm,106,1,https://drive.google.com/uc?export=view&id=1AOKljwIEsMDhaKfxGBwHONHU4eRBP9SH
296,Furniture,,,Semi-Gloss Polish,FALSE,,SBTP.158.24,ROUND COFFEE TABLE,122 Cm + 89 Cm + 6 Cm,112,0,https://drive.google.com/uc?export=view&id=1N-nEi8QSKb5tLO3L1iqBP78L_78QlnbL
297,Furniture,,,Semi-Gloss Polish,FALSE,,CFFPT.27.23,EAST COFFEE TABLE,61 Cm + 46 Cm + 6 Cm,30,0,https://drive.google.com/uc?export=view&id=19HQnca0-WH2mpazC-a0h2zDJ9HfZOG9w
298,Furniture,,,Semi-Gloss Polish,FALSE,,CFFPT.02.23,EAST COFFEE TABLE,61 Cm + 40 Cm + 7 Cm,27,0,https://drive.google.com/uc?export=view&id=1OpPYUQAWcwhSSN92_rJP1EBRbjT7BrjN
299,Furniture,,,Semi-Gloss Polish,FALSE,,CFFPT.25.23,EAST COFFEE TABLE,44 Cm + 40 Cm + 6 Cm,20,0,https://drive.google.com/uc?export=view&id=1dOQWYJo_l7W5fsgpKEG8R4OHQkr-6Otv
300,Dining Room,,,Semi-Gloss Polish,FALSE,,SPMOSLP.8.23,MOSAIC DINING TABLE,250 Cm + 100 Cm + 4 Cm,100,0,https://drive.google.com/uc?export=view&id=1xIhfzuUdCkjRQw8Fes7jrfFD5fpEZJao
301,Furniture,,,Semi-Gloss Polish,FALSE,,CFFPT.26.23,SLICE COFFEE TABLE,45 Cm + 40 Cm + 5 Cm,20,0,https://drive.google.com/uc?export=view&id=1fFAp0UOe2Z-_H0J5S72zVBvmEj3qWBVp
302,Living Room,,,Semi-Gloss Polish,FALSE,,CFTP.72.24,ROUND COFFEE TABLE,58 Cm + 51 Cm + 4 Cm,18,1,https://drive.google.com/uc?export=view&id=1U_oKKMerLzELk0r38iaucPtY0X6jNjBT
303,Dining Room,,,Semi-Gloss Polish,FALSE,,SPMOSLP.4.23,MOSAIC DINING TABLE,240 Cm + 100 Cm + 4 Cm,100,1,https://drive.google.com/uc?export=view&id=1CQsHej_3qez0FZ8WaEMgx3AzP9pUpK4r
304,Living Room,,,Semi-Gloss Polish,FALSE,,CFTP.69.24,ROUND COFFEE TABLE,54 Cm + 49 Cm + 4 Cm,16,1,https://drive.google.com/uc?export=view&id=1ZXvCyl0ohS7fqB8SlHUOLuqZnI0QM1IC
305,Furniture,,,Semi-Gloss Polish,FALSE,,SPMOSLP.5.23,AGATE DINING TABLE MOS,220 Cm + 100 Cm + 4 Cm,90,0,https://drive.google.com/uc?export=view&id=17qyYcQKJ_UZd2pk_0UizabMDVbq8LUJZ
306,Dining Room,,,Semi-Gloss Polish,FALSE,,SPMOSLP.6.23,MOSAIC DINING TABLE,220 Cm + 104 Cm + 4 Cm,98,1,https://drive.google.com/uc?export=view&id=1a0QRX4jqVsQgJEQi2zlA2Bq_K90Rr7kc
307,Furniture,,,Semi-Gloss Polish,FALSE,,2378.23,ROUND COFFEE TABLE,67 Cm + 55 Cm + 7 Cm,37,0,https://drive.google.com/uc?export=view&id=1XifnCEjM4ug3d9Vr3HuHb4erE41shZ5j
308,Dining Room,,,Semi-Gloss Polish,FALSE,,SPMOSLPN.001,MOSAIC DINING TABLE,240 Cm + 100 Cm + 4 Cm,102,1,https://drive.google.com/uc?export=view&id=1LyG9sGO6bgXgTrvvd48kUlqo4NWNzCkt
309,Furniture,,,Semi-Gloss Polish,FALSE,,CFPTN.023,ROUND COFFEE TABLE,65 Cm + 52 Cm + 5 Cm,29,0,https://drive.google.com/uc?export=view&id=1AcLr3h4sC4uY4lgCsRNpIdVAe0T_QHez
310,Living Room,,,Semi-Gloss Polish,FALSE,,CFTPN.024,ROUND COFFEE TABLE,54 Cm + 50 Cm + 5 Cm,25,1,https://drive.google.com/uc?export=view&id=17yiDV6_wKBRmQGEXQghG8TqWhJY8xtgb
311,Dining Room,,,Semi-Gloss Polish,FALSE,,SPMOSTN.001,MOSAIC DINING TABLE,200 Cm + 100 Cm + 4 Cm,90,1,https://drive.google.com/uc?export=view&id=1WFLD07vf271NpOd9h7XkbcSfE7rkYGQk
312,Furniture,,,Semi-Gloss Polish,FALSE,,SBTP.424.24,ROUND COFFEE TABLE,110 Cm + 84 Cm + 6 Cm,113,0,https://drive.google.com/uc?export=view&id=1Zn3itYaOKB6JNK1auv42E_6WpsBEDfWD
313,Furniture,,,Semi-Gloss Polish,FALSE,,SBTPN.013,ROUND COFFEE TABLE,112 Cm + 84 Cm + 6 Cm,113,0,https://drive.google.com/uc?export=view&id=1LVBV6DRH1YyLvNdPjAusEuONSzdEYqRa
314,Furniture,,,Semi-Gloss Polish,FALSE,,SPTPJ.51.22,RECTA COFFEE TABLE JOINT,153 Cm + 62 Cm + 5 Cm,116,0,https://drive.google.com/uc?export=view&id=11r43TW6DFjfhcnY0RKfCDEo9KvX5EWNJ
315,Living Room,,,Semi-Gloss Polish,FALSE,,SBTP.437.24,ROUND COFFEE TABLE,111 Cm + 85 Cm + 7 Cm,116,1,https://drive.google.com/uc?export=view&id=1CeKKRYO6l4ITsQD6qyYDw8VwpcpVaGk2
316,Living Room,,,Semi-Gloss Polish,FALSE,,SBTP.441.24,ROUND COFFEE TABLE,110 Cm + 84 Cm + 7 Cm,111,1,https://drive.google.com/uc?export=view&id=1njwU0tI2aeBiK0cgFSZ6HoFVSGLL-Ohe
317,Living Room,,,Semi-Gloss Polish,FALSE,,SBTP.444.24,ROUND COFFEE TABLE,110 Cm + 87 Cm + 6.5 Cm,109,1,https://drive.google.com/uc?export=view&id=1JCPRvRNKezG1QuGVi_NoRIuGr9nyDEEP
318,Furniture,,,Semi-Gloss Polish,FALSE,,SPFPAR.006,CONSOLE AR,163 Cm + 30 Cm + 70 Cm,50,1,https://drive.google.com/uc?export=view&id=1I5IEkgUTDP_yCsDgtGInMhgSMoNQ0YmK
319,Furniture,,,Semi-Gloss Polish,FALSE,,SBTP.443.24,ROUND COFFEE TABLE,110 Cm + 85 Cm + 7 Cm,115,0,https://drive.google.com/uc?export=view&id=1nQ9y5CmyN1fNlafQfXaD3mIULtnD0NB2
320,Furniture,,,Semi-Gloss Polish,FALSE,,SPFPAR.007,CONSOLE AR,162 Cm + 30 Cm + 72 Cm,50,1,https://drive.google.com/uc?export=view&id=1Gl1hSTU4YRM5CKHY1-eFi9UGJFdMXIKW
321,Furniture,,,Semi-Gloss Polish,FALSE,,442.24,ROUND COFFEE TABLE,110 Cm + 83 Cm + 7 Cm,110,0,https://drive.google.com/uc?export=view&id=1MhpitKHBNOt-Jd9BsYV16EGgyyjgVhW7
322,Furniture,,,Semi-Gloss Polish,FALSE,,SPFP.71.22,DINING TABLE FULL POLISH,378 Cm + 124 Cm + 8 Cm,833,0,https://drive.google.com/uc?export=view&id=15FOAP1nmMrD1LPz_725O09pCgGLqE25m
323,Living Room,,,Semi-Gloss Polish,FALSE,,CFTP.142.21,ROUND COFFEE TABLE,54 Cm + 43 Cm + 4 Cm,25,1,https://drive.google.com/uc?export=view&id=1DOmBqHlN7U0UeYj7P5JLwGX0mReMx7JX
324,Living Room,,,Semi-Gloss Polish,FALSE,,CFTP.1320.21,ROUND COFFEE TABLE,58 Cm + 50 Cm + 5 Cm,26,-1,https://drive.google.com/uc?export=view&id=16kLpHdwDTWGFrcZnMYY--lOwdfXnjh-q
325,Furniture,,,Semi-Gloss Polish,FALSE,,SPTP.133.24,CONSOLE TOP POLISH,207 Cm + 45 Cm + 4 Cm,92,0,https://drive.google.com/uc?export=view&id=1fLdUOZSSJ5pt6iNzx3Ce9j_hEVcmyTH8
326,Furniture,,,Semi-Gloss Polish,FALSE,,CFTP.1165.22,ROUND COFFEE TABLE,78 Cm + 67 Cm + 5 Cm,49,0,https://drive.google.com/uc?export=view&id=1DQa4SXpPpSgDnyYLJkOjQb5Pso0S1YDZ
327,Furniture,,,Semi-Gloss Polish,FALSE,,CFTP.511.22,ROUND COFFEE TABLE,78 Cm + 70 Cm + 4 Cm,42,0,https://drive.google.com/uc?export=view&id=1Ln8GGDqsdgTOpfPr25iB_lC-E83Qcu5b
328,Furniture,,,Semi-Gloss Polish,FALSE,,CFTP.413.22,ROUND COFFEE TABLE,77 Cm + 74 Cm + 4 Cm,38,0,https://drive.google.com/uc?export=view&id=1D0NsX9ZEI80t8j27gr2sbTVoXbn_79PA
329,Dining Room,,,Semi-Gloss Polish,FALSE,,SPTPJ.32.23,DINING TABLE,409 Cm + 140 Cm + 6 Cm,780,1,https://drive.google.com/uc?export=view&id=1G4NooIgX34b_VFNzQKep24kkeCBdGumQ
330,Furniture,,,Semi-Gloss Polish,FALSE,,CFTP.1393.22,ROUND COFFEE TABLE,54 Cm + 53 Cm + 4.5 Cm,23,0,https://drive.google.com/uc?export=view&id=1lkm0TQirRXl89zlBZywn8kPEt9P6_lWw
331,Living Room,,,Semi-Gloss Polish,FALSE,,CFTPN.025,ROUND COFFEE TABLE,61 Cm + 51 Cm + 4 Cm,25,1,https://drive.google.com/uc?export=view&id=1m0vIWju844_jNCUAPElLlnW7MjmNaTsr
332,Furniture,,,Semi-Gloss Polish,FALSE,,SPTP.339.22,CONSOLE TOP POLISH,220 Cm + 70 Cm + 6 Cm,150,1,https://drive.google.com/uc?export=view&id=1yhz3sjW9wNjXyalQ1GguMLAvfitN5as0
333,Furniture,,,Semi-Gloss Polish,FALSE,,SBTP.1378.22,ROUND COFFEE TABLE,83 Cm + 58 Cm + 6 Cm,51,1,https://drive.google.com/uc?export=view&id=14hfwinFnlHqRcA7ROAIoj1d3PzHlJVmd
334,Furniture,,,Semi-Gloss Polish,FALSE,,SBTPN.014,ROUND COFFEE TABLE,95 Cm + 63 Cm + 6 Cm,65,0,https://drive.google.com/uc?export=view&id=1q91dBnM1nv_caeG56hiMQcVrItyDfErM
335,Furniture,,,Semi-Gloss Polish,FALSE,,SPTP.314.23,CONSOLE TOP POLISH,203 Cm + 62 Cm + 5 Cm,143,1,https://drive.google.com/uc?export=view&id=1asv7VvB_mYTPy5zW8uBwudMdjnSAc-m2
336,Furniture,,,Semi-Gloss Polish,FALSE,,SBTP.403.19,ROUND COFFEE TABLE,131 Cm + 69 Cm + 7 Cm,116,0,https://drive.google.com/uc?export=view&id=1KjehDPR-mBU1PfEhy2ymaCDDW3mMbNyT
337,Furniture,,,Semi-Gloss Polish,FALSE,,SPFPJ.36.22,CONSOLE FULL POLISH,200 Cm + 45 Cm + 5 Cm,124,1,https://drive.google.com/uc?export=view&id=1H2s_7371uXBvA3UYzYOT2NGwJUf5uvkG
338,Furniture,,,Semi-Gloss Polish,FALSE,,SBTP.402.19,ROUND COFFEE TABLE,113 Cm + 69 Cm + 7.5 Cm,115,0,https://drive.google.com/uc?export=view&id=1C5VC5YhLBe1Dd_haP3AR0EuGr4F65lqf
339,Furniture,,,Semi-Gloss Polish,FALSE,,407.19,ROUND COFFEE TABLE,127 Cm + 70 Cm + 8 Cm,115,0,https://drive.google.com/uc?export=view&id=1nSFylFgemNOI8gvuKnmDuoaXSi22jqma
340,Living Room,,,Semi-Gloss Polish,FALSE,,SPFP.85.24,RECTA COFFEE TABLE,130 Cm + 100 Cm + 7 Cm,216,1,https://drive.google.com/uc?export=view&id=1b2V-4dVO4h4PZTLgcLOJ1SKhGybmvAkN
341,Living Room,,,Semi-Gloss Polish,FALSE,,SBTP.404.19,ROUND COFFEE TABLE,132 Cm + 70 Cm + 8 Cm,131,1,https://drive.google.com/uc?export=view&id=173rE0mawA3fgMaXUwcK3c8jnOLPnNQHk
342,Furniture,,,Semi-Gloss Polish,FALSE,,SBFP.4.24,ROUND COFFEE TABLE,115 Cm + 65 Cm + 6 Cm,89,0,https://drive.google.com/uc?export=view&id=1KlJb3uCp8fjF9sSFRcPfvVQZcqL1VKqd
343,Furniture,,,Semi-Gloss Polish,FALSE,,SPTP.95.22,CONSOLE TOP POLISH,203 Cm + 51 Cm + 6 Cm,133,1,https://drive.google.com/uc?export=view&id=1NKCoYLGbsicvLJIYZe9irpet3NWC4BFF
344,Furniture,,,Semi-Gloss Polish,FALSE,,SBFP.5.24,ROUND COFFEE TABLE,113 Cm + 77 Cm + 6 Cm,86,0,https://drive.google.com/uc?export=view&id=1hRIH-VQOxdvkyrnkDTB8xMWiNvvksJM_
345,Dining Room,,,Semi-Gloss Polish,TRUE,,SPTP.151.23,DINING TABLE,321 Cm + 142 Cm + 8 Cm,753,1,https://drive.google.com/uc?export=view&id=1LbqzmqtgY-Enaodt_GwzyNRtcTFcK7i6
346,Furniture,,,Semi-Gloss Polish,FALSE,,SPFPAR.008,CONSOLE AR,160 Cm + 30 Cm + 72 Cm,48,1,https://drive.google.com/uc?export=view&id=1pUULJfU5dDrY1io_Fyk6-HoFp4owIkxx
347,Living Room,,,Semi-Gloss Polish,FALSE,,SPMOSLP.1.23,MOSAIC RECTA COFFEE TABLE,120 Cm + 80 Cm + 4 Cm,38,1,https://drive.google.com/uc?export=view&id=1MPGvZb0gnJQP9kcpS_Qbj5v25YAmXG2g
348,Furniture,,,Semi-Gloss Polish,FALSE,,SPTP.315.23,RECTA COFFEE TABLE,204 Cm + 69 Cm + 5 Cm,168,0,https://drive.google.com/uc?export=view&id=18sPQjtQaQvfI8KGOy2Fz9Vst2ygId34b
349,Living Room,,,Semi-Gloss Polish,TRUE,,SBTPN.015,TRAVERTINE COFFEE TABLE,221 Cm + 164 Cm + 10 Cm,725,1,https://drive.google.com/uc?export=view&id=1fk2hF6KTfCchP5bZx4rJPdEKeLW9dbZ1
350,Living Room,,,Semi-Gloss Polish,FALSE,,SBTPN.016,TRAVERTINE COFFEE TABLE,233 Cm + 132 Cm + 10 Cm,750,1,https://drive.google.com/uc?export=view&id=1URp3i12lGjfyNBOYTenGhtOyeoDTzqXy
351,Furniture,,,Semi-Gloss Polish,FALSE,,CFTPKN.001,PALM SIDE TABLE,43 Cm + 36 Cm + 3 Cm,9,1,https://drive.google.com/uc?export=view&id=1_sfQrgATFyyOImuDS0pCrLTbJVAt16_W
352,Furniture,,,Semi-Gloss Polish,FALSE,,CFTPK.17.23,PALM SIDE TABLE,49 Cm + 38 Cm + 3 Cm,10,0,https://drive.google.com/uc?export=view&id=1U5dPiIi98t3500z1qMRBhBvx1RMg06b2
353,Furniture,,,Semi-Gloss Polish,FALSE,,CFTPKN.002,PALM SIDE TABLE,46 Cm + 42 Cm + 2 Cm,7,1,https://drive.google.com/uc?export=view&id=1fbAjm-PXJ7fEsftNTIjzR8s5rQulFGcS
354,Furniture,,,Semi-Gloss Polish,FALSE,,CFTPK.11.23,PALM SIDE TABLE,45 Cm + 32 Cm + 2 Cm,7,1,https://drive.google.com/uc?export=view&id=1sLKkorctsFxbYVza-TXBLmqtpwqRNE02
355,Living Room,,,Semi-Gloss Polish,FALSE,,CFTPKN.003,PALM COFFEE TABLE,47 Cm + 46 Cm + 5 Cm,19,1,https://drive.google.com/uc?export=view&id=134XfhlzdsiCG3l3jvG-549zFuanbsuu6
356,Living Room,,,Semi-Gloss Polish,FALSE,,CFTPK.13.23,PALM COFFEE TABLE,47 Cm + 44 Cm + 4.5 Cm,15,1,https://drive.google.com/uc?export=view&id=1AfUzIdFScwGq8jYtdnqyloMUmVOItrfZ
357,Living Room,,,Semi-Gloss Polish,FALSE,,CFTPK.10.23,PALM COFFEE TABLE,46 Cm + 43 Cm + 3.5 Cm,10,1,https://drive.google.com/uc?export=view&id=1exvI6UsO5tRab3nnLijt3RBcCt1ZFIQP
358,Living Room,,,Semi-Gloss Polish,FALSE,,CFTPK.9.23,PALM COFFEE TABLE,50 Cm + 49 Cm + 4 Cm,15,1,https://drive.google.com/uc?export=view&id=1Ppv5VE0n1GUDbANnEBEgk5qCdvMI-3El
359,Living Room,,,Semi-Gloss Polish,FALSE,,CFTPK.456.24,PALM COFFEE TABLE,49 Cm + 42 Cm + 4.5 Cm,14,1,https://drive.google.com/uc?export=view&id=1oj8MrRff5Z4pmPLjcbznzytm2HvtIclt
360,Living Room,,,Semi-Gloss Polish,FALSE,,CFTPK.451.24,PALM COFFEE TABLE,46 Cm + 41 Cm + 3.5 Cm,12,1,https://drive.google.com/uc?export=view&id=12tk6MWbiuOMtcZe1s_qrMyjx5B2n87a9
361,Living Room,,,Semi-Gloss Polish,FALSE,,CFTPK.452.24,PALM COFFEE TABLE,48 Cm + 40 Cm + 4 Cm,15,1,https://drive.google.com/uc?export=view&id=1AQERzN4BpT_Ypia9lF4i-vl8lOp9jKFD
362,Living Room,,,Semi-Gloss Polish,FALSE,,CFTPK.459.24,PALM COFFEE TABLE,50 Cm + 42 Cm + 3 Cm,13,1,
363,Living Room,,,Semi-Gloss Polish,FALSE,,CFTPK.460.24,PALM COFFEE TABLE,46 Cm + 41 Cm + 4.5 Cm,16,1,https://drive.google.com/uc?export=view&id=1MbGbocrGldQovy7L5crcQ-s1oHprCZZV
364,Living Room,,,Semi-Gloss Polish,FALSE,,CFTPK.457.24,PALM COFFEE TABLE,47 Cm + 41 Cm + 3 Cm,11,1,https://drive.google.com/uc?export=view&id=1KHAtG_P_gHqugRUdCQ4H76ptqyJlt5W4
365,Living Room,,,Semi-Gloss Polish,FALSE,,CFTPK.450.24,PALM COFFEE TABLE,46 Cm + 40 Cm + 4 Cm,16,1,https://drive.google.com/uc?export=view&id=1jVjf3BMyBLhVgdLxS6P5n7UxbynEYC77
366,Living Room,,,Semi-Gloss Polish,FALSE,,CFTPK.1273.24,PALM COFFEE TABLE,60 Cm + 53 Cm + 4.5 Cm,25,1,
367,Furniture,,,Semi-Gloss Polish,FALSE,,SLCTP.442.24,PALM SIDE TABLE,45 Cm + 38 Cm + 3 Cm,8,0,https://drive.google.com/uc?export=view&id=1GV2jMxXkcUEal3DWQnx8_KWbVZBydpnQ
368,Furniture,,,Semi-Gloss Polish,FALSE,,CFTPK.444.24,PALM SIDE TABLE,43 Cm + 34 Cm + 3.5 Cm,9,0,https://drive.google.com/uc?export=view&id=1rriHrF7gYymPDseWFKqRjgdOoC3srYsz
369,Furniture,,,Semi-Gloss Polish,FALSE,,SPTPN.002,CONSOLE TOP POLISH,284 Cm + 54 Cm + 6 Cm,170,1,https://drive.google.com/uc?export=view&id=1G2ngjBsDweTx_bBFIHL5aqrs403t-TgQ
370,Furniture,,,Semi-Gloss Polish,FALSE,,CFTPK.443.24,PALM SIDE TABLE,55 Cm + 47 Cm + 3 Cm,12,1,https://drive.google.com/uc?export=view&id=1-2rU7eDAzWF014aDJW04VyrM8zfgoMYT
371,Furniture,,,Semi-Gloss Polish,FALSE,,CFTPK.447.24,PALM SIDE TABLE,43 Cm + 43 Cm + 3 Cm,11,1,https://drive.google.com/uc?export=view&id=1Sgb6PsAXRRDxri3JwCU0iDo2905AYByc
372,Furniture,,,Semi-Gloss Polish,FALSE,,CFTPK.449.24,PALM SIDE TABLE,52 Cm + 40 Cm + 3 Cm,11,1,
373,Furniture,,,Semi-Gloss Polish,FALSE,,SPFPN.001,CONSOLE FULL POLISH,183 Cm + 29 Cm + 5 Cm,75,1,https://drive.google.com/uc?export=view&id=1Nwdi9N1iUsfqnfjmztv2u04PK38LnsuY
374,Furniture,,,Semi-Gloss Polish,FALSE,,CFTPK.448.24,PALM SIDE TABLE,50 Cm + 44 Cm + 4 Cm,17,1,https://drive.google.com/uc?export=view&id=1_1ruex54JxZMDvUt8mwL1uTVgYRiRFw9
375,Furniture,,,Semi-Gloss Polish,FALSE,,CFTPK.454.24,PALM SIDE TABLE,49 Cm + 43 Cm + 4 Cm,16,1,https://drive.google.com/uc?export=view&id=1hVPvf47Oiag5D4bwJAJysZIrcJv_N9H2
376,Furniture,,,Semi-Gloss Polish,FALSE,,SPFPAR.009,CONSOLE AR,163 Cm + 30 Cm + 71 Cm,44,1,https://drive.google.com/uc?export=view&id=1--Nenrfj-R-pXNjhFAdjwOtXSNZyv1LW
377,Furniture,,,Semi-Gloss Polish,FALSE,,SPFPAR.010,CONSOLE AR,163 Cm + 30 Cm + 71 Cm,51,1,https://drive.google.com/uc?export=view&id=1K-bEPt6-cwyYof0XII8V5MCwuFyDQZe9
378,Furniture,,,Semi-Gloss Polish,FALSE,,CFTPK.433.24,PALM SIDE TABLE,48 Cm + 41 Cm + 4 Cm,16,1,https://drive.google.com/uc?export=view&id=1cM-3eybMBoC_BrS2k41YBZnLVr6pp7sB
379,Living Room,,,Semi-Gloss Polish,FALSE,,SPTP.33.23,RECTA COFFEE TABLE,166 Cm + 68 Cm + 5 Cm,122,1,https://drive.google.com/uc?export=view&id=138yi1D54ZjOg5zw8rjR0CHwUDvuxQMWF
223,Living Room,,,Semi-Gloss Polish,FALSE,,CFTPK.426.24,PALM SIDE TABLE,46 Cm + 41 Cm + 3.5 Cm,11,1,https://drive.google.com/uc?export=view&id=1PUmRaxPgfYYAiFi-TY3IyrHJvIsXfR5e
381,Furniture,,,Semi-Gloss Polish,FALSE,,SPFP.128.23,RECTA COFFEE TABLE,160 Cm + 65 Cm + 5 Cm,146,0,https://drive.google.com/uc?export=view&id=1ZboKXV-BFqQxkxIghkYloMQQSPzQSR7Q
382,Furniture,,,Semi-Gloss Polish,FALSE,,CFTPK.435.24,PALM SIDE TABLE,48 Cm + 44 Cm + 4.5 Cm,18,1,https://drive.google.com/uc?export=view&id=1AOBX7OFybSr8dGG96UBVQd-vFMEKdEmD
383,Furniture,,,Semi-Gloss Polish,FALSE,,CFTPK.434.24,PALM SIDE TABLE,47 Cm + 44 Cm + 4.5 Cm,15,1,https://drive.google.com/uc?export=view&id=1TOHgiIbGfUQqNRHZKuheEPql3Q3QtsoP
384,Furniture,,,Semi-Gloss Polish,FALSE,,SPTP.385.23,RECTA COFFEE TABLE,185 Cm + 77 Cm + 5 Cm,159,0,https://drive.google.com/uc?export=view&id=1wXqTsropooGfRdnPXJoFwFwCQ1ZXjf7s
385,Furniture,,,Semi-Gloss Polish,FALSE,,CFTPK.1245.24,PALM SIDE TABLE,58 Cm + 52 Cm + 4 Cm,23,1,https://drive.google.com/uc?export=view&id=1WhUIsvomhMSI4QDkIkG4EYm98weBwuGB
386,Furniture,,,Semi-Gloss Polish,FALSE,,CFTPK.436.24,PALM SIDE TABLE,46 Cm + 40 Cm + 3.5 Cm,12,1,https://drive.google.com/uc?export=view&id=1gIMpLJURmo2Rt1nkHkQ3LmpzdTwRyIWe
387,Furniture,,,Semi-Gloss Polish,FALSE,,CFTPK.1244.24,PALM SIDE TABLE,55 Cm + 48 Cm + 4.5 Cm,22,1,https://drive.google.com/uc?export=view&id=1IWazaRiP_4mdUlgDCoJzILeP7W64tBgd
388,Living Room,,,Semi-Gloss Polish,FALSE,,MFP.6.24,RECTA COFFEE TABLE,90 Cm + 55 Cm + 4 Cm,41,1,https://drive.google.com/uc?export=view&id=1of_RBO0OfzLX5VZHtZHLP_4CCRL_KMvk
389,Furniture,,,Semi-Gloss Polish,FALSE,,CFTPK.417.24,PALM SIDE TABLE,51 Cm + 45 Cm + 4 Cm,17,1,https://drive.google.com/uc?export=view&id=1AYeStFDihixxzlpxrtXa8ldIq3dyyBQq
390,Furniture,,,Semi-Gloss Polish,FALSE,,CFTPK.420.24,PALM SIDE TABLE,49 Cm + 45 Cm + 4.5 Cm,16,1,https://drive.google.com/uc?export=view&id=1GDd9-zSHzPUmDMP1B6pLM9oKuzTUZEzn
391,Living Room,,,Semi-Gloss Polish,FALSE,,SPMOSS.30.24,RECTA COFFEE TABLE,81 Cm + 69 Cm + 4 Cm,47,1,https://drive.google.com/uc?export=view&id=1ih84BxiCdRIzsX8oAmELii_Emsfsl22n
392,Furniture,,,Semi-Gloss Polish,FALSE,,CFTPK.421.24,PALM SIDE TABLE,55 Cm + 47 Cm + 4 Cm,19,1,https://drive.google.com/uc?export=view&id=15-7fAbid-mFYMnEIRPO5l8Ejs25JiW4z
393,Living Room,,,Semi-Gloss Polish,FALSE,,SPMOSS.28.24,RECTA COFFEE TABLE,130 Cm + 71 Cm + 4 Cm,71,1,https://drive.google.com/uc?export=view&id=1UsFrvea_7kIdLh_FsckyHq9Xeh4QhrNq
394,Furniture,,,Semi-Gloss Polish,FALSE,,CFTPK.429.24,PALM SIDE TABLE,46 Cm + 38 Cm + 3.5 Cm,11,1,https://drive.google.com/uc?export=view&id=1vWGtdKVooIkNuav_M-fY2PPXlyKekzlg
395,Living Room,,,Semi-Gloss Polish,FALSE,,SPMOSS.29.24,RECTA COFFEE TABLE,133 Cm + 70 Cm + 4 Cm,59,1,https://drive.google.com/uc?export=view&id=1sIS9x7oGScrR9qHANfHADghCN4AaNJBR
396,Furniture,,,Semi-Gloss Polish,FALSE,,CFTPK.423.24,PALM SIDE TABLE,49 Cm + 41 Cm + 4 Cm,15,1,https://drive.google.com/uc?export=view&id=1iE_NdUVyiVORXYg8e7jLwt35B3QHan7G
397,Furniture,,,Semi-Gloss Polish,FALSE,,CFTPK.1246.24,PALM SIDE TABLE,58 Cm + 50 Cm + 4.5 Cm,22,1,https://drive.google.com/uc?export=view&id=16rohF1uhuYZ_WFL3kj6mm2TLCqn7P5mB
398,Furniture,,,Semi-Gloss Polish,FALSE,,CFTPK.427.24,PALM SIDE TABLE,51 Cm + 54 Cm + 4.5 Cm,18,1,https://drive.google.com/uc?export=view&id=1vzwbdbYHIEnWCVsiUyjjnl9Yn0jMnY24
399,Furniture,,,Semi-Gloss Polish,FALSE,,CFTPK.1243.24,PALM SIDE TABLE,54 Cm + 46 Cm + 4.5 Cm,21,1,https://drive.google.com/uc?export=view&id=1vnARK08svX2cEDpplDa1Lf_kLndgPTll
400,Furniture,,,Semi-Gloss Polish,FALSE,,CFTPK.1242.24,PALM SIDE TABLE,60 Cm + 53 Cm + 4.5 Cm,25,1,https://drive.google.com/uc?export=view&id=17t4KyU8VCAXv3pQbIjRziQf-DWsCDXid
401,Furniture,,,Semi-Gloss Polish,FALSE,,CFTPK.418.24,PALM SIDE TABLE,46 Cm + 39 Cm + 4 Cm,15,1,https://drive.google.com/uc?export=view&id=1J0cp3tv7bcVC2Xpj8YTt357VDy_rv2v2
402,Furniture,,,Semi-Gloss Polish,FALSE,,CFTPK.419.24,PALM SIDE TABLE,49 Cm + 40 Cm + 4.5 Cm,15,1,https://drive.google.com/uc?export=view&id=1WWp6QPs16ZSHgV4gsh_GuIRVS5dNwSsO
403,Furniture,,,Semi-Gloss Polish,FALSE,,CFTPK.416.24,PALM SIDE TABLE,47 Cm + 40 Cm + 4.5 Cm,15,1,https://drive.google.com/uc?export=view&id=1V5pUlxB56OnBRjfRUKbPVZN8DQlqdKbx
404,Furniture,,,Semi-Gloss Polish,FALSE,,CFTPK.424.24,PALM SIDE TABLE,46 Cm + 35 Cm + 3.5 Cm,9,1,https://drive.google.com/uc?export=view&id=1C0sfK0JbUimh_9H2uPegHlx7xNizAYI6
405,Furniture,,,Semi-Gloss Polish,FALSE,,SLCTP.438.24,PALM SIDE TABLE,41 Cm + 41 Cm + 3.5 Cm,12,0,https://drive.google.com/uc?export=view&id=1gMX_D6lkACqQZ3fFfZLEu165O4-Xn7ce
406,Furniture,,,Semi-Gloss Polish,FALSE,,CFTPK.1270.24,PALM SIDE TABLE,56 Cm + 50 Cm + 4 Cm,21,0,https://drive.google.com/uc?export=view&id=1gebpwyQPWYPHN_S0eH-8UgJZrRmAy5xd
407,Furniture,,,Semi-Gloss Polish,FALSE,,CFTPK.422.24,PALM SIDE TABLE,52 Cm + 45 Cm + 4 Cm,19,1,https://drive.google.com/uc?export=view&id=1ZQysLrHe2ArkRM0C7P85sZZ5MceYciJA
408,Furniture,,,Semi-Gloss Polish,FALSE,,CFTPK.425.24,PALM SIDE TABLE,49 Cm + 42 Cm + 4.5 Cm,16,1,https://drive.google.com/uc?export=view&id=1mljxYWc8DETpm262iBIIklOPWoaOVof6
409,Furniture,,,Semi-Gloss Polish,FALSE,,CFTPK.440.24,PALM SIDE TABLE,48 Cm + 42 Cm + 3 Cm,12,1,https://drive.google.com/uc?export=view&id=1QRinm1dpG19-3M6pa25BslChWAxElgjx
410,Furniture,,,Semi-Gloss Polish,FALSE,,CFTPK.432.24,PALM SIDE TABLE,41 Cm + 40 Cm + 3.5 Cm,12,1,https://drive.google.com/uc?export=view&id=1Poj9eUHQYy27qiA06k2F7RR8-LTNaOzp
411,Furniture,,,Semi-Gloss Polish,FALSE,,CFTPK.439.24,PALM SIDE TABLE,48 Cm + 42 Cm + 4.5 Cm,15,1,https://drive.google.com/uc?export=view&id=1grWZxH5Sp3TPLGurkbGGn_pB1iAQ5LJM
412,Furniture,,,Semi-Gloss Polish,FALSE,,BP.21.24,BENCH,345 Cm + 64 Cm + 55 Cm,1125,0,https://drive.google.com/uc?export=view&id=1J6j1aqZ33dPv9fnONDw1ql5M3FPbJWxR
413,Furniture,,,Semi-Gloss Polish,FALSE,,CFTPKN.004,PALM SIDE TABLE,49 Cm + 43 Cm + 4 Cm,15,1,https://drive.google.com/uc?export=view&id=1J-llliIVpPFZc9YYIv8SJnlKGUYnipE9
414,Furniture,,,Semi-Gloss Polish,FALSE,,BPN.001,BENCH,230 Cm + 36 Cm + 30 Cm,455,1,https://drive.google.com/uc?export=view&id=1igbuv0bGyiPz2fglyQaUVAK6NsylOPmC
415,Furniture,,,Semi-Gloss Polish,FALSE,,BNCH.21.24,BENCH,305 Cm + 55 Cm + 30 Cm,909,1,https://drive.google.com/uc?export=view&id=1ai2BaZYB5yAnD6OBgH354kRoyeUHIRBG
416,Furniture,,,Semi-Gloss Polish,FALSE,,BPN.002,BENCH,182 Cm + 48 Cm + 40 Cm,690,1,https://drive.google.com/uc?export=view&id=1fQmeB647M-VLgbMliz0O-m2sFPy9fLyX
417,Furniture,,,Semi-Gloss Polish,FALSE,,BPN.003,BENCH,340 Cm + 40 Cm + 40 Cm,650,1,https://drive.google.com/uc?export=view&id=1rsLtC8cvs-1peD-r75YFLZWyE7seDHvB
418,Furniture,,,Semi-Gloss Polish,FALSE,,SBFP.7.24,ROUND COFFEE TABLE,110 Cm + 76 Cm + 6 Cm,84,0,https://drive.google.com/uc?export=view&id=1loKo2mhNat-vc4PFyYhPxZZoic1BcsCi
419,Furniture,,,Semi-Gloss Polish,FALSE,,SBFP.365.24,ROUND COFFEE TABLE,116 Cm + 75 Cm + 6 Cm,87,0,https://drive.google.com/uc?export=view&id=1u4kmQ-ot9ltdhYdfbQJcSjHImj6PBiVJ
420,Furniture,,,Semi-Gloss Polish,FALSE,,SBFP.14.24,ROUND COFFEE TABLE,110 Cm + 79 Cm + 6 Cm,86,0,https://drive.google.com/uc?export=view&id=1wtK1BB1_662q0O1BFxRuZjrmpp-oLVU_
421,Living Room,,,Semi-Gloss Polish,FALSE,,CFTP.3306.21,ROUND COFFEE TABLE,58 Cm + 52 Cm + 4 Cm,26,1,https://drive.google.com/uc?export=view&id=1ipZeuxNTw9WfASdElasDaMD2-XNGLvTF
422,Furniture,,,Semi-Gloss Polish,FALSE,,STJM.001,SIDE TABLE JAMUR,46 Cm + 39 Cm + 47 Cm,48,1,https://drive.google.com/uc?export=view&id=1sz1nF-ZoS5YZH0_9hYVj6u4qPdivhhh-
423,Furniture,,,Semi-Gloss Polish,FALSE,,CFTPN.026,ROUND COFFEE TABLE,65 Cm + 56 Cm + 3 Cm,20,0,https://drive.google.com/uc?export=view&id=1rRvOgJHTWGNcwD92guaDzsOfUjlB6w0L
424,Furniture,,,Semi-Gloss Polish,FALSE,,STJM.002,SIDE TABLE JAMUR,46 Cm + 39 Cm + 38 Cm,42,1,https://drive.google.com/uc?export=view&id=1pXo2yNeL7L-jwlEsuZDHMfNjbc9S1LNk
425,Furniture,,,Semi-Gloss Polish,FALSE,,83.22,ROUND COFFEE TABLE,78 Cm + 62 Cm + 4 Cm,37,0,https://drive.google.com/uc?export=view&id=1E7yKFdknwJKmaReZH6MmchIT67I9AKzl
426,Furniture,,,Semi-Gloss Polish,FALSE,,STJM.003,SIDE TABLE JAMUR,46 Cm + 39 Cm + 48 Cm,49,1,https://drive.google.com/uc?export=view&id=1TKvQRG2Bo--_TYi2rGUY2Rc8fAM2iQUU
427,Furniture,,,Semi-Gloss Polish,FALSE,,STJM.004,SIDE TABLE JAMUR,46 Cm + 39 Cm + 38 Cm,42,1,https://drive.google.com/uc?export=view&id=1fuBOlulLE2k_lTt6mxPHTRR0W5hTB0Oi
428,Living Room,,,Semi-Gloss Polish,FALSE,,CFTPN.027,ROUND COFFEE TABLE,70 Cm + 58 Cm + 5 Cm,40,1,https://drive.google.com/uc?export=view&id=1o3UXSDc3TS6vvXs5ru25pPPYRZJ1k61q
429,Living Room,,,Semi-Gloss Polish,FALSE,,SBTP.1080.23,ROUND COFFEE TABLE,91 Cm + 83 Cm + 6 Cm,84,1,https://drive.google.com/uc?export=view&id=1myvD__GhsaY2-zB5nxl7giYiMmMH64F0
430,Furniture,,,Semi-Gloss Polish,FALSE,,STJM.005,SIDE TABLE JAMUR,58 Cm + 45 Cm + 47 Cm,64,1,https://drive.google.com/uc?export=view&id=1rKJ9oSnlEJr86BJuSsQ_3AOm8U05WP0C
431,Living Room,,,Semi-Gloss Polish,FALSE,,SBTP 1101.22,ROUND COFFEE TABLE,94 Cm + 82 Cm + 7 Cm,98,1,https://drive.google.com/uc?export=view&id=1cyehvU6N_pSg4esgi9quUzZi2IZZH5sm
432,Furniture,,,Semi-Gloss Polish,FALSE,,STJM.006,SIDE TABLE JAMUR,59 Cm + 45 Cm + 38 Cm,54,1,https://drive.google.com/uc?export=view&id=18ZMsOomfpF_n-TOUz7QUd5qlmQQLXLu1
433,Living Room,,,Semi-Gloss Polish,FALSE,,CFTPN.028,ROUND COFFEE TABLE,79 Cm + 44 Cm + 4 Cm,25,1,https://drive.google.com/uc?export=view&id=1b6wRtA2iceL_wFlY0691cxLSEOuIxHhP
434,Furniture,,,Semi-Gloss Polish,FALSE,,STJM.007,SIDE TABLE JAMUR,55 Cm + 49 Cm + 48 Cm,63,1,https://drive.google.com/uc?export=view&id=1pW9h1V0RMX0WPWOlXq72Yp0NLO5rVwtl
435,Living Room,,,Semi-Gloss Polish,FALSE,,CFTPN.029,ROUND COFFEE TABLE,74 Cm + 63 Cm + 4 Cm,30,1,
436,Furniture,,,Semi-Gloss Polish,FALSE,,STJM.008,SIDE TABLE JAMUR,55 Cm + 51 Cm + 38 Cm,57,1,https://drive.google.com/uc?export=view&id=1tlNSWyIybfysn7AmqYaFNVl2VrVs_LRW
437,Furniture,,,Semi-Gloss Polish,FALSE,,STJM.009,SIDE TABLE JAMUR,56 Cm + 50 Cm + 47 Cm,63,1,https://drive.google.com/uc?export=view&id=1N3FmV8Dp_y5lgtDvz4Hz71X3OfA8jq8F
438,Living Room,,,Semi-Gloss Polish,FALSE,,CFTPN.030,ROUND COFFEE TABLE,68 Cm + 55 Cm + 4 Cm,20,1,https://drive.google.com/uc?export=view&id=16MreMWHKNSdDoCz0VDvNkIA-YPWSVz-G
439,Furniture,,,Semi-Gloss Polish,FALSE,,STJM.010,SIDE TABLE JAMUR,56 Cm + 52 Cm + 39 Cm,62,1,https://drive.google.com/uc?export=view&id=1qAdasyq5af0Fao_HwHM8mTpnnv9aOvy9
440,Furniture,,,Semi-Gloss Polish,FALSE,,STJM.011,SIDE TABLE JAMUR,56 Cm + 52 Cm + 47 Cm,67,0,https://drive.google.com/uc?export=view&id=19AjAC4MGAhEurZCQx0aDQ89S28JrE7M1
441,Living Room,,,Semi-Gloss Polish,FALSE,,CFTPN.031,ROUND COFFEE TABLE,73 Cm + 45 Cm + 4 Cm,23,1,https://drive.google.com/uc?export=view&id=1zGDa61E9sijt-nr4r-qh4lcBVljWPYga
442,Furniture,,,Semi-Gloss Polish,FALSE,,STJM.012,SIDE TABLE JAMUR,57 Cm + 50 Cm + 38 Cm,60,0,https://drive.google.com/uc?export=view&id=1YkpxetgEqnhAbGPXwuqh5_a1np1gZX5p
443,Living Room,,,Semi-Gloss Polish,FALSE,,SBTP.1083.22,ROUND COFFEE TABLE,93 Cm + 83 Cm + 6.5 Cm,90,1,https://drive.google.com/uc?export=view&id=1iwni1rhQWKMUPibbvhW_qL1HuVsbbNvL
444,Furniture,,,Semi-Gloss Polish,FALSE,,STJM.013,SIDE TABLE JAMUR,52 Cm + 37 Cm + 47 Cm,56,1,https://drive.google.com/uc?export=view&id=1EnSXJUyyL_H7vdmDVziIH6uJCMFzef7b
445,Furniture,,,Semi-Gloss Polish,FALSE,,STJM.014,SIDE TABLE JAMUR,51 Cm + 37 Cm + 38 Cm,48,1,https://drive.google.com/uc?export=view&id=1wDrAXGz0VRiGbZ8MHf1R_Er1rKw_1nQh
446,Living Room,,,Semi-Gloss Polish,FALSE,,SBTP.957.23,ROUND COFFEE TABLE,86 Cm + 83 Cm + 7 Cm,96,1,https://drive.google.com/uc?export=view&id=1DcFyKk-CYq3SIdFzP9wrvFJXAaKMPk5i
447,Furniture,,,Semi-Gloss Polish,FALSE,,STJM.015,SIDE TABLE JAMUR,51 Cm + 36 Cm + 48 Cm,55,0,https://drive.google.com/uc?export=view&id=19FvoR2IfPz_TVddwQJwQ7Qlg45vODdMB
448,Furniture,,,Semi-Gloss Polish,FALSE,,989.22,ROUND COFFEE TABLE,85 Cm + 84 Cm + 7 Cm,94,0,https://drive.google.com/uc?export=view&id=1p0SGSEveuU9klXeESstNBoQHd1rrjAgk
449,Furniture,,,Semi-Gloss Polish,FALSE,,STJM.016,SIDE TABLE JAMUR,50 Cm + 36 Cm + 38 Cm,44,1,https://drive.google.com/uc?export=view&id=1pDQv99dI3KZmQl6WCpcmD4pRwXyfUFHD
450,Living Room,,,Semi-Gloss Polish,FALSE,,SBTPN.017,ROUND COFFEE TABLE,87 Cm + 52 Cm + 5 Cm,55,1,https://drive.google.com/uc?export=view&id=1zl4qqQer1Z-1993Wckp60J7uAHzcnngo
451,Living Room,,,Semi-Gloss Polish,FALSE,,SBTP.1247.22,ROUND COFFEE TABLE,110 Cm + 64 Cm + 6 Cm,90,1,https://drive.google.com/uc?export=view&id=1OTunGNSAtiZwRk8LPOyPou0X35a2loND
452,Living Room,,,Semi-Gloss Polish,FALSE,,CFTPK.247.23,PALM COFFEE TABLE,58 Cm + 45 Cm + 4 Cm,22,1,https://drive.google.com/uc?export=view&id=1jjaTl17IQU0Pd4o9cu-RD3F7bLWPve68
453,Living Room,,,Semi-Gloss Polish,FALSE,,CFTPK.249.23,PALM COFFEE TABLE,58 Cm + 49 Cm + 4 Cm,23,1,https://drive.google.com/uc?export=view&id=1NF557kgRQKpH8mxQjP_RBHbjDE8_r13y
454,Living Room,,,Semi-Gloss Polish,FALSE,,CFTPK.194.23,PALM COFFEE TABLE,62 Cm + 52 Cm + 4 Cm,26,1,https://drive.google.com/uc?export=view&id=1k7T29AT7dX0r_QjssO2NOvwc7NaHIxC4
455,Living Room,,,Semi-Gloss Polish,FALSE,,CFTPK.244.23,PALM COFFEE TABLE,54 Cm + 46 Cm + 4 Cm,22,1,https://drive.google.com/uc?export=view&id=1MlXmLGwS7JRXu0PM8Kf8euuClh0LZT6L
456,Living Room,,,Semi-Gloss Polish,FALSE,,CFTPK.185.23,PALM COFFEE TABLE,64 Cm + 50 Cm + 4 Cm,27,1,https://drive.google.com/uc?export=view&id=1hxBa1YNoMKjM3VhswXe7rABWfOeBJYOD
457,Living Room,,,Semi-Gloss Polish,FALSE,,CFTPK.183.23,PALM COFFEE TABLE,60 Cm + 52 Cm + 4 Cm,25,1,https://drive.google.com/uc?export=view&id=1Iof5Yd7KZd94RBU9GcnHNBtQ0dqnJ_jX
458,Living Room,,,Semi-Gloss Polish,FALSE,,CFTP.1484.22,ROUND COFFEE TABLE,72 Cm + 67 Cm + 5 Cm,40,1,https://drive.google.com/uc?export=view&id=1y3rbHJNOCOESwl8cfu_egsXm1xi4ZcRI
459,Living Room,,,Semi-Gloss Polish,FALSE,,SBFPT.14.23,EAST COFFEE TABLE,79 Cm + 69 Cm + 6 Cm,60,1,https://drive.google.com/uc?export=view&id=1fK4CAyfu8NsvzTLGf960EaMA_C7qndnn
460,Furniture,,,Semi-Gloss Polish,FALSE,,SPTP.263.23,RECTA WST TABLE,100 Cm + 60 Cm + 5 Cm,65,1,https://drive.google.com/uc?export=view&id=10qSWJUwzGkZQYAgWxzXAJeGopHZrTRzr
461,Furniture,,,Semi-Gloss Polish,FALSE,,SPTP.225.23,RECTA WST TABLE,100 Cm + 54 Cm + 4 Cm,50,0,https://drive.google.com/uc?export=view&id=15V0fLuF4v5jxFEBJNHHbZyohGFPGA2NH
462,Living Room,,,Semi-Gloss Polish,FALSE,,CFTP.1136.22,ROUND COFFEE TABLE,73 Cm + 55 Cm + 5 Cm,35,1,https://drive.google.com/uc?export=view&id=1jDwRLf7ZKHtfqBhCSwPz7Ec823rTMKTK
463,Furniture,,,Semi-Gloss Polish,FALSE,,STJM.017,SIDE TABLE JAMUR,53 Cm + 43 Cm + 42 Cm,54,1,https://drive.google.com/uc?export=view&id=1_zmWRw2rfmr1aw9LedigVik-r5yRrMo8
464,Furniture,,,Semi-Gloss Polish,FALSE,,STJM.018,SIDE TABLE JAMUR,59 Cm + 43 Cm + 38 Cm,58,0,https://drive.google.com/uc?export=view&id=1leownXT_id4dT7CYm06EjjIvFwsF6xeD
465,Furniture,,,Semi-Gloss Polish,FALSE,,STJM.019,SIDE TABLE JAMUR,60 Cm + 45 Cm + 40 Cm,58,1,https://drive.google.com/uc?export=view&id=12uToCJ5QEwdUiV9gT0Qdb3734R6dpXVQ
466,Furniture,,,Semi-Gloss Polish,FALSE,,STJM.020,SIDE TABLE JAMUR,50 Cm + 40 Cm + 38 Cm,46,1,https://drive.google.com/uc?export=view&id=1_vjbY_kDRE-BudFXI0sOCaZeKlar6YMY
467,Furniture,,,Semi-Gloss Polish,FALSE,,STJM.021,SIDE TABLE JAMUR,60 Cm + 44 Cm + 47 Cm,58,1,https://drive.google.com/uc?export=view&id=1--x5kkAGlknkcSb_Yvmwwx0oPOzq43DA
468,Furniture,,,Semi-Gloss Polish,FALSE,,STJM.022,SIDE TABLE JAMUR,54 Cm + 44 Cm + 41 Cm,52,1,https://drive.google.com/uc?export=view&id=1FGPGqWHgW1m1WCV_kbYxLFTX_d2JWWqZ
469,Furniture,,,Semi-Gloss Polish,FALSE,,STJM.023,SIDE TABLE JAMUR,57 Cm + 51 Cm + 47 Cm,64,0,https://drive.google.com/uc?export=view&id=107Q1DlGsIZKYM7c3Y3AOhF0ikwGKkruX
470,Furniture,,,Semi-Gloss Polish,FALSE,,STJM.024,SIDE TABLE JAMUR,56 Cm + 52 Cm + 39 Cm,60,0,https://drive.google.com/uc?export=view&id=1PlezPLgv7p9xbxSOvVQ7DAW0EMvhP3j6
471,Furniture,,,Semi-Gloss Polish,FALSE,,STJM.025,SIDE TABLE JAMUR,58 Cm + 44 Cm + 48 Cm,64,0,https://drive.google.com/uc?export=view&id=1v05ZfBtIdK7S9uNAElZ_SJZPuIf3NRBL
472,Furniture,,,Semi-Gloss Polish,FALSE,,STJM.026,SIDE TABLE JAMUR,56 Cm + 40 Cm + 38 Cm,52,1,https://drive.google.com/uc?export=view&id=1D7Egu8odRv3vgN9s56v1CRCD4_iWSswT
473,Furniture,,,Semi-Gloss Polish,FALSE,,CFTPN.032,SLICE SIDE TABLE,42 Cm + 33 Cm + 4 Cm,9,1,https://drive.google.com/uc?export=view&id=11QibxifwUBncGu-bCytJV6RWfB2vXZFy
474,Furniture,,,Semi-Gloss Polish,FALSE,,STJM.027,SIDE TABLE JAMUR,58 Cm + 45 Cm + 48 Cm,62,1,https://drive.google.com/uc?export=view&id=1rKKMAZ2uPAd3gfKi4d2lM2bO0CKY4PpQ
475,Furniture,,,Semi-Gloss Polish,FALSE,,CFTPN.033,SLICE SIDE TABLE,36 Cm + 28 Cm + 4 Cm,10,1,https://drive.google.com/uc?export=view&id=1SK1N4L773xmDe_X7aJQ7j33D20nv-Ezd
476,Furniture,,,Semi-Gloss Polish,FALSE,,STJM.028,SIDE TABLE JAMUR,59 Cm + 46 Cm + 38 Cm,58,1,https://drive.google.com/uc?export=view&id=1vi1Yg_6sspBCulN8YFg1X1FCz2blKzsX
477,Furniture,,,Semi-Gloss Polish,FALSE,,CFTPN.034,SLICE SIDE TABLE,36 Cm + 27 Cm + 4 Cm,9,1,https://drive.google.com/uc?export=view&id=1AxY-KjP5LT76IwBj3bQC2p1Oo7hyVb6O
478,Furniture,,,Semi-Gloss Polish,FALSE,,CFTPN.035,SLICE SIDE TABLE,37 Cm + 27 Cm + 4 Cm,6,1,https://drive.google.com/uc?export=view&id=1IGpY2mfrt7xvmarQHPDjTZky0oqVv_1Y
479,Furniture,,,Semi-Gloss Polish,FALSE,,STJM.029,SIDE TABLE JAMUR,53 Cm + 37 Cm + 47 Cm,56,1,https://drive.google.com/uc?export=view&id=1e86XuTyDFh4Sdo0CjKxRL0fEW-em1SGG
480,Furniture,,,Semi-Gloss Polish,FALSE,,CFTPN.036,SLICE SIDE TABLE,36 Cm + 26 Cm + 4 Cm,5,1,https://drive.google.com/uc?export=view&id=1qTWe1d27qVKMg9z38HwbbFqumMCAPdBh
481,Furniture,,,Semi-Gloss Polish,FALSE,,STJM.030,SIDE TABLE JAMUR,52 Cm + 37 Cm + 39 Cm,48,1,https://drive.google.com/uc?export=view&id=1KfKODaCVuq3S3COVbbB91gntSr4aFIRW
482,Furniture,,,Semi-Gloss Polish,FALSE,,CFTPN.037,SLICE SIDE TABLE,37 Cm + 28 Cm + 4 Cm,9,1,https://drive.google.com/uc?export=view&id=1JIOi-Y44oLID37MaxfJscrhYkdEOvj3U
483,Furniture,,,Semi-Gloss Polish,FALSE,,CFTPN.038,SLICE SIDE TABLE,43 Cm + 35 Cm + 4 Cm,12,1,https://drive.google.com/uc?export=view&id=1rfn9UkVRKr0FHZuwzSD6Ia7_2xqLV0Wz
484,Furniture,,,Semi-Gloss Polish,FALSE,,CFTPN.039,SLICE SIDE TABLE,35 Cm + 30 Cm + 4 Cm,7,1,https://drive.google.com/uc?export=view&id=17N91K85GZZB8oFoosD5KFFpbf427nOhL
485,Furniture,,,Semi-Gloss Polish,FALSE,,STJM.031,SIDE TABLE JAMUR,48 Cm + 40 Cm + 48 Cm,44,1,
486,Furniture,,,Semi-Gloss Polish,FALSE,,CFTPN.040,SLICE SIDE TABLE,40 Cm + 31 Cm + 4 Cm,12,1,https://drive.google.com/uc?export=view&id=1aeSo2aMEm4sYiEBXspEdZTirXUDZDJAR
487,Furniture,,,Semi-Gloss Polish,FALSE,,CFTPN.041,SLICE SIDE TABLE,34 Cm + 26 Cm + 4 Cm,7,1,
488,Furniture,,,Semi-Gloss Polish,FALSE,,STJM.032,SIDE TABLE JAMUR,49 Cm + 40 Cm + 38 Cm,38,1,https://drive.google.com/uc?export=view&id=1f93DbJ2HTvzORNwVijZOspudHynAn4aV
489,Furniture,,,Semi-Gloss Polish,FALSE,,CFTPN.042,SLICE SIDE TABLE,41 Cm + 32 Cm + 4 Cm,12,1,https://drive.google.com/uc?export=view&id=1h0mJXxbwUJdnaEP5A7qS69sVlYFI0q16
490,Furniture,,,Semi-Gloss Polish,FALSE,,CFTPN.043,SLICE SIDE TABLE,36 Cm + 31 Cm + 4 Cm,10,1,https://drive.google.com/uc?export=view&id=1j1E5Lvkg0NUhrN4asdCHNuK-8eWYtvYl
491,Furniture,,,Semi-Gloss Polish,FALSE,,CFTPN.044,SLICE SIDE TABLE,35 Cm + 26 Cm + 4 Cm,10,1,https://drive.google.com/uc?export=view&id=1jOfnASIoz4J99scIsxiFQv6n-lQzVYKq
492,Furniture,,,Semi-Gloss Polish,FALSE,,CFTPN.045,SLICE SIDE TABLE,35 Cm + 26 Cm + 4 Cm,12,1,https://drive.google.com/uc?export=view&id=1SMmu2S9URm1kSwUJAv7oBurC3UxDsaRg
493,Furniture,,,Semi-Gloss Polish,FALSE,,CFTPN.046,SLICE SIDE TABLE,42 Cm + 41 Cm + 4 Cm,15,1,https://drive.google.com/uc?export=view&id=1NntbKt0nCtH4OjDSpoSBI65jFC4osxq1
494,Furniture,,,Semi-Gloss Polish,FALSE,,CFTPN.047,SLICE SIDE TABLE,36 Cm + 29 Cm + 4 Cm,10,1,https://drive.google.com/uc?export=view&id=1Ja1f4VwS_DCtXsUwLI2ElQDrhYAxuES7
495,Furniture,,,Semi-Gloss Polish,FALSE,,CFTPN.048,SLICE SIDE TABLE,42 Cm + 35 Cm + 4 Cm,14,1,https://drive.google.com/uc?export=view&id=1qhi12AeeHb98yUzBpUCu6AdgSKnh0iP0
496,Furniture,,,Semi-Gloss Polish,FALSE,,CFTPN.049,SLICE SIDE TABLE,40 Cm + 31 Cm + 4 Cm,12,1,https://drive.google.com/uc?export=view&id=1Ke7DdBjZMGtPDWJ4JinGexYxuxs3_uMI
497,Furniture,,,Semi-Gloss Polish,FALSE,,CFTPN.050,SLICE SIDE TABLE,41 Cm + 38 Cm + 4 Cm,15,1,https://drive.google.com/uc?export=view&id=1h2G_pWx9x4ytjEYjU23bxfvAxOe0I0nK
498,Furniture,,,Semi-Gloss Polish,FALSE,,CFTPN.051,SLICE SIDE TABLE,43 Cm + 34 Cm + 4 Cm,15,1,https://drive.google.com/uc?export=view&id=1PistUIPgSTo5h8JD1s8HhpgJaDutdhjR
499,Furniture,,,Semi-Gloss Polish,FALSE,,713.23,ROUND SLICE COFFEE TABLE,55 Cm + 43 Cm + 3 Cm,12,0,https://drive.google.com/uc?export=view&id=1Wv-mMi4zBaSCvpKR9q5nmnXX253IlxJS
500,Living Room,,,Semi-Gloss Polish,FALSE,,CFTPN.052,ROUND SLICE COFFEE TABLE,79 Cm + 45 Cm + 4 Cm,25,1,https://drive.google.com/uc?export=view&id=1qgjMiTVBXG6uUQXTLX70pKV2kTx8a7yK
501,Living Room,,,Semi-Gloss Polish,FALSE,,CFTPN.053,ROUND SLICE COFFEE TABLE,60 Cm + 54 Cm + 5 Cm,27,1,https://drive.google.com/uc?export=view&id=1guT8AYbY_yy00gIYEEHzJepAzANTaujQ
502,Living Room,,,Semi-Gloss Polish,FALSE,,CFTPN.054,ROUND SLICE COFFEE TABLE,57 Cm + 55 Cm + 5 Cm,23,1,https://drive.google.com/uc?export=view&id=1sJtuh38hQEYULaTAHrUI4HbbJkqnrAug
503,Furniture,,,Semi-Gloss Polish,FALSE,,CFTP.4293.21,SLICE SIDE TABLE,66 Cm + 50 Cm + 4 Cm,24,0,https://drive.google.com/uc?export=view&id=1jVo_BlDrW3oERTK3OyzrghZ73094OGR0
504,Furniture,,,Semi-Gloss Polish,FALSE,,749.23,ROUND SLICE COFFEE TABLE,53 Cm + 43 Cm + 3 Cm,11,0,https://drive.google.com/uc?export=view&id=1K9UX1hDyy6tGQbV23XwqC20HGOkPCCgd
505,Furniture,,,Semi-Gloss Polish,FALSE,,CFTP.3029.21,ROUND COFFEE TABLE,78 Cm + 59 Cm + 4 Cm,35,0,https://drive.google.com/uc?export=view&id=1deY-zk6bmh39Tu3Jizl90iCTp-qY-TNf
506,Living Room,,,Semi-Gloss Polish,FALSE,,CFTP.4365.21,ROUND SLICE COFFEE TABLE,60 Cm + 53 Cm + 4 Cm,25,1,https://drive.google.com/uc?export=view&id=1gBBycNjdwlWlSXP_PCoEfprhuLI7XUHZ
507,Furniture,,,Semi-Gloss Polish,FALSE,,CFTPN.055,SLICE SIDE TABLE,52 Cm + 42 Cm + 4 Cm,18,0,https://drive.google.com/uc?export=view&id=1GSNsLsgjgUPxymqYBbi-vdSmBHgrtOi7
508,Living Room,,,Semi-Gloss Polish,FALSE,,CFTPN.056,ROUND SLICE COFFEE TABLE,56 Cm + 45 Cm + 4 Cm,20,1,https://drive.google.com/uc?export=view&id=13Web_zkCpau7A8mUJOYlGrWXqRNOTyL6
509,Living Room,,,Semi-Gloss Polish,FALSE,,SBTP.1236.22,ROUND COFFEE TABLE,118 Cm + 37 Cm + 4 Cm,31,1,https://drive.google.com/uc?export=view&id=1Y7Fk87y1S_H6CjZF3NrgwCpQ2Ssut3bR
510,Furniture,,,Semi-Gloss Polish,FALSE,,SBTPN.018,ROUND COFFEE TABLE,108 Cm + 35 Cm + 4 Cm,32,0,https://drive.google.com/uc?export=view&id=1BQJrKrKdQMVzJIpYrgoEbpOHPel2ZY5s
511,Living Room,,,Semi-Gloss Polish,FALSE,,SBTPN.019,ROUND COFFEE TABLE,107 Cm + 36 Cm + 4 Cm,30,1,https://drive.google.com/uc?export=view&id=1HbdMLZIr7qCBM79wk1pC4aZasv5_ij2D
512,Living Room,,,Semi-Gloss Polish,FALSE,,SBTPN.020,ROUND COFFEE TABLE,117 Cm + 45 Cm + 4 Cm,35,1,https://drive.google.com/uc?export=view&id=1mYpBUswCuvKMdYpWlDBBC5zc0jDzuJ3w
513,Furniture,,,Semi-Gloss Polish,FALSE,,FC.2.21,FACE,20 Cm + 11 Cm + 52 Cm,24,1,https://drive.google.com/uc?export=view&id=1jOyX2jLX2TLpqJJ87OQBhYn6GNkvfCEw
514,Living Room,,,Semi-Gloss Polish,FALSE,,SBTP.1237.23,ROUND COFFEE TABLE,110 Cm + 36 Cm + 4 Cm,29,1,https://drive.google.com/uc?export=view&id=1PcDr1hdT7ljXoOwY32-R8RL1J_xG9Fzg
515,Furniture,,,Semi-Gloss Polish,FALSE,,FC.11.21,FACE,34 Cm + 23 Cm + 59 Cm,63,0,https://drive.google.com/uc?export=view&id=1dHTtt0qQzTElw6tLDS1krFNUScm6vTlD
516,Living Room,,,Semi-Gloss Polish,FALSE,,CFTPN.057,ROUND SLICE COFFEE TABLE,55 Cm + 45 Cm + 4 Cm,15,1,https://drive.google.com/uc?export=view&id=1XVUNo2srPXcz9RhtP9qVqJmlV8jDsyTP
517,Furniture,,,Semi-Gloss Polish,FALSE,,CFTP.4301.21,ROUND COFFEE TABLE,76 Cm + 61 Cm + 4 Cm,34,0,https://drive.google.com/uc?export=view&id=1UzPa-2kbl-afESDpJ6uA0io3jYWNGTtq
518,Furniture,,,Semi-Gloss Polish,FALSE,,CFTP.4012.21,ROUND COFFEE TABLE,65 Cm + 51 Cm + 4 Cm,23,0,https://drive.google.com/uc?export=view&id=1LUSREQlnQub3kjxGSWWltXRsiyWkDkgE
519,Living Room,,,Semi-Gloss Polish,FALSE,,CFTPN.058,ROUND SLICE COFFEE TABLE,58 Cm + 52 Cm + 5 Cm,25,1,https://drive.google.com/uc?export=view&id=1wF0os_E6VtqzplN9tvYgWiSq4EJfz4xz
520,Living Room,,,Semi-Gloss Polish,FALSE,,CFTP.398.22,ROUND SLICE COFFEE TABLE,65 Cm + 51 Cm + 4 Cm,27,1,https://drive.google.com/uc?export=view&id=1-ch6WDLPWSSEuGv3LD3wqym2MathSEDg
521,Living Room,,,Semi-Gloss Polish,FALSE,,CFTPN.059,ROUND SLICE COFFEE TABLE,69 Cm + 63 Cm + 4 Cm,30,1,https://drive.google.com/uc?export=view&id=16yfLTKniBp9ejb5QZksIx3zgJPCTmiTw
522,Living Room,,,Semi-Gloss Polish,FALSE,,CFTP.1531.21,ROUND SLICE COFFEE TABLE,65 Cm + 57 Cm + 4 Cm,27,1,https://drive.google.com/uc?export=view&id=1-yAHjxCqDe0IOp-1wliLnvwfgrxst1oN
523,Furniture,,,Semi-Gloss Polish,FALSE,,SLDC.001,BIG SLAB DECO,90 Cm + 75 Cm + 178 Cm,444,0,https://drive.google.com/uc?export=view&id=1Lj_XUzlZgWHh_u7y87d8EDTx33KJAF8W
524,Furniture,,,Semi-Gloss Polish,FALSE,,SLDC.002,BIG SLAB DECO,91 Cm + 72 Cm + 173 Cm,352,0,https://drive.google.com/uc?export=view&id=1EjLhtCJk5HpqGzGtThWrO2vd5NwUtcfP
525,Living Room,,,Semi-Gloss Polish,FALSE,,CFTPN.060,ROUND SLICE COFFEE TABLE,81 Cm + 54 Cm + 5 Cm,35,1,https://drive.google.com/uc?export=view&id=1CvdewRzVOg2kzvjILvcL9cS2fq-Vh5hy
526,Furniture,,,Semi-Gloss Polish,FALSE,,CFTPN.061,SLICE COFFEE TABLE,80 Cm + 64 Cm + 4 Cm,35,0,https://drive.google.com/uc?export=view&id=1AQjjT5A1L08sxzo8douxOd67WxvBKRcl
527,Furniture,,,Semi-Gloss Polish,FALSE,,SLDC.003,BIG SLAB DECO,91 Cm + 63 Cm + 174 Cm,433,0,https://drive.google.com/uc?export=view&id=13NCQh8GapKKzrtXxKLkOUZvv2e482R2s
528,Living Room,,,Semi-Gloss Polish,FALSE,,CFTPN.062,ROUND SLICE COFFEE TABLE,80 Cm + 64 Cm + 4 Cm,35,1,https://drive.google.com/uc?export=view&id=10wSXpe2rt4hvLYYUkza0PJIj2JvRxfA7
529,Living Room,,,Semi-Gloss Polish,FALSE,,CFTPN.063,ROUND SLICE COFFEE TABLE,84 Cm + 65 Cm + 4 Cm,35,1,https://drive.google.com/uc?export=view&id=19EB4ljh9eSRHboxJz_dc0vOWmyBFuAqE
530,Furniture,,,Semi-Gloss Polish,FALSE,,SLDC.004,BIG SLAB DECO,93 Cm + 78 Cm + 170 Cm,247,0,https://drive.google.com/uc?export=view&id=1wkqPDt-zvDT94biCZOCiD9vzK_dzVoFG
531,Furniture,,,Semi-Gloss Polish,FALSE,,SLDC.005,BIG SLAB DECO,93 Cm + 75 Cm + 166 Cm,351,-1,https://drive.google.com/uc?export=view&id=12klsyZUVqKIVYKQT10SUeX8QjQTgrYUw
532,Living Room,,,Semi-Gloss Polish,FALSE,,CFTPN.064,ROUND SLICE COFFEE TABLE,65 Cm + 57 Cm + 4.5 Cm,29,1,https://drive.google.com/uc?export=view&id=1a8W93KUhmKHlOfsXxvqhbPH3UhkwDZ-V
533,Furniture,,,Semi-Gloss Polish,FALSE,,SLDC.006,BIG SLAB DECO,90 Cm + 73 Cm + 178 Cm,358,0,https://drive.google.com/uc?export=view&id=1hITQLgGjOc3ZhwFm9s4Ddw4RTQ7jxcFw
534,Living Room,,,Semi-Gloss Polish,FALSE,,CFTPN.065,ROUND SLICE COFFEE TABLE,63 Cm + 54 Cm + 4 Cm,26,1,https://drive.google.com/uc?export=view&id=1n00RoR5vlpr_1x0-eXSw860yto-YWzHY
535,Living Room,,,Semi-Gloss Polish,FALSE,,CFTP.25.23,ROUND SLICE COFFEE TABLE,54 Cm + 45 Cm + 4 Cm,14,1,https://drive.google.com/uc?export=view&id=1n-4GmALvtR1xeO3qG74qklNQqNDEHzVC
536,Furniture,,,Semi-Gloss Polish,FALSE,,CFFP.55.23,COIN SIDE TABLE,50 Cm + 50 Cm + 4.5 Cm,20,1,https://drive.google.com/uc?export=view&id=1DEAlL_5JXMhsJY12N2GoYWNHt6KQMPBs
537,Furniture,,,Semi-Gloss Polish,FALSE,,CFFP.58.22,COIN SIDE TABLE,50 Cm + 50 Cm + 5 Cm,27,1,https://drive.google.com/uc?export=view&id=1Ht0SybwTfhnQkSS7MxAzzZX9Ytv3X6KP
538,Furniture,,,Semi-Gloss Polish,FALSE,,CFFP.56.23,COIN SIDE TABLE,50 Cm + 50 Cm + 5 Cm,24,1,https://drive.google.com/uc?export=view&id=1SgMHuBH0qcvk5flCqTgA5oUxIbHXUERW
539,Furniture,,,Semi-Gloss Polish,FALSE,,CFTP.1577.22,SLICE SIDE TABLE,59 Cm + 55 Cm + 4.5 Cm,24,0,https://drive.google.com/uc?export=view&id=1RuHkgvyEbpNTzmwlA7cKQ5yoQUilnN9n
540,Furniture,,,Semi-Gloss Polish,FALSE,,CFTP.1279.22,SLICE SIDE TABLE,63 Cm + 53 Cm + 4 Cm,23,0,https://drive.google.com/uc?export=view&id=1N7Z5XtZOu0N_izaLvBKfAWVZ-FVltPgS
541,Furniture,,,Semi-Gloss Polish,FALSE,,CFTP.1275.22,SLICE SIDE TABLE,60 Cm + 54 Cm + 4 Cm,23,0,https://drive.google.com/uc?export=view&id=1EcPe8IfP9BURuMa_S9g33v7vIdVEI3nV
542,Living Room,,,Semi-Gloss Polish,FALSE,,CFTP.4105.21,ROUND SLICE COFFEE TABLE,71 Cm + 61 Cm + 4 Cm,28,1,https://drive.google.com/uc?export=view&id=1iQl9EcCriyam9DCYYgp2Q7pMXzBCx0ug
543,Furniture,,,Semi-Gloss Polish,FALSE,,CFTP.4298.21,SLICE COFFEE TABLE,76 Cm + 60 Cm + 4 Cm,34,0,https://drive.google.com/uc?export=view&id=1eb8qZE7-lRjDb69L2Q_dhKUmdlbTFjLX
544,Furniture,,,Semi-Gloss Polish,FALSE,,CFFP.54.23,COIN SIDE TABLE,50 Cm + 50 Cm + 5 Cm,24,1,https://drive.google.com/uc?export=view&id=1Q4Qfws3-tFenY_Vyt0icO1jdrjn9oZ14
545,Furniture,,,Semi-Gloss Polish,FALSE,,DB.001,DECO BAMBOO,20 Cm + 13 Cm + 52 Cm,12,0,https://drive.google.com/uc?export=view&id=1LBI56qMlw6MVvaQIeoe4nApRQBH1ubw-
546,Living Room,,,Semi-Gloss Polish,FALSE,,CFTP.1319.21,ROUND SLICE COFFEE TABLE,59 Cm + 46 Cm + 4 Cm,24,1,https://drive.google.com/uc?export=view&id=1vf27pm2svktJeuwoN-YB-e9V3Smeyg37
547,Furniture,,,Semi-Gloss Polish,FALSE,,CFTPKN.005,PALM COFFEE TABLE,86 Cm + 69 Cm + 6 Cm,60,0,https://drive.google.com/uc?export=view&id=1TV5CJZLKsPFoH7HNk16lmq7Bi4jB07eu
548,Furniture,,,Semi-Gloss Polish,FALSE,,DB.002,DECO BAMBOO,30 Cm + 25 Cm + 107 Cm,124,0,https://drive.google.com/uc?export=view&id=1WaNqWi5DuopMrjUgs2bIfF9u4gIecIYd
549,Living Room,,,Semi-Gloss Polish,FALSE,,CFTP.4244.21,ROUND SLICE COFFEE TABLE,65 Cm + 59 Cm + 4 Cm,24,1,https://drive.google.com/uc?export=view&id=1n-IBdqPKPcMuThxZ0YfmWARCWuP42hw2
550,Furniture,,,Semi-Gloss Polish,FALSE,,DB.003,DECO BAMBOO,19 Cm + 13 Cm + 107 Cm,27,1,https://drive.google.com/uc?export=view&id=1JYBpytj_sD5ma-BkjjA69w543NnaCI0l
551,Dining Room,,,Semi-Gloss Polish,FALSE,,SBMOSLP.3.23,MOSAIC ROUND DINING TABLE,150 Cm + 150 Cm + 4 Cm,75,1,https://drive.google.com/uc?export=view&id=1U-Pv3tQHgZxI50kBtkGAqzPhF5Fktq0i
552,Dining Room,,,Semi-Gloss Polish,FALSE,,SBMOSLP.1.23,MOSAIC ROUND DINING TABLE,150 Cm + 150 Cm + 4 Cm,75,1,https://drive.google.com/uc?export=view&id=1WhF8lDQ8yGLp1kTOQD-i5JvBQsRQFiXM
553,Dining Room,,,Semi-Gloss Polish,FALSE,,SBMOS.31.22,ROUND DINING TABLE MOS,153 Cm + 153 Cm + 5 Cm,128,1,https://drive.google.com/uc?export=view&id=1ma4DEcdsJ3ZJalrolR-aKU3vAsxW33_O
554,Furniture,,,Semi-Gloss Polish,FALSE,,SBMOSN.001,ROUND DINING TABLE MOS,153 Cm + 153 Cm + 4 Cm,103,0,https://drive.google.com/uc?export=view&id=1_uhqKk_HfE1eRqzWdrCEDQD-ZSr-u7Dh
555,Furniture,,,Semi-Gloss Polish,FALSE,,CFTPN.066,SLICE COFFEE TABLE,78 Cm + 59 Cm + 5 Cm,32,0,https://drive.google.com/uc?export=view&id=1y88mIx2rbDNSv9APgSx113Cn6GIjHEia
556,Furniture,,,Semi-Gloss Polish,FALSE,,BBRN.001,BAR STOOL,44 Cm + 43 Cm + 56 Cm,12,0,https://drive.google.com/uc?export=view&id=1RkZgdTzJjRrSU6BPRWH9O6GeEnl_qDR1
557,Living Room,,,Semi-Gloss Polish,FALSE,,CFTPN.067,ROUND SLICE COFFEE TABLE,66 Cm + 50 Cm + 4 Cm,25,1,https://drive.google.com/uc?export=view&id=1PBKbIn8rHi0p5bLNAV6WWb3H_ghxlALl
558,Furniture,,,Semi-Gloss Polish,FALSE,,BBRN.002,BAR STOOL,43 Cm + 43 Cm + 46 Cm,12,0,https://drive.google.com/uc?export=view&id=1TjDcgooegi3Nxe8V71mh_MEzoESqijkp
559,Living Room,,,Semi-Gloss Polish,FALSE,,CFTPN.068,ROUND SLICE COFFEE TABLE,71 Cm + 43 Cm + 4 Cm,24,1,https://drive.google.com/uc?export=view&id=1tBnjVWih9MTvJwkpjMhPpvvAG51dCx7M
560,Furniture,,,Semi-Gloss Polish,FALSE,,BBRN.003,BAR STOOL,43 Cm + 43 Cm + 57 Cm,12,0,https://drive.google.com/uc?export=view&id=1B6zMBDFxH4QLeTA4c5fW6IHtja2eiEbP
561,Furniture,,,Semi-Gloss Polish,FALSE,,CFT.069,SLICE SIDE TABLE,60 Cm + 57 Cm + 5 Cm,30,0,https://drive.google.com/uc?export=view&id=1TsNZhQq_dZoP67RhtjHG5a45xpkpqlkQ
562,Furniture,,,Semi-Gloss Polish,FALSE,,BBRN.004,BAR STOOL,43 Cm + 43 Cm + 72 Cm,11,0,https://drive.google.com/uc?export=view&id=1BWgfFN2rmYeak8nOZqrbZ8MEJWPC7xAb
563,Living Room,,,Semi-Gloss Polish,FALSE,,CFTPN.070,ROUND SLICE COFFEE TABLE,67 Cm + 56 Cm + 4 Cm,30,1,https://drive.google.com/uc?export=view&id=1s7QphZprwEtqbkozxqm0uM4GvojC-6N9
564,Furniture,,,Semi-Gloss Polish,FALSE,,BBRN.05,BAR STOOL,43 Cm + 43 Cm + 72 Cm,14,0,https://drive.google.com/uc?export=view&id=1wMMYJ-g2VzLoo9nFO46ak1sW0UxJqQRi
565,Living Room,,,Semi-Gloss Polish,FALSE,,CFTPN.071,ROUND SLICE COFFEE TABLE,69 Cm + 48 Cm + 5 Cm,30,1,https://drive.google.com/uc?export=view&id=1T3SJ5E2gKya7LvAO-LKPkWYAbUECMqk3
566,Furniture,,,Semi-Gloss Polish,FALSE,,BBRN.006,BAR STOOL,43 Cm + 43 Cm + 72 Cm,13,0,https://drive.google.com/uc?export=view&id=1rbU-FMeWVDkUg2hpYGrIMmuP1Y9V7VjS
567,Living Room,,,Semi-Gloss Polish,FALSE,,CFTPN.072,ROUND SLICE COFFEE TABLE,74 Cm + 68 Cm + 4 Cm,37,1,https://drive.google.com/uc?export=view&id=1D-vr5EhjyhMtXsQdpnaHoRINHXLf2WGd
568,Furniture,,,Semi-Gloss Polish,FALSE,,CFTPN.073,SLICE COFFEE TABLE,71 Cm + 64 Cm + 4 Cm,34,0,https://drive.google.com/uc?export=view&id=1u679EPuUnOP0gJTdMrgBYI7hg8T0LF-t
569,Furniture,,,Semi-Gloss Polish,FALSE,,BBRN.007,BAR STOOL,43 Cm + 43 Cm + 57 Cm,14,0,https://drive.google.com/uc?export=view&id=1tKi073ftgtQdmrhLlcvjB8B2Jq2yQfk2
570,Furniture,,,Semi-Gloss Polish,FALSE,,CFTPN074,ROUND SLICE COFFEE TABLE,66 Cm + 58 Cm + 4 Cm,30,0,https://drive.google.com/uc?export=view&id=16JOA4MS5V4uV_g62lDGGOQQd5ViADIaW
571,Furniture,,,Semi-Gloss Polish,FALSE,,CFTPN.075,SLICE COFFEE TABLE,72 Cm + 62 Cm + 4 Cm,36,0,https://drive.google.com/uc?export=view&id=1hXZr7ycQdiRbMdLFgOd-OnPwm05179jf
572,Bathub,,,Semi-Gloss Polish,FALSE,,BTHMOS.1.22,BATHTUB MOS,178 Cm + 80 Cm + 71 Cm,420,1,https://drive.google.com/uc?export=view&id=1IeeO-Gzh349I90HDFdlpvnrBVDUoKTc0
573,Living Room,,,Semi-Gloss Polish,FALSE,,CFTPN.076,ROUND SLICE COFFEE TABLE,72 Cm + 62 Cm + 5 Cm,38,1,https://drive.google.com/uc?export=view&id=1xhYAj2V7c2ttAG6xamWRkmN4EIICTw9z
574,Furniture,,,Semi-Gloss Polish,FALSE,,CFTPN.077,SLICE COFFEE TABLE,73 Cm + 62 Cm + 4 Cm,37,0,https://drive.google.com/uc?export=view&id=1_joO_0bgK5C809J2YAV30RJXrA6s5TFf
575,Furniture,,,Semi-Gloss Polish,FALSE,,CFTPN.078,SLICE COFFEE TABLE,72 Cm + 61 Cm + 4 Cm,36,0,https://drive.google.com/uc?export=view&id=1rnm2d66Dph2xGX1VQxxJpRHV50cCRO_E
576,Furniture,,,Semi-Gloss Polish,FALSE,,SPTPN.003,RECTA BOTTLE HOLDER,235 Cm + 50 Cm + 4 Cm,115,1,https://drive.google.com/uc?export=view&id=1u_6Tw8tJP2VBoF9NV8IeWLqGdaJRtXjQ
577,Furniture,,,Semi-Gloss Polish,FALSE,,CFTPN.079,SLICE COFFEE TABLE,72 Cm + 63 Cm + 4.5 Cm,36,0,https://drive.google.com/uc?export=view&id=1BMcOIMANmRV1aFHj1bNrvZd8WaNHCe0i
578,Furniture,,,Semi-Gloss Polish,FALSE,,CFTPN.080,SLICE COFFEE TABLE,74 Cm + 63 Cm + 4.5 Cm,36,0,https://drive.google.com/uc?export=view&id=1rFtcygaTbpNF-LnVcSs_FtWC2zFtEjV7
579,Furniture,,,Semi-Gloss Polish,FALSE,,SPTPN.004,RECTA BOTTLE HOLDER,230 Cm + 47 Cm + 3 Cm,95,1,https://drive.google.com/uc?export=view&id=1BSz-iIdigq4wRLsaF9vday7d8rzaMKhy
580,Furniture,,,Semi-Gloss Polish,FALSE,,CFTPN.081,ROUND SLICE COFFEE TABLE,70 Cm + 63 Cm + 4 Cm,30,0,https://drive.google.com/uc?export=view&id=10JrGytPvdm8N6iKH9tGwsXcLNyK_1MAu
581,Furniture,,,Semi-Gloss Polish,FALSE,,CFTPN.082,SLICE COFFEE TABLE,86 Cm + 53 Cm + 4.5 Cm,37,0,https://drive.google.com/uc?export=view&id=1dmPuxUonnE8Ii-tMd2tq0lPTaDUhketV
582,Furniture,,,Semi-Gloss Polish,FALSE,,FP.001,PALM GIANT ROOT,100 Cm + 95 Cm + 130 Cm,1330,1,https://drive.google.com/uc?export=view&id=1fxyoneeJuHpIB4OuGzrOVtUrcpFHl7kw
583,Furniture,,,Semi-Gloss Polish,FALSE,,CFTPN.083,SLICE COFFEE TABLE,79 Cm + 59 Cm + 4.5 Cm,34,0,https://drive.google.com/uc?export=view&id=1jyXxSAB1zFCgBQvjRGCgAdDmQRxlhsdd
584,Furniture,,,Semi-Gloss Polish,FALSE,,CFT.084,ROUND SLICE COFFEE TABLE,70 Cm + 66 Cm + 4.5 Cm,38,0,https://drive.google.com/uc?export=view&id=1VWxoNdlBgxPuSMs5ljKu81gXK2QgbWkZ
585,Furniture,,,Semi-Gloss Polish,FALSE,,TR.001,TREE,59 Cm + 48 Cm + 390 Cm,2000,0,https://drive.google.com/uc?export=view&id=1w7XNGkkUSSrGAK3JX14bayf447HPHpAi
586,Furniture,,,Semi-Gloss Polish,FALSE,,CFTPN.085,SLICE COFFEE TABLE,84 Cm + 55 Cm + 4.5 Cm,35,0,https://drive.google.com/uc?export=view&id=1k71d0BvuOQaq4DEuq4f27aIVIp6epDf2
587,Furniture,,,Semi-Gloss Polish,FALSE,,TR.002,TREE,78 Cm + 68 Cm + 310 Cm,2000,0,https://drive.google.com/uc?export=view&id=1cZi99xL9TmVW0T3GRrJFziR7nWyKbkKF
588,Furniture,,,Semi-Gloss Polish,FALSE,,TR.003,TREE,67 Cm + 55 Cm + 281 Cm,2000,0,https://drive.google.com/uc?export=view&id=1NDsDEQH57-S87LILyqUQgZSLJ2UB-ax5
589,Living Room,,,Semi-Gloss Polish,FALSE,,CFTPN.086,ROUND SLICE COFFEE TABLE,61 Cm + 60 Cm + 4 Cm,27,1,https://drive.google.com/uc?export=view&id=151irVwsvtQiTblqkKF7gjA1kQJV80WtJ
590,Living Room,,,Semi-Gloss Polish,FALSE,,CFTPN.087,ROUND SLICE COFFEE TABLE,70 Cm + 62 Cm + 4 Cm,30,1,https://drive.google.com/uc?export=view&id=1IFsiCTFBklQ_-g0RPRrYWIQKTzJaUQyH
591,Outdoor,,,Semi-Gloss Polish,TRUE,,TR.004,PW TREE,160 Cm + 108 Cm + 14017 Cm,14350,3,https://drive.google.com/uc?export=view&id=1CIk8kqT7HXla1fGFi02i0L8SStxvc7DP
592,Furniture,,,Semi-Gloss Polish,FALSE,,CFT.088,ROUND SLICE COFFEE TABLE,74 Cm + 66 Cm + 4 Cm,38,0,https://drive.google.com/uc?export=view&id=1yWyotrZ5RBAKafF_-0CwWwV2iwdqDRoK
593,Furniture,,,Semi-Gloss Polish,FALSE,,CFTPN.089,ROUND SLICE COFFEE TABLE,64 Cm + 63 Cm + 4 Cm,30,0,https://drive.google.com/uc?export=view&id=1wcRN1ZVwWDCdeEqtGOWVOv5HIJ2R9nvB
594,Living Room,,,Semi-Gloss Polish,FALSE,,CFTPN.090,ROUND SLICE COFFEE TABLE,54 Cm + 41 Cm + 4.5 Cm,20,1,https://drive.google.com/uc?export=view&id=1ZL1m7NqMWPcuhxsyyvNqjSqisVxjresj
595,Living Room,,,Semi-Gloss Polish,FALSE,,CFTPN.091,ROUND SLICE COFFEE TABLE,71 Cm + 51 Cm + 4 Cm,24,1,https://drive.google.com/uc?export=view&id=1ZhEZF5CC4mhFILT4aND1ZpWvHixFe5vp
596,Furniture,,,Semi-Gloss Polish,FALSE,,POTBLM.1.23,POT BUNGA,39 Cm + 39 Cm + 31 Cm,29,1,https://drive.google.com/uc?export=view&id=1qLR4_nm_2MMAa1x-1V904LHppZmf-U9F
597,Furniture,,,Semi-Gloss Polish,FALSE,,POTBLS.2.23,POT BUNGA,37 Cm + 37 Cm + 31 Cm,27,1,https://drive.google.com/uc?export=view&id=1kIFiTIYFaFV8u0JSOqyQBzpgKtzsudPh
598,Furniture,,,Semi-Gloss Polish,FALSE,,POTBLM.2.23,POT BUNGA,39 Cm + 39 Cm + 31 Cm,29,1,https://drive.google.com/uc?export=view&id=1wcpPNEMomt4nQUkdx7ortoUxqvk1TXMW
599,Furniture,,,Semi-Gloss Polish,FALSE,,POTBLS.6.23,POT BUNGA,37 Cm + 37 Cm + 31 Cm,25,1,https://drive.google.com/uc?export=view&id=16iMljxYKrg2E80Lv-5VGrxKHb-GBM5U5
600,Furniture,,,Semi-Gloss Polish,FALSE,,POTBLS.1.23,POT BUNGA,38 Cm + 38 Cm + 32 Cm,40,1,https://drive.google.com/uc?export=view&id=1T0nRT4a2sPW22vC-H93Jkpe7fv6zodWR
601,Furniture,,,Semi-Gloss Polish,FALSE,,POTBLS.7.23,POT BUNGA,37 Cm + 37 Cm + 32 Cm,44,1,https://drive.google.com/uc?export=view&id=1sBLfEW7BLFkoanayTp2grpOizxv6p1iH
602,Furniture,,,Semi-Gloss Polish,FALSE,,POTBLS.3.23,POT BUNGA,37 Cm + 37 Cm + 32 Cm,28,1,https://drive.google.com/uc?export=view&id=15fGnXN4OQGSm_bnrthkm6qPS6nDcowWd
603,Furniture,,,Semi-Gloss Polish,FALSE,,POTBLS.5.23,POT BUNGA,37 Cm + 37 Cm + 31 Cm,25,1,https://drive.google.com/uc?export=view&id=1eDTAzeSP4cIrgDj13NFKRbM9QKdLA-n-
604,Furniture,,,Semi-Gloss Polish,FALSE,,WSTSN.001,WASTAFEL TINGGI BATU SUNGAI,55 Cm + 37 Cm + 80 Cm,300,0,https://drive.google.com/uc?export=view&id=1Z4iiHxDMM49iIKG9XFcnwByZ42elhW8Z
605,Furniture,,,Semi-Gloss Polish,FALSE,,POTBLS.4.23,POT BUNGA,37 Cm + 37 Cm + 31 Cm,35,1,https://drive.google.com/uc?export=view&id=1pJ-k4PU-irzaKUe9PsMjE7OpDALvPpze
606,Furniture,,,Semi-Gloss Polish,FALSE,,POTBLL.1.23,POT BUNGA,50 Cm + 50 Cm + 43 Cm,43,1,https://drive.google.com/uc?export=view&id=1xps5zesR0RiH8tY6kvJPurvwkkeraJZs
607,Furniture,,,Semi-Gloss Polish,FALSE,,POTBLL.2.23,POT BUNGA,50 Cm + 50 Cm + 42 Cm,43,1,https://drive.google.com/uc?export=view&id=15osS863qastN1jiBpU9Wo5oNP7DfXGGS
608,Furniture,,,Semi-Gloss Polish,FALSE,,PRC.2264,PORCELAIN NATURE FULL POLISH,163 Cm + 87 Cm + 17 Cm,800,0,https://drive.google.com/uc?export=view&id=1vHa9PAFDdhTUlaQYPg29O2GE7TmGwhod
609,Living Room,,,Semi-Gloss Polish,FALSE,,CFTPN.092,ROUND SLICE COFFEE TABLE,55 Cm + 43 Cm + 4.5 Cm,17,1,https://drive.google.com/uc?export=view&id=1w9-cyRp8_aY-RCz5LWhNRQxyO4no6u7Y
610,Living Room,,,Semi-Gloss Polish,FALSE,,CFTPN.093,ROUND SLICE COFFEE TABLE,54 Cm + 41 Cm + 4.5 Cm,15,1,https://drive.google.com/uc?export=view&id=1uGsXSUHmNlw9QzRXlhCZp19lp_TP3A9g
611,Living Room,,,Semi-Gloss Polish,FALSE,,CFTPN.094,ROUND SLICE COFFEE TABLE,73 Cm + 44 Cm + 4 Cm,20,1,https://drive.google.com/uc?export=view&id=1aRM_UeCBCyIEryFPf6aps-_2uv51OPS1
612,Living Room,,,Semi-Gloss Polish,FALSE,,CFTPN.095,ROUND SLICE COFFEE TABLE,79 Cm + 42 Cm + 4.5 Cm,20,1,https://drive.google.com/uc?export=view&id=10KBaRojnCt2ULQcjmzABejWQd1-Hoizf
613,Living Room,,,Semi-Gloss Polish,FALSE,,CFTPN.096,ROUND SLICE COFFEE TABLE,86 Cm + 53 Cm + 4 Cm,20,1,https://drive.google.com/uc?export=view&id=1IefgYsyyXauiI4n6Jnf-IRMr6Jr86K9Z
614,Living Room,,,Semi-Gloss Polish,FALSE,,CFTPN.097,ROUND SLICE COFFEE TABLE,85 Cm + 53 Cm + 4 Cm,30,1,https://drive.google.com/uc?export=view&id=10NLxE_xtpS6kyykf9I-xL-c52o4YEeO_
615,Living Room,,,Semi-Gloss Polish,FALSE,,CFTPN.098,ROUND SLICE COFFEE TABLE,74 Cm + 44 Cm + 3.5 Cm,21,1,https://drive.google.com/uc?export=view&id=1G7F4vSo3_MRHJ_D60rLmvKXoKWePfPmh
616,Living Room,,,Semi-Gloss Polish,FALSE,,CFTPN.099,ROUND SLICE COFFEE TABLE,67 Cm + 51 Cm + 4 Cm,23,1,https://drive.google.com/uc?export=view&id=11HTYPnvIxh45XlE1MsOV3rABHVDzR02Y
617,Living Room,,,Semi-Gloss Polish,FALSE,,CFTPN.100,ROUND SLICE COFFEE TABLE,92 Cm + 48 Cm + 3.5 Cm,22,1,https://drive.google.com/uc?export=view&id=18tNjkVNhu6VHT0iISXdwpA2YMPdpjVcC
618,Living Room,,,Semi-Gloss Polish,FALSE,,CFTPN.101,ROUND SLICE COFFEE TABLE,91 Cm + 46 Cm + 4 Cm,22,1,https://drive.google.com/uc?export=view&id=1mE7G5c327byDNQXRHQI-LNb-J0JXPfIh
619,Furniture,,,Semi-Gloss Polish,FALSE,,102,ROUND SLICE COFFEE TABLE,84 Cm + 54 Cm + 4 Cm,34,0,https://drive.google.com/uc?export=view&id=1bUXp5JpUCPeEH71nsiQ_-cMGd-s7okn_
620,Furniture,,,Semi-Gloss Polish,FALSE,,CFTPN.103,SLICE COFFEE TABLE,73 Cm + 63 Cm + 4 Cm,38,0,https://drive.google.com/uc?export=view&id=1dpcljNt6i8voKcs6N_SR5e21PKMr9Olp
621,Furniture,,,Semi-Gloss Polish,FALSE,,CFTPN.104,SLICE COFFEE TABLE,70 Cm + 63 Cm + 4.5 Cm,38,0,https://drive.google.com/uc?export=view&id=1vB8GjR-l3KTZdKeZDfXa-boHbgVzHJ1Z
622,Living Room,,,Semi-Gloss Polish,FALSE,,CFTPN.105,ROUND SLICE COFFEE TABLE,73 Cm + 63 Cm + 4 Cm,38,1,https://drive.google.com/uc?export=view&id=14BYEj6b-Ko2MQSMy4P17FkgovuwUywmO
623,Living Room,,,Semi-Gloss Polish,FALSE,,CFTPN.106,ROUND SLICE COFFEE TABLE,74 Cm + 62 Cm + 4 Cm,36,1,https://drive.google.com/uc?export=view&id=13l9ECiBcssPo7r45CAmbSvi5roCJA05V
624,Living Room,,,Semi-Gloss Polish,FALSE,,CFTPN.107,ROUND SLICE COFFEE TABLE,67 Cm + 51 Cm + 4 Cm,25,1,https://drive.google.com/uc?export=view&id=1nIPSsbyl1N0YQYDOIX2XF0des92hEXhl
625,Living Room,,,Semi-Gloss Polish,FALSE,,CFTPN.108,ROUND SLICE COFFEE TABLE,73 Cm + 58 Cm + 4 Cm,30,1,https://drive.google.com/uc?export=view&id=1gTOMzrgweNgRrY7HjSbWX2U2ThgUJ94p
626,Living Room,,,Semi-Gloss Polish,FALSE,,CFTPN.109,ROUND SLICE COFFEE TABLE,80 Cm + 61 Cm + 4 Cm,32,1,https://drive.google.com/uc?export=view&id=1hiSD-on-YEKAjhVFF1K9zaNWSOuGDR0I
627,Living Room,,,Semi-Gloss Polish,FALSE,,CFTPN.110,ROUND SLICE COFFEE TABLE,65 Cm + 53 Cm + 4 Cm,30,1,https://drive.google.com/uc?export=view&id=1FnUj1bJYUyvWoR5V0wB_DtqK5HNOiJaY
628,Living Room,,,Semi-Gloss Polish,FALSE,,CFTPN.111,ROUND SLICE COFFEE TABLE,71 Cm + 55 Cm + 4 Cm,31,1,https://drive.google.com/uc?export=view&id=1ZSpM1sJt5410y8trwf_9Sno5eT7QBrEn
629,Living Room,,,Semi-Gloss Polish,FALSE,,CFTPN.112,ROUND SLICE COFFEE TABLE,87 Cm + 54 Cm + 4 Cm,30,1,https://drive.google.com/uc?export=view&id=1ro9vtkiKX75KwgywQdNkBjNv_s3Ua_xy
630,Living Room,,,Semi-Gloss Polish,FALSE,,CFTPN.113,ROUND SLICE COFFEE TABLE,67 Cm + 50 Cm + 4 Cm,25,1,https://drive.google.com/uc?export=view&id=1gdTxH8r2VCTqrUbIPSnHilU1l5FEC04x
631,Living Room,,,Semi-Gloss Polish,FALSE,,SBTPN.021,ROUND COFFEE TABLE,87 Cm + 51 Cm + 4 Cm,35,1,https://drive.google.com/uc?export=view&id=11QRzAWS5FxtYAWd1XerD2-1K06qvdFSa
632,Living Room,,,Semi-Gloss Polish,FALSE,,CFTPN.114,ROUND SLICE COFFEE TABLE,76 Cm + 43 Cm + 4 Cm,25,1,https://drive.google.com/uc?export=view&id=172N0Y_6AvdP1yoW_clzyRfEbMlt6oXld
633,Living Room,,,Semi-Gloss Polish,FALSE,,CFTPN.115,ROUND SLICE COFFEE TABLE,77 Cm + 55 Cm + 4 Cm,25,1,https://drive.google.com/uc?export=view&id=1tYdxhJKLGb3k6VHuQBAEQy6k8jzyMhwc
634,Living Room,,,Semi-Gloss Polish,FALSE,,CFTPN.116,ROUND SLICE COFFEE TABLE,60 Cm + 53 Cm + 4 Cm,25,1,https://drive.google.com/uc?export=view&id=14oArGMdqTskyOkFM-r8GpavMXlwvJMTw
635,Bathub,,,Semi-Gloss Polish,FALSE,,WST.386.23,SINK,54 Cm + 51 Cm + 13 Cm,31,1,https://drive.google.com/uc?export=view&id=1IAME9pnssiMTJe-c6RqnaoU0GroET4Rc
636,Living Room,,,Semi-Gloss Polish,FALSE,,CFTPN.117,ROUND SLICE COFFEE TABLE,71 Cm + 59 Cm + 4 Cm,38,1,https://drive.google.com/uc?export=view&id=1F771PTexBUYdTnC_Za37pGxLEAzyccw_
637,Furniture,,,Semi-Gloss Polish,FALSE,,118,ROUND SLICE COFFEE TABLE,84 Cm + 55 Cm + 4 Cm,34,0,https://drive.google.com/uc?export=view&id=1As8gfG-Pa0hx_uA2lLRRSQn0L04q3QkL
638,Bathub,,,Semi-Gloss Polish,FALSE,,WST.6.22,SINK,52 Cm + 43 Cm + 13 Cm,26,1,https://drive.google.com/uc?export=view&id=13inJA4Kr0maXVjZW4G9C5S8FsN09YSRk
639,Bathub,,,Semi-Gloss Polish,FALSE,,WST.291.18,SINK,52 Cm + 34 Cm + 12 Cm,23,1,https://drive.google.com/uc?export=view&id=1RizoiZbDh8119T5dYdcUOjtgA7AxDQIH
640,Bathub,,,Semi-Gloss Polish,FALSE,,WST.285.23,SINK,62 Cm + 46 Cm + 13 Cm,34,0,https://drive.google.com/uc?export=view&id=1y3r1gz_6SA96WVH5CJJC6w6zgt7mWGmN
641,Living Room,,,Semi-Gloss Polish,FALSE,,SBTPN.022,ROUND COFFEE TABLE,84 Cm + 51 Cm + 5 Cm,35,1,https://drive.google.com/uc?export=view&id=1we1_6UKS-cGpmqWVZDkw2-rpL7Ca4UV4
642,Bathub,,,Semi-Gloss Polish,FALSE,,WSTN.001,SINK,55 Cm + 52 Cm + 13 Cm,29,1,https://drive.google.com/uc?export=view&id=1HI7EF3Hmq3lq0HC2Nzx27lJbczvmdGC4
643,Living Room,,,Semi-Gloss Polish,FALSE,,SBTPN 023,ROUND COFFEE TABLE,84 Cm + 55 Cm + 4 Cm,90,1,https://drive.google.com/uc?export=view&id=1RScPzTv-oX6ZKNOCUOcAWu9bPeoI0kAz
644,Bathub,,,Semi-Gloss Polish,FALSE,,WSTN.002,SINK,51 Cm + 36 Cm + 13 Cm,24,1,https://drive.google.com/uc?export=view&id=1K4Jt6SRT9GBAthAhZx_IbVjZnCQhS753
645,Bathub,,,Semi-Gloss Polish,FALSE,,WSTFP.23.22,SINK KOTAK,50 Cm + 40 Cm + 15 Cm,42,0,https://drive.google.com/uc?export=view&id=1gGzqg5QRU1baxd9MLa2ipMEmhIMYriCz
646,Bathub,,,Semi-Gloss Polish,FALSE,,WSTFP.24.22,SINK KOTAK,50 Cm + 40 Cm + 15 Cm,40,0,https://drive.google.com/uc?export=view&id=1GR0ekUtkbsShLpj-1mb2U4knw81vVwbU
647,Bathub,,,Semi-Gloss Polish,FALSE,,WSTA.18.24,SINK IRREGULLAR,50 Cm + 40 Cm + 16 Cm,36,1,https://drive.google.com/uc?export=view&id=11whX2RXkUZdomOQ0BSkPfH7wNakW3Syp
648,Bathub,,,Semi-Gloss Polish,FALSE,,WSTA.24.24,SINK IRREGULLAR,72 Cm + 36 Cm + 21 Cm,48,0,https://drive.google.com/uc?export=view&id=1Q6RH_rX-J0RpxuUvCvzE-q2Q3j6W8DeQ
649,Bathub,,,Semi-Gloss Polish,FALSE,,WSTA.25.24,SINK IREGULLAR,62 Cm + 37 Cm + 15 Cm,38,0,https://drive.google.com/uc?export=view&id=1GVLIeUKIgTgtWwRYcez-u7yAv6wI-2xe
650,Bathub,,,Semi-Gloss Polish,FALSE,,WSTA.9.24,SINK IRREGULLAR,73 Cm + 45 Cm + 14 Cm,42,1,https://drive.google.com/uc?export=view&id=1KwMWHDAhncClZVjB4cZW5Ugb243X9tHb
651,Bathub,,,Semi-Gloss Polish,FALSE,,WSTA.8.24,SINK IREGULLAR,63 Cm + 33 Cm + 16 Cm,41,0,https://drive.google.com/uc?export=view&id=1dwVLmeeLKiEeeFOXmyt1Xz4lLH3mdNni
652,Bathub,,,Semi-Gloss Polish,FALSE,,WSTA.27.24,SINK IREGULLAR,75 Cm + 27 Cm + 25 Cm,46,0,https://drive.google.com/uc?export=view&id=1V9BaPHMgVSx6O51bQzQ0H6O7EvH-k-Yf
653,Bathub,,,Semi-Gloss Polish,FALSE,,WSTA.4.24,SINK IREGULLAR,62 Cm + 44 Cm + 14 Cm,39,0,https://drive.google.com/uc?export=view&id=1hqFPoXwZUAgfBdF_yA1SguJTh0qXk2Iw
654,Bathub,,,Semi-Gloss Polish,FALSE,,WSTA.5.24,SINK IREGULLAR,60 Cm + 33 Cm + 17 Cm,36,0,https://drive.google.com/uc?export=view&id=1AoRwV7AtAsrTwm6Vg7xnEcNuBPLA8IZ7
655,Bathub,,,Semi-Gloss Polish,FALSE,,WSTON.001,SINK ONYX,45 Cm + 40 Cm + 15 Cm,21,0,https://drive.google.com/uc?export=view&id=1v-A7w9DhQs_GuuDo-pLQJbcgfNfcLyTz
656,Bathub,,,Semi-Gloss Polish,FALSE,,WSTON.002,SINK ONYX,45 Cm + 40 Cm + 15 Cm,20,0,https://drive.google.com/uc?export=view&id=16KfCZlroVsX2-dWdFqW2E65_O68tR5Xz
657,Bathub,,,Semi-Gloss Polish,FALSE,,WSTON.003,SINK ONYX,45 Cm + 40 Cm + 15 Cm,20,0,https://drive.google.com/uc?export=view&id=10dADMqN1MV8TEatxfUS1cXWJD_8kSR_Z
658,Bathub,,,Semi-Gloss Polish,FALSE,,WSTON.004,SINK ONYX,45 Cm + 40 Cm + 15 Cm,21,0,https://drive.google.com/uc?export=view&id=16SRPy2nHRaftrlHX5q36bEQSbR2Q0l2F
659,Bathub,,,Semi-Gloss Polish,FALSE,,WSTON.005,SINK ONYX,46 Cm + 40 Cm + 16 Cm,23,1,https://drive.google.com/uc?export=view&id=1iV7ItKvzgqNl5UTGmhF8W5Mu3v1gg_fs
660,Bathub,,,Semi-Gloss Polish,FALSE,,WSTON.006,SINK ONYX,45 Cm + 40 Cm + 15 Cm,20,1,https://drive.google.com/uc?export=view&id=1MApLI3AYkrJ7I4yDDHZAK9kf9Vu7H3MA
661,Bathub,,,Semi-Gloss Polish,FALSE,,WSTON.007,SINK ONYX,45 Cm + 40 Cm + 15 Cm,21,1,https://drive.google.com/uc?export=view&id=1-1aSEzt2jk6nIO0HCM3RAK1e_R-eR8oO
451,Living Room,,,Semi-Gloss Polish,FALSE,,SBTP.1247.22,ROUND COFFEE TABLE,110 Cm + 70 Cm + 6 Cm,90,1,https://drive.google.com/uc?export=view&id=1OTunGNSAtiZwRk8LPOyPou0X35a2loND
663,Bathub,,,Semi-Gloss Polish,FALSE,,WSTON.008,SINK ONYX,45 Cm + 40 Cm + 15 Cm,20,1,https://drive.google.com/uc?export=view&id=10Z14U66b65h3IKim4ZY66W3-2kejrM33
664,Bathub,,,Semi-Gloss Polish,FALSE,,WSTON.009,SINK ONYX,45 Cm + 40 Cm + 15 Cm,20,1,https://drive.google.com/uc?export=view&id=1loKFOhyHWtEXR06ou7Sv8AMJF8HFN49p
665,Bathub,,,Semi-Gloss Polish,FALSE,,WSTON.010,SINK ONYX,46 Cm + 40 Cm + 16 Cm,22,1,https://drive.google.com/uc?export=view&id=1_ygGHtRoPYh7eMeEOJKWxtpD8-wExS5l
666,Bathub,,,Semi-Gloss Polish,FALSE,,WSTON.011,SINK ONYX,45 Cm + 45 Cm + 15 Cm,25,1,https://drive.google.com/uc?export=view&id=1fENhkpiJ_Q0XmXVyuk0T3yLhJnrERd4k
667,Living Room,,,Semi-Gloss Polish,FALSE,,SPMOS.26.24,RECTA COFFEE TABLE JOINT,113 Cm + 71 Cm + 4 Cm,58,1,https://drive.google.com/uc?export=view&id=1-sKLSbeVCXhjR8hlPjmtC2zlZ9cm43c5
668,Living Room,,,Semi-Gloss Polish,FALSE,,SPMOS.31.24,RECTA COFFEE TABLE JOINT,102 Cm + 40 Cm + 4 Cm,33,1,https://drive.google.com/uc?export=view&id=18rE-8kuKQwtOceyytEywp-NmohkrtVEs
669,Living Room,,,Semi-Gloss Polish,FALSE,,SPMOS.27.24,RECTA COFFEE TABLE JOINT,150 Cm + 54 Cm + 4 Cm,52,1,https://drive.google.com/uc?export=view&id=1iInlYTLIm_T_J-r4A5z9pKwL8Jhot2lg
670,Furniture,,,Semi-Gloss Polish,FALSE,,BTHN.001,BATHTUB ANTIQUE ROYAL TRAVERTINE,210 Cm + 130 Cm + 60 Cm,1725,0,https://drive.google.com/uc?export=view&id=11fgcZRLnCLTGJJZ99BL0HZdjTXxmH10K
671,Furniture,,,Semi-Gloss Polish,FALSE,,STBD.001,BED SIDE TABLE,45 Cm + 40 Cm + 55 Cm,20,0,https://drive.google.com/uc?export=view&id=1NZ7jZ92xl7Ud-m_pgIwO1CHYMMQQTVPI
672,Furniture,,,Semi-Gloss Polish,FALSE,,STBD.002,BED SIDE TABLE,45 Cm + 40 Cm + 55 Cm,20,0,https://drive.google.com/uc?export=view&id=1KkQdfoa1JjUKehrCYVb5IYM857xMx05D
673,Furniture,,,Semi-Gloss Polish,FALSE,,STBD.003,BED SIDE TABLE,45 Cm + 40 Cm + 55 Cm,20,1,https://drive.google.com/uc?export=view&id=117LILUspKx88YXESxbxVcFulAWtxfxCf
674,Furniture,,,Semi-Gloss Polish,FALSE,,STBD.004,BED SIDE TABLE,45 Cm + 40 Cm + 55 Cm,20,1,https://drive.google.com/uc?export=view&id=1xLYf-6TY2LpJX-5-DLkRrtF_EJu26kuP
675,Furniture,,,Semi-Gloss Polish,FALSE,,STBD.005,BED SIDE TABLE,45 Cm + 40 Cm + 55 Cm,20,1,https://drive.google.com/uc?export=view&id=1XRfJyHjjZ4XN8wbtXUfru97xh06uWlgo
676,Furniture,,,Semi-Gloss Polish,FALSE,,STBD.006,BED SIDE TABLE,45 Cm + 40 Cm + 55 Cm,20,1,https://drive.google.com/uc?export=view&id=1sTkYVU_7zecuPNWZrKipWLnRGbg-almT
677,Furniture,,,Semi-Gloss Polish,FALSE,,STBD.007,BED SIDE TABLE,45 Cm + 40 Cm + 55 Cm,20,1,https://drive.google.com/uc?export=view&id=1gqfZJCnT-0Su6_jbI-3qXKzmAJHE3RoL
678,Furniture,,,Semi-Gloss Polish,FALSE,,STBD.008,BED SIDE TABLE,45 Cm + 40 Cm + 55 Cm,20,1,https://drive.google.com/uc?export=view&id=1Fkrd318bCBX0jemPuKbP28xE4CDLAhOY
679,Furniture,,,Semi-Gloss Polish,FALSE,,STBD.009,BED SIDE TABLE,45 Cm + 40 Cm + 55 Cm,20,1,https://drive.google.com/uc?export=view&id=1h8-LL4JTdgKNnrYLMJc9kazRA7hj0ra9
680,Furniture,,,Semi-Gloss Polish,FALSE,,STBD.010,BED SIDE TABLE,45 Cm + 40 Cm + 55 Cm,20,1,https://drive.google.com/uc?export=view&id=1HEYCDYQ0sWbyn4QpBl9eKTfZotSTEFuT
681,Furniture,,,Semi-Gloss Polish,FALSE,,CFTPN.119,SLICE TOP POLISH,50 Cm + 45 Cm + 3 Cm,10,0,https://drive.google.com/uc?export=view&id=19_yAzh9fM31oQ5KUJ2D7jKyyDEvkCEdZ
682,Furniture,,,Semi-Gloss Polish,FALSE,,CFTPN.120,SLICE TOP POLISH,50 Cm + 45 Cm + 3 Cm,10,0,https://drive.google.com/uc?export=view&id=16G1_-wAVm8jyCPytRK32qcQDisoHIWsW
683,Furniture,,,Semi-Gloss Polish,FALSE,,CFTPN.121,WALL DECO SLAB,56 Cm + 49 Cm + 3 Cm,12,1,https://drive.google.com/uc?export=view&id=1UQYdlG5BVS_2xw5ucNxqjLHKiCkc3HQJ
684,Furniture,,,Semi-Gloss Polish,FALSE,,SBTPN.024,WALL DECO SLAB,80 Cm + 60 Cm + 2 Cm,21,1,https://drive.google.com/uc?export=view&id=1wXxIgj68UuPX554wYZi5toAvJW0zeQKR
685,Furniture,,,Semi-Gloss Polish,FALSE,,SBTPN.025,WALL DECO SLAB,108 Cm + 84 Cm + 2 Cm,35,1,https://drive.google.com/uc?export=view&id=1MAVPEf2wy-sZpkCj-l9uJbsMXjAgk_Cl
686,Furniture,,,Semi-Gloss Polish,FALSE,,SBTP.939.22,SLAB TOP POLISH,102 Cm + 88 Cm + 2 Cm,37,0,https://drive.google.com/uc?export=view&id=1VCL_I4snQwGFJeoU8RkVqxX9c5JQN9hY
687,Furniture,,,Semi-Gloss Polish,FALSE,,ASL.001,NATURAL SCLUPTURE,45 Cm + 28 Cm + 80 Cm,95,0,https://drive.google.com/uc?export=view&id=10-omYNdxHPvPvWLH1PAdYuf8O6y608Rm
688,Living Room,,,Semi-Gloss Polish,FALSE,,CFTPN.122,ROUND SLICE COFFEE TABLE,79 Cm + 65 Cm + 5 Cm,40,1,https://drive.google.com/uc?export=view&id=1TP-EHgFBv1697fJvcQQwUP6UT_CM5kT2
689,Living Room,,,Semi-Gloss Polish,FALSE,,CFTPN.123,ROUND SLICE COFFEE TABLE,69 Cm + 69 Cm + 5 Cm,32,1,https://drive.google.com/uc?export=view&id=1ImmF4E5QqG8jN36EwEleSzLiDdQ26vut
690,Living Room,,,Semi-Gloss Polish,FALSE,,CFTPN.124,ROUND SLICE COFFEE TABLE,72 Cm + 55 Cm + 4 Cm,28,1,https://drive.google.com/uc?export=view&id=1xqJwrSQT6wOLpnN-o38tRDSICSvjsQ4d
691,Living Room,,,Semi-Gloss Polish,FALSE,,CFTP.164,ROUND SLICE COFFEE TABLE,70 Cm + 59 Cm + 4 Cm,35,1,https://drive.google.com/uc?export=view&id=1U8hXeBXD8JwYDN7fk9zbEr4K0X--Fp3s
692,Living Room,,,Semi-Gloss Polish,FALSE,,CFTP.190.23,ROUND SLICE COFFEE TABLE,69 Cm + 57 Cm + 4 Cm,30,1,https://drive.google.com/uc?export=view&id=1fANMmiIPfdVM4FVSGu0GQ1V2nHvUqtmI
693,Living Room,,,Semi-Gloss Polish,FALSE,,SPFP.129.23,RECTA COFFEE TABLE,150 Cm + 75 Cm + 6 Cm,158,1,https://drive.google.com/uc?export=view&id=1s64YOIe13epv1WbxZUAhiR2vUIviRhub
694,Furniture,,,Semi-Gloss Polish,FALSE,,SPFP.151.23,RECTA COFFEE TABLE,160 Cm + 60 Cm + 5 Cm,112,0,https://drive.google.com/uc?export=view&id=1YKaOZZQ3MHDnbtaiRE-ABl0iJSI0UgWy
695,Living Room,,,Semi-Gloss Polish,FALSE,,SPFP.94.23,RECTA COFFEE TABLE,140 Cm + 80 Cm + 5 Cm,108,1,https://drive.google.com/uc?export=view&id=1Hgi4es35A8Ann0sSxgvvjrGBKwHl8zJY
696,Furniture,,,Semi-Gloss Polish,FALSE,,SPFP.103.22,RECTA COFFEE TABLE,140 Cm + 65 Cm + 5 Cm,112,0,https://drive.google.com/uc?export=view&id=1lSSvlKXWPJ7DZqKJBNbChYV2PM1wt0Su
697,Living Room,,,Semi-Gloss Polish,FALSE,,MFP.5.24,RECTA COFFEE TABLE,90 Cm + 55 Cm + 4 Cm,43,1,https://drive.google.com/uc?export=view&id=1YCC9veHWnLyJrxbjjIMQKr8_57-lhrB2
698,Dining Room,,,Semi-Gloss Polish,FALSE,,SPFPJ.31.24,DINING TABLE JOINT,180 Cm + 80 Cm + 5 Cm,152,1,https://drive.google.com/uc?export=view&id=1DXWtK50XfajDGFGRlPJzwaUhtqOEUkgs
699,Dining Room,,,Semi-Gloss Polish,FALSE,,SPFP.J.38.24,DINING TABLE JOINT,180 Cm + 90 Cm + 4 Cm,157,0,https://drive.google.com/uc?export=view&id=1C2_L2DzwtDi1ENH94cOP144UiTc7FwID
700,Dining Room,,,Semi-Gloss Polish,FALSE,,SPFPJ.28.24,DINING TABLE JOINT,180 Cm + 90 Cm + 4 Cm,156,1,https://drive.google.com/uc?export=view&id=1fKhWk40IlKGQhn48JOemnWRAK2xLwIFc
701,Dining Room,,,Semi-Gloss Polish,FALSE,,SPFPJ.29.24,DINING TABLE JOINT,210 Cm + 100 Cm + 4 Cm,198,1,https://drive.google.com/uc?export=view&id=1MnWMptSkspgvuobm6usHKkvZBW-mDM4o
702,Living Room,,,Semi-Gloss Polish,FALSE,,MBN.001,BIG COFFEE TABLE,140 Cm + 90 Cm + 45 Cm,450,1,https://drive.google.com/uc?export=view&id=1w-ARcX5oT5ibkCFELRlfAco5oBKqOVSu
703,Living Room,,,Semi-Gloss Polish,FALSE,,MBN.002,BIG COFFEE TABLE,130 Cm + 100 Cm + 45 Cm,450,1,https://drive.google.com/uc?export=view&id=1uPJwsuBwWSWPo_A51jCUiNPQGe6czydd
704,Living Room,,,Semi-Gloss Polish,TRUE,,SBTPN.026,TRAVERTINE COFFEE TABLE,203 Cm + 103 Cm + 8 Cm,350,1,https://drive.google.com/uc?export=view&id=1J1VA6MSYIt-ceaZ1sdKTcu4E4AFHjvrs
705,Living Room,,,Semi-Gloss Polish,FALSE,,SPMOS.114.22,MOSAIC RECTA COFFEE TABLE,150 Cm + 100 Cm + 4 Cm,68,1,https://drive.google.com/uc?export=view&id=1hEMX-fzd5vWgIvLRu6jpDacTV0e_1Nyr
706,Furniture,,,Semi-Gloss Polish,FALSE,,KMSLC-001,BASE LEG FOR SLICE 01, Cm +  Cm +  Cm,5,1,https://drive.google.com/uc?export=view&id=1KIft9-34fBGFO9tAX0ROSqkd_11Q3j9c
707,Furniture,,,Semi-Gloss Polish,FALSE,,KMSLC-002,BASE LEG FOR SLICE 02, Cm +  Cm +  Cm,5,21,https://drive.google.com/uc?export=view&id=14awOs9P4iK7VPymnAMM8wAetrrIvq9MD
708,Furniture,,,Semi-Gloss Polish,FALSE,,KMSLC-003,BASE LEG FOR SLICE 03, Cm +  Cm +  Cm,5,25,https://drive.google.com/uc?export=view&id=1JpJXmwSyQUMtsgx1itp-rb-IH5W9DvfN
709,Furniture,,,Semi-Gloss Polish,FALSE,,KMSLB-001,BASE LEG FOR SLAB 01, Cm +  Cm +  Cm,5,6,https://drive.google.com/uc?export=view&id=19LGqBSdoRBp74K11JwWpIlZsjjf_-HJF
710,Furniture,,,Semi-Gloss Polish,FALSE,,KMSLB-002,BASE LEG FOR SLAB 02, Cm +  Cm +  Cm,5,-4,https://drive.google.com/uc?export=view&id=1yyuTKQafroqlWNPMP-xRazzPWoSNzsKj
711,Furniture,,,Semi-Gloss Polish,FALSE,,KMSLB-003,BASE LEG FOR SLAB 03, Cm +  Cm +  Cm,15,0,https://drive.google.com/uc?export=view&id=14x09Z2NiBQiorKt-8lVkkeBy0rrOk8bi
712,Furniture,,,Semi-Gloss Polish,FALSE,,KMCNSL-001,BASE LEG CONSOLE 1, Cm +  Cm +  Cm,2,10,https://drive.google.com/uc?export=view&id=1juVkNFrGxNxSeL4o0FAyjRinyn1FDg4b
713,Furniture,,,Semi-Gloss Polish,FALSE,,KMCNSL-002,KAKI CONSOLE MODEL 2 ( STL), Cm +  Cm +  Cm,5,0,https://drive.google.com/uc?export=view&id=1JWfQc9Dv5gSIwCFeq1mk3l68NakRlQne
714,Dining Room,,,Semi-Gloss Polish,FALSE,,KMRCDT-001,BASE LEG RECTA DINING TABLE 001, Cm +  Cm +  Cm,20,1,https://drive.google.com/uc?export=view&id=1HPzKxe4g9eX8Mhx6Hc2t81rRMCoeBk9B
715,Dining Room,,,Semi-Gloss Polish,FALSE,,KMRCDT-002,BASE LEG RECTA DINING TABLE 002, Cm +  Cm +  Cm,20,4,https://drive.google.com/uc?export=view&id=1mLATnhWRVlTkW37BN81FHljEXQKEV90Z
716,Furniture,,,Semi-Gloss Polish,FALSE,,KMRCDT-003,BASE LEG RECTA DINING TABLE 3, Cm +  Cm +  Cm,20,0,https://drive.google.com/uc?export=view&id=1YfQCv7VCQi_fAqzZSUg1RB3C4hLpr_a1
717,Dining Room,,,Semi-Gloss Polish,FALSE,,KMRDDT-001,BASE LEG ROUND DINING TABLE 001, Cm +  Cm +  Cm,20,6,https://drive.google.com/uc?export=view&id=1a-Kl2pOlY-GUi_5sQewZPw9uz8vIpKD6
718,Furniture,,,Semi-Gloss Polish,FALSE,,KMDRT-001,BASE LEG DRINK TABLE 001, Cm +  Cm +  Cm,1,4,https://drive.google.com/uc?export=view&id=1ajAsl7NwI2XdvnsKDT6W6trp1PKiseqT
719,Furniture,,,Semi-Gloss Polish,FALSE,,KMDRT-002,BASE LEGI DRINK TABLE 002, Cm +  Cm +  Cm,1,14,https://drive.google.com/uc?export=view&id=131a4oVginGuh1Ruq5Mr3JrCPttA4PivY
720,Living Room,,,Semi-Gloss Polish,FALSE,,KMRCCF-001,BASE LEG RECTA COFFEE TABLE 001, Cm +  Cm +  Cm,5,17,https://drive.google.com/uc?export=view&id=11bRBpmpP_A3VmiMtlgbDITTWMxFXP5SD
721,Living Room,,,Semi-Gloss Polish,FALSE,,KMRCCF-002,BASE LEG RECTA COFFEE TABLE 002, Cm +  Cm +  Cm,5,1,https://drive.google.com/uc?export=view&id=1cGxaqAJA_LW0RaoCEh7sJWDqniwcSbYx
722,Living Room,,,Semi-Gloss Polish,FALSE,,KMRCCF-003,BASE LEG RECTA COFFEE TABLE 003, Cm +  Cm +  Cm,15,6,https://drive.google.com/uc?export=view&id=1yWyTN8bbnViH30-tP4kMuZIZgjw4EFsR
723,Living Room,,,Semi-Gloss Polish,FALSE,,KMRCCF-004,BASE LEG RECTA COFFEE TABLE 004, Cm +  Cm +  Cm,5,2,https://drive.google.com/uc?export=view&id=11qBNT_vItPc2x2LCajW2qxGpSzxgFNtz
724,Living Room,,,Semi-Gloss Polish,FALSE,,KMRCCF-005,BASE LEG RECTA COFFEE TABLE 005, Cm +  Cm +  Cm,10,1,https://drive.google.com/uc?export=view&id=1c3yunEufBxYfPl-vup2i4qsZ381MEszl
725,Living Room,,,Semi-Gloss Polish,FALSE,,KMRCCF-006,BASE LEG RECTA COFFEE TABLE 006, Cm +  Cm +  Cm,5,1,https://drive.google.com/uc?export=view&id=1xF4oC-Dq4svQWA2g5WuTIoknxIfeTsOl
726,Furniture,,,Semi-Gloss Polish,FALSE,,BTPN.012,STOOL TOP POLISH,60 Cm + 50 Cm + 55 Cm,210,0,https://drive.google.com/uc?export=view&id=1vRHyzzW55OQ6Ql7Vzved_ALCfSgjLcQW
727,Seater,,,Semi-Gloss Polish,FALSE,,BTPN.013,STOOL TOP POLISH,60 Cm + 50 Cm + 55 Cm,200,1,https://drive.google.com/uc?export=view&id=1Y5dV01r8Qh1OTc9udQ813bwzRyHLNyy2
728,Seater,,,Semi-Gloss Polish,FALSE,,BTPN.014,STOOL TOP POLISH,65 Cm + 56 Cm + 55 Cm,210,1,https://drive.google.com/uc?export=view&id=1UA-hiyVlQRCp2jTC-lEk11e958IA7tHh
729,Seater,,,Semi-Gloss Polish,FALSE,,BTPN.015,STOOL TOP POLISH,48 Cm + 35 Cm + 40 Cm,90,1,https://drive.google.com/uc?export=view&id=1QeQf5OiyGZodJzzfNCZZ9XaJxg0ONcoH
730,Seater,,,Semi-Gloss Polish,FALSE,,BTPN.016,STOOL TOP POLISH,40 Cm + 35 Cm + 40 Cm,85,1,https://drive.google.com/uc?export=view&id=1ejQP8vQM7QIL7GB2VniLelq3bfGSOP63
731,Furniture,,,Semi-Gloss Polish,FALSE,,BTP.20.20,STOOL TOP POLISH,44 Cm + 40 Cm + 45 Cm,121,0,https://drive.google.com/uc?export=view&id=1DjD3Uae9V_MwWZ-0FdCLBq4Zfkxiotwi
732,Furniture,,,Semi-Gloss Polish,FALSE,,BTP.19.20,STOOL TOP POLISH,43 Cm + 41 Cm + 45 Cm,121,0,https://drive.google.com/uc?export=view&id=1gHmDreTM3fekPNoUU61kn8Aa2--z7QQd
733,Furniture,,,Semi-Gloss Polish,FALSE,,BTP.18.20,STOOL TOP POLISH,37 Cm + 35 Cm + 45 Cm,96,0,https://drive.google.com/uc?export=view&id=1YiaoZ9MuyCYhNaj4umQ3joioOSbsgb8H
734,Seater,,,Semi-Gloss Polish,FALSE,,BFP.1733.24,STOOL FULL POLISH,33 Cm + 23 Cm + 40 Cm,48,1,https://drive.google.com/uc?export=view&id=1Id8T1iVnwhpZnlnMc0PV0FKEc6AReilA
735,Seater,,,Semi-Gloss Polish,FALSE,,BFP.76.25,STOOL FULL POLISH,33 Cm + 27 Cm + 40 Cm,52,1,https://drive.google.com/uc?export=view&id=1s39Ri5_Wn5jNe52809KJUvRYlpNqFvD4
736,Seater,,,Semi-Gloss Polish,FALSE,,BFP.78.25,STOOL FULL POLISH,34 Cm + 25 Cm + 40 Cm,55,1,https://drive.google.com/uc?export=view&id=1ew14qRjjmwMEXifQ-2BZPciYGfTARbNH
737,Seater,,,Semi-Gloss Polish,FALSE,,BFP.75.25,STOOL FULL POLISH,34 Cm + 30 Cm + 40 Cm,64,1,https://drive.google.com/uc?export=view&id=1PmOp7v5EN25KtV-32bI2Yqb0N176LzOn
738,Seater,,,Semi-Gloss Polish,FALSE,,BFP.63.25,STOOL FULL POLISH,29 Cm + 22 Cm + 40 Cm,49,1,https://drive.google.com/uc?export=view&id=1HYz6r_FoL4DmscGFvfmk_jtK8Jg3FAdq
739,Furniture,,,Semi-Gloss Polish,FALSE,,BFP.62.25,STOOL FULL POLISH,32 Cm + 25 Cm + 40 Cm,57,0,https://drive.google.com/uc?export=view&id=1NGsfQnXUZsqw-OGZXx0u4NTVkzUnqyVN
740,Furniture,,,Semi-Gloss Polish,FALSE,,BFP.65.25,STOOL FULL POLISH,36 Cm + 27 Cm + 40 Cm,62,0,https://drive.google.com/uc?export=view&id=1eUqxKyzsWGcmO-96vRJW8p8YYAEI8Fwi
741,Furniture,,,Semi-Gloss Polish,FALSE,,BFP.1511.24,STOOL FULL POLISH,33 Cm + 22 Cm + 40 Cm,52,0,https://drive.google.com/uc?export=view&id=1mHj4l_n3Pt9jITf3fMA0EJOopELImWv1
742,Seater,,,Semi-Gloss Polish,FALSE,,BFP.67.25,STOOL FULL POLISH,29 Cm + 25 Cm + 40 Cm,45,1,https://drive.google.com/uc?export=view&id=1xk2Q2XFdOOk_YIZBoug4xe5e_Y5NS4Zz
743,Seater,,,Semi-Gloss Polish,FALSE,,BFP.95.25,STOOL FULL POLISH,35 Cm + 28 Cm + 40 Cm,65,1,https://drive.google.com/uc?export=view&id=15eLpxxuKUIbN5TStHI_BfMknINTOSyhB
744,Furniture,,,Semi-Gloss Polish,FALSE,,BFP.66.25,STOOL FULL POLISH,34 Cm + 31 Cm + 40 Cm,75,0,https://drive.google.com/uc?export=view&id=1HXjCgNuHcoLqOML97hjo-G2fsJaqpLLy
745,Furniture,,,Semi-Gloss Polish,FALSE,,BFP.82.25,STOOL FULL POLISH,35 Cm + 34 Cm + 40 Cm,83,0,https://drive.google.com/uc?export=view&id=1Mku6zK-5GS11TjnOIOcs-P-F8aIh2qru
746,Furniture,,,Semi-Gloss Polish,FALSE,,BFP.47.25,STOOL FULL POLISH,35 Cm + 32 Cm + 40 Cm,78,0,https://drive.google.com/uc?export=view&id=1qlhxbf_mAblbyU9Bak4oNgG_cc1mu2GP
747,Furniture,,,Semi-Gloss Polish,FALSE,,BFP.61.25,STOOL FULL POLISH,32 Cm + 32 Cm + 40 Cm,74,0,https://drive.google.com/uc?export=view&id=1SrXx8Q67Mx1bN-DykOn4xpthkECeGPgn
748,Furniture,,,Semi-Gloss Polish,FALSE,,BFP.93.25,STOOL FULL POLISH,34 Cm + 32 Cm + 40 Cm,85,0,https://drive.google.com/uc?export=view&id=1XaZg1WBBhZOycK61p2bvOlbpoNlMfJZP
749,Furniture,,,Semi-Gloss Polish,FALSE,,BFP.98.25,STOOL FULL POLISH,36 Cm + 30 Cm + 40 Cm,76,0,https://drive.google.com/uc?export=view&id=1hk-0r42-ZGeGsXMS1Shlxabh6DbHmvCa
750,Furniture,,,Semi-Gloss Polish,FALSE,,BFP.112.25,STOOL FULL POLISH,32 Cm + 30 Cm + 40 Cm,67,0,https://drive.google.com/uc?export=view&id=1n8tqfEfU9oA6AbvObvVig2DsgqfujI79
751,Furniture,,,Semi-Gloss Polish,FALSE,,BFP.51.25,STOOL FULL POLISH,33 Cm + 31 Cm + 40 Cm,85,0,https://drive.google.com/uc?export=view&id=1SQl37nx3NheU7H8XVe1HkP5sssfi_tTm
752,Furniture,,,Semi-Gloss Polish,FALSE,,BFP.130.25,STOOL FULL POLISH,33 Cm + 32 Cm + 45 Cm,70,0,https://drive.google.com/uc?export=view&id=17z1AhvVtXP2_BdCvPw98Avw1w01kbDil
753,Seater,,,Semi-Gloss Polish,FALSE,,BFP.113.25,STOOL FULL POLISH,30 Cm + 29 Cm + 40 Cm,73,1,https://drive.google.com/uc?export=view&id=1CX_-1tAvF1cOreU4vtw6qWBZBxUaF_7Q
754,Furniture,,,Semi-Gloss Polish,FALSE,,BFP.116.25,STOOL FULL POLISH,35 Cm + 30 Cm + 40 Cm,78,0,https://drive.google.com/uc?export=view&id=1H7RfdzW_C7iMvmcFl66LNtbdQfTg5iK2
755,Furniture,,,Semi-Gloss Polish,FALSE,,BFP.1739.24,STOOL FULL POLISH,32 Cm + 28 Cm + 40 Cm,78,0,https://drive.google.com/uc?export=view&id=1SkUDtrewPL6Ak5KcqMn4XpC6-1VgOQoR
756,Furniture,,,Semi-Gloss Polish,FALSE,,BFP.1806.24,STOOL FULL POLISH,33 Cm + 27 Cm + 40 Cm,55,0,https://drive.google.com/uc?export=view&id=1MgIMHNvaf-I3TbwaTo8xR5jb9i3lrxQB
757,Furniture,,,Semi-Gloss Polish,FALSE,,BFP.1836.24,STOOL FULL POLISH,32 Cm + 30 Cm + 40 Cm,68,0,https://drive.google.com/uc?export=view&id=1KS3fWLxv0oy6NkZq1rNwFZ776qZY2bkc
758,Furniture,,,Semi-Gloss Polish,FALSE,,BFP.1702.24,STOOL FULL POLISH,33 Cm + 28 Cm + 40 Cm,69,0,https://drive.google.com/uc?export=view&id=1A7qYtBDxav8KPmX238ozqzp55HdyxmZE
759,Furniture,,,Semi-Gloss Polish,FALSE,,BFP.80.25,STOOL FULL POLISH,30 Cm + 27 Cm + 40 Cm,58,0,https://drive.google.com/uc?export=view&id=1m0VR3SS_9jxu3-rLL7Grmjc2-EO0JsQ9
760,Furniture,,,Semi-Gloss Polish,FALSE,,BFP.81.25,STOOL FULL POLISH,33 Cm + 30 Cm + 40 Cm,75,0,https://drive.google.com/uc?export=view&id=18nCFXQcqUbLR5BpsJyy_LoTmyxnya1jO
761,Furniture,,,Semi-Gloss Polish,FALSE,,BFP.89.25,STOOL FULL POLISH,34 Cm + 33 Cm + 40 Cm,85,0,https://drive.google.com/uc?export=view&id=1cZ67PsDEs8SLMNQflQrDFo2_BQ6-ABaN
762,Furniture,,,Semi-Gloss Polish,FALSE,,BFP.92.25,STOOL FULL POLISH,34 Cm + 30 Cm + 40 Cm,81,0,https://drive.google.com/uc?export=view&id=1W7g9lYEXqCRJmXkPCARn43jIWv0ATWoC
763,Furniture,,,Semi-Gloss Polish,FALSE,,BFP.1312.24,STOOL FULL POLISH,33 Cm + 24 Cm + 40 Cm,60,0,https://drive.google.com/uc?export=view&id=1yoon3t9tJzdbhdYGgZWg8UuU24R9_3be
764,Furniture,,,Semi-Gloss Polish,FALSE,,BFP.108.25,STOOL FULL POLISH,36 Cm + 33 Cm + 40 Cm,83,0,https://drive.google.com/uc?export=view&id=1R2bwy6AEtDWVqiSQbCmE1XfSGF0Pj0Lq
765,Furniture,,,Semi-Gloss Polish,FALSE,,BFP.106.25,STOOL FULL POLISH,34 Cm + 30 Cm + 40 Cm,81,0,https://drive.google.com/uc?export=view&id=1jFEAfmRndBHQyqpAuY4GZRcGaNZClg4z
766,Furniture,,,Semi-Gloss Polish,FALSE,,BFP.105.25,STOOL FULL POLISH,34 Cm + 33 Cm + 43 Cm,90,0,https://drive.google.com/uc?export=view&id=1UGi4-IYix1m3WtB7x55SRUibhprm_qJG
767,Furniture,,,Semi-Gloss Polish,FALSE,,BFP.1518.23,STOOL FULL POLISH,34 Cm + 28 Cm + 40 Cm,71,0,https://drive.google.com/uc?export=view&id=1CN4pACclIVWASXva0mILuu4i-cOVxQm5
768,Furniture,,,Semi-Gloss Polish,FALSE,,BFP.365.24,STOOL FULL POLISH,40 Cm + 33 Cm + 40 Cm,93,0,https://drive.google.com/uc?export=view&id=181-QoxJ8TkngG5TzIdHgwL43iuF_d3Dr
769,Furniture,,,Semi-Gloss Polish,FALSE,,BFP.561.22,STOOL FULL POLISH,30 Cm + 22 Cm + 43 Cm,60,0,https://drive.google.com/uc?export=view&id=1OZ7sc0DSdGZtzGt_s6Lo1OtiQqESgW8e
770,Furniture,,,Semi-Gloss Polish,FALSE,,BFP.17.25,STOOL FULL POLISH,34 Cm + 30 Cm + 40 Cm,75,0,https://drive.google.com/uc?export=view&id=1VQV5mntEOjsfX8g5LFigYDccje0pupOR
771,Furniture,,,Semi-Gloss Polish,FALSE,,BFP.90.25,STOOL FULL POLISH,34 Cm + 31 Cm + 40 Cm,75,0,https://drive.google.com/uc?export=view&id=1vWOhJJwQtvPVNn3pQQZY3BUO11lxnf1T
772,Furniture,,,Semi-Gloss Polish,FALSE,,BFP.125.25,STOOL FULL POLISH,35 Cm + 32 Cm + 40 Cm,73,0,https://drive.google.com/uc?export=view&id=17KOKj0orQ0nXrfGBwBwThqSlzUkD7wM4
773,Furniture,,,Semi-Gloss Polish,FALSE,,BFP.121.25,STOOL FULL POLISH,31 Cm + 28 Cm + 40 Cm,60,0,https://drive.google.com/uc?export=view&id=1twwCuKRF3TziD-_6_ihWr8cwAm2os07b
774,Furniture,,,Semi-Gloss Polish,FALSE,,BTP.26.25,STOOL TOP POLISH,40 Cm + 29 Cm + 45 Cm,100,0,https://drive.google.com/uc?export=view&id=1P50LZEo4MbGNW9AfbNP7UJaIlV7G4de_
775,Furniture,,,Semi-Gloss Polish,FALSE,,BFBTP.25.25,STOOL TOP POLISH,42 Cm + 30 Cm + 45 Cm,100,0,https://drive.google.com/uc?export=view&id=1A0h0Wl6U7h4F_C86Kvy-MM84AeBzAlZb
776,Seater,,,Semi-Gloss Polish,FALSE,,BTP.23.25,STOOL TOP POLISH,32 Cm + 30 Cm + 45 Cm,89,1,https://drive.google.com/uc?export=view&id=1IiUKbtF6YpWcu8-HsRFjxd908Oj2mQyu
777,Seater,,,Semi-Gloss Polish,FALSE,,BK.25.25,STOOL SQUARE,30 Cm + 30 Cm + 40 Cm,88,1,https://drive.google.com/uc?export=view&id=10knyNcM9q-SU_8jWXAuiTdxbTdeCLKof
778,Seater,,,Semi-Gloss Polish,FALSE,,BK.26.25,STOOL SQUARE,30 Cm + 30 Cm + 40 Cm,90,1,https://drive.google.com/uc?export=view&id=1qA3DXC5CLj44JpfOn0oTVIEExPRl95XU
779,Seater,,,Semi-Gloss Polish,FALSE,,BK.29.25,STOOL SQUARE,30 Cm + 30 Cm + 40 Cm,90,1,https://drive.google.com/uc?export=view&id=18LugPuzxu4HcJBkf-e2SfoznMXc9IMGR
780,Furniture,,,Semi-Gloss Polish,FALSE,,BK.30.25,STOOL SQUARE,30 Cm + 30 Cm + 40 Cm,86,0,https://drive.google.com/uc?export=view&id=1OBlo2ptfZOIKeLhpnJbjlUGIVIPmT9qx
781,Seater,,,Semi-Gloss Polish,FALSE,,BK.10.25,STOOL SQUARE,30 Cm + 30 Cm + 40 Cm,88,1,https://drive.google.com/uc?export=view&id=1ekNrOlj3cCajHpNc5G74UOHTSMFb6-R1
782,Seater,,,Semi-Gloss Polish,FALSE,,BK.9.25,STOOL SQUARE,30 Cm + 30 Cm + 40 Cm,89,1,https://drive.google.com/uc?export=view&id=1vinN6Co_N1Ve6ldguTq6r_gGRMarxesl
783,Furniture,,,Semi-Gloss Polish,FALSE,,BK.8.25,STOOL SQUARE,30 Cm + 30 Cm + 40 Cm,88,0,https://drive.google.com/uc?export=view&id=1t89NgHSrhUuOtTf5KffSiX4TgAYnkclS
784,Furniture,,,Semi-Gloss Polish,FALSE,,BK.7.25,STOOL SQUARE,30 Cm + 30 Cm + 40 Cm,87,0,https://drive.google.com/uc?export=view&id=1_j7HpVzStA9dujS3kJfCXdi1v2by3M0h
785,Seater,,,Semi-Gloss Polish,FALSE,,BFP.178.22,STOOL FULL POLISH,43 Cm + 30 Cm + 45 Cm,98,1,https://drive.google.com/uc?export=view&id=1f3YwPJo45bWamdxguoNjH9V8-_ZtdwcB
786,Furniture,,,Semi-Gloss Polish,FALSE,,BFP.342.24,STOOL FULL POLISH,40 Cm + 23 Cm + 40 Cm,66,0,https://drive.google.com/uc?export=view&id=1MJZc_nz5LaXxIlVntkTCE2Az-H8fq73l
787,Furniture,,,Semi-Gloss Polish,FALSE,,BFP.804.23,STOOL FULL POLISH,34 Cm + 31 Cm + 45 Cm,83,0,https://drive.google.com/uc?export=view&id=1GVMUdc85Yusm49cNZufb5dOC8F4qTNl3
788,Seater,,,Semi-Gloss Polish,FALSE,,BFP.359.23,STOOL FULL POLISH,36 Cm + 28 Cm + 50 Cm,76,1,https://drive.google.com/uc?export=view&id=1vkkAahMenkyJP3_eHdMKFV-Xe3K-45cO
789,Seater,,,Semi-Gloss Polish,FALSE,,BFP.1651.21,STOOL FULL POLISH,48 Cm + 26 Cm + 45 Cm,96,1,https://drive.google.com/uc?export=view&id=1gPn-ugNcC36aYTQbFDZfLhXLE-Fus3TY
790,Furniture,,,Semi-Gloss Polish,FALSE,,BFP.1713.22,STOOL FULL POLISH,46 Cm + 37 Cm + 45 Cm,132,0,https://drive.google.com/uc?export=view&id=1unaStHfzUQEJWqy5vkq6DxueSbmtYmL6
791,Furniture,,,Semi-Gloss Polish,FALSE,,BFP.1215.24,STOOL FULL POLISH,37 Cm + 37 Cm + 40 Cm,98,0,https://drive.google.com/uc?export=view&id=1qvjVAv-AMPnEUiZAAwW-fcK7VYORN5Wm
792,Seater,,,Semi-Gloss Polish,FALSE,,BFP.1094.22,STOOL FULL POLISH,67 Cm + 33 Cm + 47 Cm,147,1,https://drive.google.com/uc?export=view&id=1LtlcpGvUdFOoUK2hONuVsWXxx_oi2iKv
793,Seater,,,Semi-Gloss Polish,FALSE,,BFP.137.23,STOOL FULL POLISH,46 Cm + 32 Cm + 45 Cm,108,1,https://drive.google.com/uc?export=view&id=1pyP_fLUmrXXpxLAZmuZyM6KXYfYcpNW1
794,Seater,,,Semi-Gloss Polish,FALSE,,BFP.1570.21,STOOL FULL POLISH,50 Cm + 34 Cm + 45 Cm,113,1,https://drive.google.com/uc?export=view&id=1pJIkEhfmqLG_c5jRw9VoD0KovZwGOP62
795,Furniture,,,Semi-Gloss Polish,FALSE,,BTP.37.25,STOOL TOP POLISH,41 Cm + 40 Cm + 45 Cm,106,0,https://drive.google.com/uc?export=view&id=1eARhKDC3d_6t3_JeNAf4Em0v0J0jEIYX
796,Furniture,,,Semi-Gloss Polish,FALSE,,BTP.282.24,STOOL TOP POLISH,38 Cm + 29 Cm + 45 Cm,75,0,https://drive.google.com/uc?export=view&id=1sUjb6hB1I7ovu3F9AuqkPJx4jMQulSjd
797,Furniture,,,Semi-Gloss Polish,FALSE,,PDS.A.13.25,PEDESTAL ALAM,27 Cm + 17 Cm + 90 Cm,91,0,https://drive.google.com/uc?export=view&id=1871jiIaUXK1yMboGhSSVF909aPECtRuh
798,Furniture,,,Semi-Gloss Polish,FALSE,,PDS.A.14.25,PEDESTAL ALAM,36 Cm + 24 Cm + 79 Cm,126,0,https://drive.google.com/uc?export=view&id=194cNgtvySPXCcONeGbQfvdg3kLX1sL6H
799,Furniture,,,Semi-Gloss Polish,FALSE,,PDS.A.15.25,PEDESTAL ALAM,21 Cm + 19 Cm + 91 Cm,70,0,https://drive.google.com/uc?export=view&id=1RdN7RuJyR7ZMqyvMjl_tHwtHARw2tYjw
800,Furniture,,,Semi-Gloss Polish,FALSE,,PDS.A.16.25,PEDESTAL ALAM,26 Cm + 20 Cm + 107 Cm,80,0,https://drive.google.com/uc?export=view&id=1DjWT7PX8Z6C5tpXhrmQjVSpaXgKR8XfX
801,Furniture,,,Semi-Gloss Polish,FALSE,,PDS.A.17.25,PEDESTAL ALAM,33 Cm + 32 Cm + 91 Cm,190,1,https://drive.google.com/uc?export=view&id=1OqaPhKv4AI86-J3FODiJFe9U7a0UtHxl
802,Furniture,,,Semi-Gloss Polish,FALSE,,PDS.A.12.25,PEDESTAL ALAM,31 Cm + 78 Cm + 77 Cm,90,0,https://drive.google.com/uc?export=view&id=1MLOae24GqjA4FSWPfMY8k0ZhrXMh3-I9
803,Furniture,,,Semi-Gloss Polish,FALSE,,BTP.36.25,STOOL TOP POLISH,40 Cm + 30 Cm + 45 Cm,85,0,https://drive.google.com/uc?export=view&id=1i2qAlXPlheXz9lgpExWtabuXW40KXLgn
804,Furniture,,,Semi-Gloss Polish,FALSE,,BTP.34.25,STOOL TOP POLISH,41 Cm + 32 Cm + 45 Cm,103,0,https://drive.google.com/uc?export=view&id=1qhkmYzzDrL6uTBBIEsh9rXEgQTSEiKdj
805,Seater,,,Semi-Gloss Polish,FALSE,,BTP.35.25,STOOL TOP POLISH,43 Cm + 33 Cm + 45 Cm,120,1,https://drive.google.com/uc?export=view&id=1t9517x9iuuzUUn6b0gWUDAIvG9HY2G4x
806,Furniture,,,Semi-Gloss Polish,FALSE,,BTP.20.25,STOOL TOP POLISH,36 Cm + 33 Cm + 40 Cm,70,0,https://drive.google.com/uc?export=view&id=1mOmBIxhKN5Aw1D6hBC9yCeE-XUGh6Ym6
807,Furniture,,,Semi-Gloss Polish,FALSE,,BTP.21.25,STOOL TOP POLISH,35 Cm + 34 Cm + 40 Cm,84,0,https://drive.google.com/uc?export=view&id=1bXy6FLs1ziZtcppAy0KoHEP_DxarVLCO
808,Furniture,,,Semi-Gloss Polish,FALSE,,BTP.22.25,STOOL TOP POLISH,33 Cm + 32 Cm + 40 Cm,80,0,https://drive.google.com/uc?export=view&id=131xkBsz8LdF06xugww0bAh5__cIuN33R
809,Furniture,,,Semi-Gloss Polish,FALSE,,PDS.A.5.25,PEDESTAL ALAM,33 Cm + 28 Cm + 95 Cm,165,0,https://drive.google.com/uc?export=view&id=12WqAKK31B11q__6j6pROoSX-rSGxKTTK
810,Bathub,,,Semi-Gloss Polish,FALSE,,WST.151.23,SINK,63 Cm + 41 Cm + 13 Cm,39,0,
811,Bathub,,,Semi-Gloss Polish,FALSE,,WST.130.24,SINK,65 Cm + 46 Cm + 13 Cm,43,0,https://drive.google.com/uc?export=view&id=1M4q6qFXLmQIVhEkWW7yICwULSC6oyDy5
812,Bathub,,,Semi-Gloss Polish,FALSE,,WST.121.24,SINK,73 Cm + 43 Cm + 15 Cm,49,0,https://drive.google.com/uc?export=view&id=10PKw2Rni3fxfhpz8jYOBpU_-mA8X5YyW
813,Furniture,,,Semi-Gloss Polish,FALSE,,SPTP.41.22,DINING TABLE(DARK COLOR),294 Cm + 116 Cm + 76 Cm,440,0,https://drive.google.com/uc?export=view&id=1cpr_ua3mYEZl1rQM-RC0-aFCjd1hmRmf
814,Furniture,,,Semi-Gloss Polish,FALSE,,CFTP.T.323.25,EAST COFFEE TABLE,83 Cm + 51 Cm + 6 Cm,46,0,https://drive.google.com/uc?export=view&id=1jg0oKbsuD1oyFaRyEd-JfHkg3X_zExpT
815,Living Room,,,Semi-Gloss Polish,FALSE,,CFTP.T.313.25,EAST COFFEE TABLE,78 Cm + 53 Cm + 5 Cm,44,1,https://drive.google.com/uc?export=view&id=1eZfVrW2QfQa5B0HBPF-wO10VnvrL72dT
816,Furniture,,,Semi-Gloss Polish,FALSE,,CFTP.T.414.25,EAST COFFEE TABLE,87 Cm + 54 Cm + 5 Cm,42,0,https://drive.google.com/uc?export=view&id=1O8pKyzObR5H_lTL3qM8RwxshZ8-1ndQW
817,Living Room,,,Semi-Gloss Polish,FALSE,,CFTP.T.413.25,EAST COFFEE TABLE,85 Cm + 56 Cm + 4 Cm,36,1,https://drive.google.com/uc?export=view&id=1LCPMCU7jkrDSNZvKCQ0V_kiG6luqA31u
818,Living Room,,,Semi-Gloss Polish,FALSE,,CFTP.T.412.25,EAST COFFEE TABLE,84 Cm + 48 Cm + 5 Cm,38,1,https://drive.google.com/uc?export=view&id=19W5JlYaZyDiypvm0h9jG6xI8F9GYiqRN
819,Living Room,,,Semi-Gloss Polish,FALSE,,CFTP.T.410.25,EAST COFFEE TABLE,86 Cm + 56 Cm + 5 Cm,44,1,https://drive.google.com/uc?export=view&id=1kn43c2tckx25inIk2XvJyVSQ5rrmibPL
820,Living Room,,,Semi-Gloss Polish,FALSE,,CFTP.T.340.25,EAST COFFEE TABLE,86 Cm + 46 Cm + 4 Cm,35,1,https://drive.google.com/uc?export=view&id=1fqdTgJC-Rr4kgmRHm60X0qaAIrlVsIvA
821,Living Room,,,Semi-Gloss Polish,FALSE,,CFTP.T.406.25,EAST COFFEE TABLE,84 Cm + 53 Cm + 5 Cm,48,1,https://drive.google.com/uc?export=view&id=1U1ew5L0go3_8CoLl3KsdCcEXdwSNnO9Q
822,Furniture,,,Semi-Gloss Polish,FALSE,,CFTP.T.326.25,EAST COFFEE TABLE,83 Cm + 50 Cm + 5 Cm,46,0,https://drive.google.com/uc?export=view&id=1cH2YRvUjWKe-nAAflyZMM26wofMUmq9m
823,Living Room,,,Semi-Gloss Polish,FALSE,,CFTP.T.329.25,EAST COFFEE TABLE,83 Cm + 51 Cm + 5 Cm,44,1,https://drive.google.com/uc?export=view&id=184TwZFMtY8WtJ2QLYRfLvvyzHOx__ChG
824,Bathub,,,Semi-Gloss Polish,FALSE,,WST.125.24,SINK,78 Cm + 42 Cm + 15 Cm,42,0,https://drive.google.com/uc?export=view&id=1ND3sCjosBGqrL6Oa_TqoJ8lfIphjGk8A
825,Bathub,,,Semi-Gloss Polish,FALSE,,WST.72.24,SINK,60 Cm + 41 Cm + 14 Cm,38,0,https://drive.google.com/uc?export=view&id=1FQofL4mzSCWu7u_0vGeo_AJ6EJJyRBKJ
826,Bathub,,,Semi-Gloss Polish,FALSE,,4.24,SINK,63 Cm + 46 Cm + 10 Cm,27,0,https://drive.google.com/uc?export=view&id=1HBqSRktn68JLADgUIcReFCgrI7SQNmXn
827,Bathub,,,Semi-Gloss Polish,FALSE,,WST.131.24,SINK,70 Cm + 64 Cm + 13 Cm,65,0,https://drive.google.com/uc?export=view&id=1hT6wvqISivrm2fj5_uv2lqecbc-CYT-u
828,Living Room,,,Semi-Gloss Polish,FALSE,,SBTP.54.25,ROUND COFFEE TABLE,100 Cm + 90 Cm + 6 Cm,90,1,https://drive.google.com/uc?export=view&id=1bEk-rUJDRT1kMs2-jyFN9qAKMYVDOZKU
829,Living Room,,,Semi-Gloss Polish,FALSE,,SBTP.745.24,ROUND COFFEE TABLE,94 Cm + 73 Cm + 5 Cm,64,1,https://drive.google.com/uc?export=view&id=1vpsky5wAnbY-N23tgmv8LDkhnuLdFZwa
830,Living Room,,,Semi-Gloss Polish,FALSE,,SBTP.744.24,ROUND COFFEE TABLE,95 Cm + 72 Cm + 5 Cm,61,1,https://drive.google.com/uc?export=view&id=1mEk29iuMBHidHrUGClpQp0o3m6u6F9n7
831,Living Room,,,Semi-Gloss Polish,FALSE,,SBTP.38.25,ROUND COFFEE TABLE,120 Cm + 93 Cm + 6 Cm,112,1,https://drive.google.com/uc?export=view&id=10aRA1pA-ppg5cBVyOeR4T62ZZGggoKLl
832,Living Room,,,Semi-Gloss Polish,FALSE,,SBTP.673.24,ROUND COFFEE TABLE,119 Cm + 82 Cm + 6 Cm,119,1,https://drive.google.com/uc?export=view&id=1WDySRWN5j7vwEtfxRUWC2b_ph96njLP2
829,Living Room,,,Semi-Gloss Polish,FALSE,,SBTP.745.24,ROUND COFFEE TABLE,125 Cm + 87 Cm + 6 Cm,124,1,https://drive.google.com/uc?export=view&id=1vpsky5wAnbY-N23tgmv8LDkhnuLdFZwa
834,Furniture,,,Semi-Gloss Polish,FALSE,,OS.1.25,STOOL OCASSIONAL,53 Cm + 35 Cm + 40 Cm,117,0,https://drive.google.com/uc?export=view&id=1fMa49Sq_GybVTfAZKtMDdOx0mm2xLbXX
835,Furniture,,,Semi-Gloss Polish,FALSE,,OS.2.25,STOOL OCASSIONAL,55 Cm + 35 Cm + 40 Cm,118,0,https://drive.google.com/uc?export=view&id=11_y_cRQZ6xeYd_aextRTArEiMXmf7-_r
836,Bathub,,,Semi-Gloss Polish,FALSE,,WST.T.1.25,PEDESTAL SINK,49 Cm + 35 Cm + 91 Cm,221,0,https://drive.google.com/uc?export=view&id=1jTyWtC1WynHyJmX2ywop_8rtjSb2_XJO
837,Bathub,,,Semi-Gloss Polish,FALSE,,WST.2.25,PEDESTAL SINK,45 Cm + 32 Cm + 92 Cm,189,0,https://drive.google.com/uc?export=view&id=18UKZ5tJjGuIc_EPUNrJElUIFML0uf0od
838,Bathub,,,Semi-Gloss Polish,FALSE,,WST.3.25,PEDESTAL SINK,48 Cm + 41 Cm + 90 Cm,291,0,https://drive.google.com/uc?export=view&id=1W3KPLOBfFsVu11obSjT_Crfm4PSZvbc9
839,Bathub,,,Semi-Gloss Polish,FALSE,,WST.4.25,PEDESTAL SINK,46 Cm + 32 Cm + 92 Cm,188,0,https://drive.google.com/uc?export=view&id=1q5M9gAtVcrf_dP471yqyqDjr21B7EM_w
840,Bathub,,,Semi-Gloss Polish,FALSE,,WST.5.25,PEDESTAL SINK,52 Cm + 38 Cm + 91 Cm,286,0,https://drive.google.com/uc?export=view&id=1fnZHL4RgxUEyd8NmadUmP-Oz4HL5Tihw
841,Furniture,,,Semi-Gloss Polish,FALSE,,D.BMB.1.25,DECO BAMBOO,30 Cm + 15 Cm + 51 Cm,30,1,https://drive.google.com/uc?export=view&id=1BUOIM5teNU8_38C1HCD7wuuwcdXrN3x1
842,Furniture,,,Semi-Gloss Polish,FALSE,,DB.004,DECO BAMBOO,25 Cm + 25 Cm + 40 Cm,19,1,https://drive.google.com/uc?export=view&id=10Ih5GOKLx7i21Oyq3aQRtL4bVmrEk-Z6
843,Furniture,,,Semi-Gloss Polish,FALSE,,D.BMB.2.25,DECO BAMBOO,49 Cm + 30 Cm + 70 Cm,78,1,https://drive.google.com/uc?export=view&id=1b9rkOl6R8UlGwtdOMEK3aOu2ZKHXOQ7X
844,Furniture,,,Semi-Gloss Polish,FALSE,,BP.2.25,BENCH,169 Cm + 42 Cm + 53 Cm,303,1,https://drive.google.com/uc?export=view&id=1F1ocisaycnswKQ2sv1Igxa8d0RxUxXGx
845,Furniture,,,Semi-Gloss Polish,FALSE,,SLDC.007,BIG SLAB DECO,75 Cm + 34 Cm + 150 Cm,328,0,https://drive.google.com/uc?export=view&id=1iz3McjJNgZyz6CrKTB-9EEPpeJxUskOd
846,Furniture,,,Semi-Gloss Polish,FALSE,,SLDC.008,BIG SLAB DECO,77 Cm + 29 Cm + 163 Cm,326,0,https://drive.google.com/uc?export=view&id=1hXdbrnP9vaA7hkhGpV5y1XZ3y0T7K495
847,Furniture,,,Semi-Gloss Polish,FALSE,,SLDC.009,BIG SLAB DECO,76 Cm + 50 Cm + 158 Cm,367,0,https://drive.google.com/uc?export=view&id=1wf5AbZJzsYeDXsqSceg6aL2q1vxAs1Gs
848,Bathub,,,Semi-Gloss Polish,FALSE,,WSTTP.10.25,PALM SINK ,46 Cm + 42 Cm + 16 Cm,37,0,https://drive.google.com/uc?export=view&id=1eCSzoQ9tfW2DJJ1LKMwFvCoMgffAdNnQ
849,Bathub,,,Semi-Gloss Polish,FALSE,,WSTTP.11.25,PALM SINK ,52 Cm + 39 Cm + 15 Cm,25,0,https://drive.google.com/uc?export=view&id=1tdJ6eFmBeRLnp9xSks3Av2IfxIPjT2NS
850,Bathub,,,Semi-Gloss Polish,FALSE,,WSTTP.12.25,PALM SINK ,50 Cm + 39 Cm + 15 Cm,30,0,https://drive.google.com/uc?export=view&id=1LvGh_31tsEsQy3OZW3T8pbI327V6QVoA
851,Furniture,,,Semi-Gloss Polish,FALSE,,SLC.K.6.23 ,PALM COFFEE TABLE,50 Cm + 49 Cm + 3 Cm,13,0,https://drive.google.com/uc?export=view&id=1rPfJcOjNxx-VJ1i5sp2snIE7_28fEU8G
852,Furniture,,,Semi-Gloss Polish,FALSE,,SLC.K.7.23,PALM COFFEE TABLE,50 Cm + 49 Cm + 4 Cm,23,0,https://drive.google.com/uc?export=view&id=1G9pwTcS3CvNCHk3Viqfzwp_yk97PDv64
853,Furniture,,,Semi-Gloss Polish,FALSE,,SLC.K.8.23 ,PALM COFFEE TABLE,48 Cm + 47 Cm + 3 Cm,15,0,https://drive.google.com/uc?export=view&id=1Zrd83iuEXsPHodZ9ceHknwmRTOF9_1ja
854,Furniture,,,Semi-Gloss Polish,FALSE,,SF.1.24,1 SET SOFA ( 3 SEATER + 1 SEATER),200 Cm + 80 Cm + 85 Cm,50,0,https://drive.google.com/uc?export=view&id=1VC5NJrp-FgEGDA7YsMle98m19G1Hls8q
855,Furniture,,,Semi-Gloss Polish,FALSE,,SF.2.24,KURSI MAKAN #1,58 Cm + 58 Cm + 96 Cm,15,0,https://drive.google.com/uc?export=view&id=17IdzbwWerhy98CpF8SxEp_4BRFQACj0B
856,Furniture,,,Semi-Gloss Polish,FALSE,,SF.3.24,SOFA 1 SEATER,60 Cm + 70 Cm + 100 Cm,20,2,https://drive.google.com/uc?export=view&id=1k9AK_Z65zSgUS7RqUQle5whh4beBz9gD
857,Furniture,,,Semi-Gloss Polish,FALSE,,SF.4.24,SAN MATEO ARM CHAIR,65 Cm + 69 Cm + 83 Cm,20,2,https://drive.google.com/uc?export=view&id=1EFDXrzrws3hWhcfrOKqq8My3NF0Uyijm
858,Furniture,,,Semi-Gloss Polish,FALSE,,SF.5.24,AUSTIN SOFA CHAIR JATI,78 Cm + 77 Cm + 88 Cm,20,0,https://drive.google.com/uc?export=view&id=1Cc8k1O3z1J5bvgVqlXDz1m0FAlPRC3rZ
859,Furniture,,,Semi-Gloss Polish,FALSE,,SF.6.24,PEDRO TEAK SOFA,75 Cm + 76 Cm + 88 Cm,20,2,https://drive.google.com/uc?export=view&id=1q5n1RmWLRBmeHoAs-skQdriVwsiEcwLV
860,Furniture,,,Semi-Gloss Polish,FALSE,,SF.7.24,VENEZIA TEAK SOFA,54 Cm + 56 Cm + 73 Cm,20,2,https://drive.google.com/uc?export=view&id=1ZpMVgdhiNrRyyg7rvMzVW9fQEKYf529M
861,Furniture,,,Semi-Gloss Polish,FALSE,,CFTP.T.304.25,EAST COFFEE TABLE,80 Cm + 49 Cm + 5 Cm,43,0,https://drive.google.com/uc?export=view&id=1bxXnV6w2NUAI14OlorkwqoFvZIcWBvET
862,Furniture,,,Semi-Gloss Polish,FALSE,,CFTP.T.344.25,EAST COFFEE TABLE,83 Cm + 50 Cm + 5 Cm,43,0,https://drive.google.com/uc?export=view&id=1zplCcXbAUFrAogi1aypA5lmmD8kiokcL
863,Living Room,,,Semi-Gloss Polish,FALSE,,CFTP.T.288.25,EAST COFFEE TABLE,"84 Cm + 50 Cm + 4,5 Cm",40,1,https://drive.google.com/uc?export=view&id=1o8PfjQm-spQj0rTC41rqGGofZXy6o1TM
864,Furniture,,,Semi-Gloss Polish,FALSE,,CFTP.T.296.25,EAST COFFEE TABLE,83 Cm + 50 Cm + 5 Cm,43,0,https://drive.google.com/uc?export=view&id=1yB4-wR37roOwAGgVeHBOZ2ci55m8oHPD
865,Living Room,,,Semi-Gloss Polish,FALSE,,CFTP.T.307.25,EAST COFFEE TABLE,81 Cm + 50 Cm + 5 Cm,37,1,https://drive.google.com/uc?export=view&id=1CUUHQUcNKIsgeDWQJC7Nxi3ZIQ20l1c7
866,Living Room,,,Semi-Gloss Polish,FALSE,,CFTP.T.297.25,EAST COFFEE TABLE,82 Cm + 50 Cm + 5 Cm,41,1,https://drive.google.com/uc?export=view&id=1HcR4_AjSgKuoynlbCHyoc7s4HiNbNn7f
867,Living Room,,,Semi-Gloss Polish,FALSE,,CFTP.T.334.25,EAST COFFEE TABLE,"83 Cm + 52 Cm + 5,5 Cm",42,1,https://drive.google.com/uc?export=view&id=19N9dpiHdea1zMz5Ty00PhVnRqe_RHAb_
868,Living Room,,,Semi-Gloss Polish,FALSE,,CFTP.T.324.25,EAST COFFEE TABLE,82 Cm + 50 Cm + 5 Cm,42,1,https://drive.google.com/uc?export=view&id=1RBJmmGzbWB4k_UztzGjYT7lola2D43A0
869,Living Room,,,Semi-Gloss Polish,FALSE,,CFTP.T.411.25,EAST COFFEE TABLE,86 Cm + 56 Cm + 5 Cm,44,1,https://drive.google.com/uc?export=view&id=1u3tvo7Z1o-9c6WUB8t28elSXs6zj0E2q
870,Living Room,,,Semi-Gloss Polish,FALSE,,CFTP.T.400.25,EAST COFFEE TABLE,88 Cm + 63 Cm + 6 Cm,60,1,https://drive.google.com/uc?export=view&id=10GvMmKycjLtTcn-uZiFA3ha6K-Z5usHq
871,Living Room,,,Semi-Gloss Polish,FALSE,,CFTP.T.338.25,EAST COFFEE TABLE,86 Cm + 54 Cm + 4 Cm,39,1,https://drive.google.com/uc?export=view&id=1DW1b8eBbu-AdwA8th4Hzz0_rGpXLZFnU
872,Living Room,,,Semi-Gloss Polish,FALSE,,CFTP.T.341.25,EAST COFFEE TABLE,85 Cm + 64 Cm + 6 Cm,56,1,https://drive.google.com/uc?export=view&id=1Qlk7WYXsLUJJZsTsXs8PZO0n-QIMCVZm
873,Living Room,,,Semi-Gloss Polish,FALSE,,CFTP.T.408.25,EAST COFFEE TABLE,84 Cm + 53 Cm + 5 Cm,39,1,https://drive.google.com/uc?export=view&id=1H4HxMJHZpErLVs3jTxIBjl9HRqqJQUE6
874,Furniture,,,Semi-Gloss Polish,FALSE,,CFTP.T.407.25,EAST COFFEE TABLE,84 Cm + 51 Cm + 5 Cm,39,0,https://drive.google.com/uc?export=view&id=10e5v9a358hGsoU9avZjE4dk5V2shitkh
875,Living Room,,,Semi-Gloss Polish,FALSE,,CFTP.T.342.25,EAST COFFEE TABLE,84 Cm + 48 Cm + 5 Cm,38,1,https://drive.google.com/uc?export=view&id=1zmepVVYaH7HtFlTJsXf1xZ15gHP4Cy2S
876,Living Room,,,Semi-Gloss Polish,FALSE,,CFTP.T.306.25,EAST COFFEE TABLE,82 Cm + 43 Cm + 5 Cm,48,1,https://drive.google.com/uc?export=view&id=1fJAPPql9dn6vtiM0GchdcBHYZpX1RkUF
877,Furniture,,,Semi-Gloss Polish,FALSE,,CFTP.T.325.25,EAST COFFEE TABLE,"81 Cm + 52 Cm + 5,5 Cm",45,0,https://drive.google.com/uc?export=view&id=1ti7SicpEal6VIcfyLFTVgiEbAB3ZA9UG
878,Living Room,,,Semi-Gloss Polish,FALSE,,CFTP.T.328.25,EAST COFFEE TABLE,75 Cm + 52 Cm + 5 Cm,41,1,https://drive.google.com/uc?export=view&id=1hl4dSRQcAM2QckQnN6N8L1x75nxfY0rJ
814,Furniture,,,Semi-Gloss Polish,FALSE,,CFTP.T.323.25,EAST COFFEE TABLE,83 Cm + 51 Cm + 6 Cm,42,0,https://drive.google.com/uc?export=view&id=1jg0oKbsuD1oyFaRyEd-JfHkg3X_zExpT
880,Living Room,,,Semi-Gloss Polish,FALSE,,CFTP.T.331.25,EAST COFFEE TABLE,84 Cm + 60 Cm + 6 Cm,55,1,https://drive.google.com/uc?export=view&id=1yLbcFaQaHSh3xcbHadOvQhfmxozMCDB0
881,Furniture,,,Semi-Gloss Polish,FALSE,,BF.3.25,BENCH FPS,360 Cm + 50 Cm + 45 Cm,1003,0,https://drive.google.com/uc?export=view&id=1ZM-XYOXyDHWiT5ICYj1Vdaonyjq9_bnp
882,Furniture,,,Semi-Gloss Polish,FALSE,,SPTP.2.25,RECTA COFFEE TABLE,310 Cm + 120 Cm + 23 Cm,930,0,https://drive.google.com/uc?export=view&id=1irjNvdZLwIv6H3F0uMrzsVus_YwS4sES
883,Furniture,,,Semi-Gloss Polish,FALSE,,PDS.001,PEDESTAL ALAM,24 Cm + 21 Cm + 87 Cm,87,1,https://drive.google.com/uc?export=view&id=1MlTx9137gqj0KJuwOX6ZlS0QpKE5USXs
884,Furniture,,,Semi-Gloss Polish,FALSE,,PDS.002,PEDESTAL ALAM,28 Cm + 18 Cm + 91 Cm,163,1,https://drive.google.com/uc?export=view&id=1egbQQRVPp6kJkiKeRZQQzhuPSRduoNgi
885,Furniture,,,Semi-Gloss Polish,FALSE,,PDS.003,PEDESTAL ALAM,27 Cm + 23 Cm + 92 Cm,174,1,https://drive.google.com/uc?export=view&id=1LWtac-VBVXFgCWHzXrLC9RPh0BLdkaby
886,Furniture,,,Semi-Gloss Polish,FALSE,,PDS.004,PEDESTAL ALAM,32 Cm + 28 Cm + 90 Cm,190,1,https://drive.google.com/uc?export=view&id=11LhUlTmxKEwgs9Ycal_GHj9KWG2_2LW2
887,Furniture,,,Semi-Gloss Polish,FALSE,,PDS.005,PEDESTAL ALAM,40 Cm + 37 Cm + 86 Cm,235,-1,https://drive.google.com/uc?export=view&id=1ckcb6aHXoSV52WFMCqP-zatt7GsVcTAH
888,Furniture,,,Semi-Gloss Polish,FALSE,,PDS.006,PEDESTAL ALAM,39 Cm + 30 Cm + 101 Cm,336,0,https://drive.google.com/uc?export=view&id=1X6-UIuO0149Vw0Um7WHsgqwxeyf5MkV2
889,Furniture,,,Semi-Gloss Polish,FALSE,,PDS.007,PEDESTAL ALAM,33 Cm + 21 Cm + 72 Cm,85,0,https://drive.google.com/uc?export=view&id=1ejBrdZz-6zJiNbxDIFSZ5Gd4Fw8W4Cnh
890,Furniture,,,Semi-Gloss Polish,FALSE,,ASP.6.24,PEDESTAL ALAM,30 Cm + 24 Cm + 139 Cm,167,0,https://drive.google.com/uc?export=view&id=11PEVUyEwOh07oDU0aouqpJOwh2X3AbAb
891,Furniture,,,Semi-Gloss Polish,FALSE,,ASP.7.24,PEDESTAL ALAM,34 Cm + 21 Cm + 139 Cm,193,1,https://drive.google.com/uc?export=view&id=1Jolv8yUcZBmYLAPiHrAJtOVIfsy3dF2o
892,Living Room,,,Semi-Gloss Polish,FALSE,,SPTP.44.25,RECTA COFFEE TABLE,250 Cm + 75 Cm + 6 Cm,220,1,https://drive.google.com/uc?export=view&id=1tLxv9DTGC7DzDT88ynsSbrTLRIyApBI_
893,Living Room,,,Semi-Gloss Polish,FALSE,,SPTP.45.25,RECTA COFFEE TABLE,250 Cm + 74 Cm + 6 Cm,209,1,https://drive.google.com/uc?export=view&id=1KWcG2aL4jbAfWeQzUmU2w-oc2kx7rnuM
894,Dining Room,,,Semi-Gloss Polish,FALSE,,SPTPN.005,DINING TABLE JOINT WITH BRASS,240 Cm + 110 Cm + 5 Cm,200,1,https://drive.google.com/uc?export=view&id=1vKkR4g7rn4oDSkO4a36PO9T9Qn4M22iG
895,Furniture,,,Semi-Gloss Polish,FALSE,,BBRN.008,BAR STOOL (PO),43 Cm + 43 Cm + 72 Cm,14,0,https://drive.google.com/uc?export=view&id=1Z3gGtBUTnUYDUPHPJe0xh_lyuf2TLWe8
896,Furniture,,,Semi-Gloss Polish,FALSE,,BBRN.009,BAR STOOL (PO),43 Cm + 43 Cm + 72 Cm,14,0,https://drive.google.com/uc?export=view&id=1kakfQgtkdVoJ9mfvf2DzKBNgwazOW91P
897,Furniture,,,Semi-Gloss Polish,FALSE,,BBRN.010,BAR STOOL (PO),43 Cm + 43 Cm + 72 Cm,14,0,https://drive.google.com/uc?export=view&id=1yYGJZkKXoKc8sxnO_xoknrAekqS1MIK0
898,Living Room,,,Semi-Gloss Polish,FALSE,,SPFP (PO),RECTA COFFEE TABLE (PO),165 Cm + 50 Cm + 6 Cm,158,1,https://drive.google.com/uc?export=view&id=1AiJnt6CsSjevxsvxiXkC0L-NGi6Uj-Rm
899,Furniture,,,Semi-Gloss Polish,FALSE,,SPTP.1.25,RECTA COFFEE TABLE,311 Cm + 122 Cm + 43 Cm,963,1,https://drive.google.com/uc?export=view&id=1bX1pBWPYEqNrifpaJKX0edYflV9WJM0p
900,Furniture,,,Semi-Gloss Polish,FALSE,,CFTPN.125,SLICE COFFEE TABLE,73 Cm + 60 Cm + 5 Cm,35,0,https://drive.google.com/uc?export=view&id=1wS3jx0YHWvl0TR-QEawqR1O90covwy_a
901,Furniture,,,Semi-Gloss Polish,FALSE,,SF.8.25,SOFA 3 SEAT GRAY,230 Cm + 90 Cm + 79 Cm,50,0,https://drive.google.com/uc?export=view&id=1a8qvOEy3dWr-ssFkxqwuOPfQMXGrUrxz
902,Furniture,,,Semi-Gloss Polish,FALSE,,SLDC.010,BIG SLAB DECO,84 Cm + 81 Cm + 185 Cm,342,0,https://drive.google.com/uc?export=view&id=1hR2Fo9yL0XL5FLCrrcD6Scl8ZYL8MNuQ
903,Furniture,,,Semi-Gloss Polish,FALSE,,SLDC.011,BIG SLAB DECO,85 Cm + 82 Cm + 183 Cm,383,0,https://drive.google.com/uc?export=view&id=1DgCwlh2PBgSl3sw5Krz7AePY1FaTmcXU
904,Furniture,,,Semi-Gloss Polish,FALSE,,SLDC.012,BIG SLAB DECO,98 Cm + 81 Cm + 180 Cm,459,0,https://drive.google.com/uc?export=view&id=1GlqXTyYlqNV09l9FeV9YYTgVwJQyzMnZ
905,Furniture,,,Semi-Gloss Polish,FALSE,,SLDC.013,BIG SLAB DECO,67 Cm + 67 Cm + 170 Cm,267,1,https://drive.google.com/uc?export=view&id=1SfpF3AXj1yO2nTALR-IbHaYx2V1uzh3I
906,Furniture,,,Semi-Gloss Polish,FALSE,,SLDC.014,BIG SLAB DECO,67 Cm + 67 Cm + 170 Cm,261,1,https://drive.google.com/uc?export=view&id=1M87n-pU2NhFUvL3RKWbnLZR_I9Vf3lc8
907,Furniture,,,Semi-Gloss Polish,FALSE,,SLDC.015,BIG SLAB DECO,67 Cm + 67 Cm + 170 Cm,323,1,https://drive.google.com/uc?export=view&id=13l2W2GOcKXNJOTreuvaECcrTlAw1TcY3
908,Furniture,,,Semi-Gloss Polish,FALSE,,OS.3.25,STOOL OCASSIONAL,68 Cm + 48 Cm + 47 Cm,287,0,https://drive.google.com/uc?export=view&id=174T6GEubJtYruQFa9G5yESetJVWwmwXq
909,Furniture,,,Semi-Gloss Polish,FALSE,,BP.3.25,BENCH,275 Cm + 70 Cm + 15 Cm,595,0,https://drive.google.com/uc?export=view&id=1_xqqyfWzzrYN7eYVlN3iq-2KjNXT8z10
910,Furniture,,,Semi-Gloss Polish,FALSE,,BFP.638.25,STOOL FULL POLISH,39 Cm + 34 Cm + 45 Cm,90,0,https://drive.google.com/uc?export=view&id=1AAxWKruMBbV-UtpT9XrrSu0gZpu31F6r
911,Furniture,,,Semi-Gloss Polish,FALSE,,BTP.119.25,STOOL PALM,44 Cm + 39 Cm + 42 Cm,98,0,https://drive.google.com/uc?export=view&id=1CgRda7sfSmy7YatpPu9DD9G0faXCem40
912,Furniture,,,Semi-Gloss Polish,FALSE,,BFP.597.25,STOOL FULL POLISH,35 Cm + 27 Cm + 45 Cm,77,0,https://drive.google.com/uc?export=view&id=1Wi5VOk61-c8xD5q0vcqJelXpei3tN4ub
913,Furniture,,,Semi-Gloss Polish,FALSE,,BTP.117.25,STOOL PALM,32 Cm + 25 Cm + 45 Cm,83,0,https://drive.google.com/uc?export=view&id=1vAwh4cvYIMfCLYS1DXVWRleaS6uWAruP
914,Furniture,,,Semi-Gloss Polish,FALSE,,BFP.607.25,STOOL FULL POLISH,38 Cm + 32 Cm + 45 Cm,89,0,https://drive.google.com/uc?export=view&id=1lQuszVNh-YJZRk2gB-rgg4iZkenNwKI2
915,Furniture,,,Semi-Gloss Polish,FALSE,,BFP.610.25,STOOL FULL POLISH,33 Cm + 31 Cm + 40 Cm,85,0,https://drive.google.com/uc?export=view&id=18cttSzAC6EChtMdDRwGzTiU77pDieZfC
916,Furniture,,,Semi-Gloss Polish,FALSE,,BFP.608.25,STOOL FULL POLISH,33 Cm + 30 Cm + 40 Cm,79,0,https://drive.google.com/uc?export=view&id=1fth4Q6O1vv1JSQ63RZxaq8Jz-aABe8ab
917,Furniture,,,Semi-Gloss Polish,FALSE,,BFP.609.25,STOOL FULL POLISH,34 Cm + 30 Cm + 40 Cm,79,0,https://drive.google.com/uc?export=view&id=1d-SkDSUZO1JDMqSK5xn66cggrjVUIWJQ
918,Furniture,,,Semi-Gloss Polish,FALSE,,BTP.118.25,STOOL PALM,44 Cm + 32 Cm + 40 Cm,92,0,https://drive.google.com/uc?export=view&id=1SpvOh7roInZGFN3cbUKE3SBHApBRs1lZ
919,Furniture,,,Semi-Gloss Polish,FALSE,,BTP.95.25,STOOL PALM,40 Cm + 25 Cm + 40 Cm,52,0,https://drive.google.com/uc?export=view&id=1QyjjYHvSWgN1zSnSNmytHdzPcVU2cfdD
920,Furniture,,,Semi-Gloss Polish,FALSE,,BTP.96.25,STOOL PALM,46 Cm + 32 Cm + 40 Cm,86,0,https://drive.google.com/uc?export=view&id=1ias6zEbfoPnvynk15mhyxtJvYlgVdH2N
921,Furniture,,,Semi-Gloss Polish,FALSE,,BTP.97.25,STOOL PALM,46 Cm + 37 Cm + 41 Cm,99,0,https://drive.google.com/uc?export=view&id=1KkkJCDAkHZ7ZpUuAfvFMj3m7mSdvmP2S
922,Furniture,,,Semi-Gloss Polish,FALSE,,BTP.98.25,STOOL PALM,38 Cm + 31 Cm + 37 Cm,60,0,https://drive.google.com/uc?export=view&id=1wC8iCQp53Vj24xybMZq7fW-4NErIUUeL
923,Bathub,,,Semi-Gloss Polish,FALSE,,WST.T.6.25,PEDESTAL SINK,53 Cm + 39 Cm + 90 Cm,246,0,https://drive.google.com/uc?export=view&id=1V0i6dWJLsO1xT2dkjb29acFvkeUc7RBS
924,Bathub,,,Semi-Gloss Polish,FALSE,,WST.T.7.25,PEDESTAL SINK,53 Cm + 39 Cm + 90 Cm,279,0,https://drive.google.com/uc?export=view&id=1nADk3VmK8cyopzaTJgXfL6n51arUaTz5
925,Bathub,,,Semi-Gloss Polish,FALSE,,WST.T.8.25,PEDESTAL SINK,44 Cm + 38 Cm + 91 Cm,286,0,https://drive.google.com/uc?export=view&id=1qvpOmvzt9mf1y2LwZ9VIa9nlLgJK6pe2
926,Bathub,,,Semi-Gloss Polish,FALSE,,WST.TP.12.25,SINK PALM,44 Cm + 43 Cm + 15 Cm,32,0,https://drive.google.com/uc?export=view&id=1ocW8GUfCihA7ciP8UNG06ICC2wlg-BW4
927,Bathub,,,Semi-Gloss Polish,FALSE,,WST.TP.10.25,SINK PALM,50 Cm + 44 Cm + 20 Cm,31,0,https://drive.google.com/uc?export=view&id=1dRmwLm_uxUukTyehtP2ylTq_fEDlid2Z
928,Bathub,,,Semi-Gloss Polish,FALSE,,WST.TP.11.25,SINK PALM,45 Cm + 44 Cm + 15 Cm,29,0,https://drive.google.com/uc?export=view&id=1QvVRSQYSxirahReORloT6srSViEekGlD
929,Bathub,,,Semi-Gloss Polish,FALSE,,WST.A.3.25,SINK IREGULLAR,52 Cm + 41 Cm + 13 Cm,37,0,https://drive.google.com/uc?export=view&id=1zZt6kQNF4DGF3Lv_GgzbrxIEiez50m2K
930,Bathub,,,Semi-Gloss Polish,FALSE,,WST.TP.13.25,SINK PALM,53 Cm + 43 Cm + 15 Cm,33,0,https://drive.google.com/uc?export=view&id=19acaxBJqfkPMvRrssP3TqbLA5e1j9_wf
931,Bathub,,,Semi-Gloss Polish,FALSE,,WST.A.4.25,SINK IRREGULLAR,56 Cm + 34 Cm + 13 Cm,36,1,https://drive.google.com/uc?export=view&id=1h9cc07mYzRznElhb1FqjuYspDv25j-NC
932,Bathub,,,Semi-Gloss Polish,FALSE,,WST.A.1.25,SINK IREGULLAR,71 Cm + 36 Cm + 15 Cm,50,0,https://drive.google.com/uc?export=view&id=1x2a0Z9BQz8GLj04l30TlZvl9UNM-LVmQ
933,Bathub,,,Semi-Gloss Polish,FALSE,,WST.A.6.25,SINK IRREGULLAR,52 Cm + 39 Cm + 14 Cm,32,1,https://drive.google.com/uc?export=view&id=1Un1nB5htczG-TkNk6x-LWUU3FPuNj_Ul
934,Bathub,,,Semi-Gloss Polish,FALSE,,WST.A.5.25,SINK IRREGULLAR,58 Cm + 37 Cm + 13 Cm,29,1,https://drive.google.com/uc?export=view&id=1do6c1IUBLQs31R41F6b-1Lqd-WUrKIYH
935,Bathub,,,Semi-Gloss Polish,FALSE,,WST.A.2.25,SINK IRREGULLAR,66 Cm + 33 Cm + 13 Cm,40,1,https://drive.google.com/uc?export=view&id=1Ewytw7dsrsIQ4WtMOkHWE1Vil5aKJBf_
936,Bathub,,,Semi-Gloss Polish,FALSE,,WST.A.8.25,SINK IREGULLAR,70 Cm + 40 Cm + 20 Cm,37,0,https://drive.google.com/uc?export=view&id=18er3lbwJM0Dy7l6aicteu-w_1sY8Nnm6
937,Bathub,,,Semi-Gloss Polish,FALSE,,WST.A.7.25,SINK IRREGULLAR,51 Cm + 44 Cm + 14 Cm,28,1,https://drive.google.com/uc?export=view&id=14ZsKxAM4ewLVLBwaN0VcKlPSjAhiRJom
938,Bathub,,,Semi-Gloss Polish,FALSE,,10.25,SINK,54 Cm + 50 Cm + 16 Cm,44,1,https://drive.google.com/uc?export=view&id=1ZAiJ7RgzldSyk-jw3Xz2S3-2rCx8zL5v
939,Bathub,,,Semi-Gloss Polish,FALSE,,WST.10.25,SINK,57 Cm + 40 Cm + 15 Cm,40,0,https://drive.google.com/uc?export=view&id=1XNl-CR6XKcsz23yXzhXoaCQgMeRL8bHP
940,Bathub,,,Semi-Gloss Polish,FALSE,,WST.T.9.25,PEDESTAL SINK,52 Cm + 43 Cm + 91 Cm,323,0,https://drive.google.com/uc?export=view&id=1fVdAanJt_YJ_XcFaUdw5Np-V703uHu4z
941,Furniture,,,Semi-Gloss Polish,FALSE,,BKS.30.24,BACKREST,63 Cm + 63 Cm + 72 Cm,318,1,https://drive.google.com/uc?export=view&id=1Pz1TyNTxzb5eH80IT1LE5tPvnkHpzyxL
942,Furniture,,,Semi-Gloss Polish,FALSE,,BKS.11.24,BACKREST,62 Cm + 62 Cm + 72 Cm,326,0,https://drive.google.com/uc?export=view&id=1ys-iIVSCjbblAvKFqRItg0am3FJqUiCE
943,Furniture,,,Semi-Gloss Polish,FALSE,,BKS.9.24,BACKREST,62 Cm + 62 Cm + 72 Cm,315,0,https://drive.google.com/uc?export=view&id=13t_eDWUGUf9qt6Jp_s-PbnfFMFzegTvo
944,Furniture,,,Semi-Gloss Polish,FALSE,,BKS.22.24,PW BACKREST,62 Cm + 62 Cm + 72 Cm,316,0,https://drive.google.com/uc?export=view&id=1356Kwey-KzUY9U8L9i273EQAIpEW7SG0
945,Bathub,,,Semi-Gloss Polish,FALSE,,WST.T.10.25,PEDESTAL SINK,55 Cm + 37 Cm + 90 Cm,264,0,https://drive.google.com/uc?export=view&id=1HfIfnTVFQzYBXyABtcBAO__fOuZersAJ
946,Furniture,,,Semi-Gloss Polish,FALSE,,TR.005,TREE,85 Cm + 55 Cm + 310 Cm,,0,https://drive.google.com/uc?export=view&id=1GKV8Kcf_oPxlPa-t34fV1aNutLcCnCNu
947,Furniture,,,Semi-Gloss Polish,FALSE,,TR.006,TREE,70 Cm + 56 Cm + 260 Cm,,0,https://drive.google.com/uc?export=view&id=1x8ULfnefRQN85ER_OmjliI46abJZZghY
948,Furniture,,,Semi-Gloss Polish,FALSE,,TR.007,TREE,97 Cm + 62 Cm + 260 Cm,3746,0,https://drive.google.com/uc?export=view&id=1QPo4quFXzPhh06JeQFyyH54EfVaOxme_
949,Furniture,,,Semi-Gloss Polish,FALSE,,PJB10.18,STOOL TOP POLISH,44 Cm + 35 Cm + 45 Cm,116,0,https://drive.google.com/uc?export=view&id=1XSbur_58uGMjs_81M5vxplDlcbXCoBBe
950,Furniture,,,Semi-Gloss Polish,FALSE,,PJB10.17,STOOL TOP POLISH,43 Cm + 36 Cm + 51 Cm,123,0,https://drive.google.com/uc?export=view&id=1oWzcwwWDENE7ISmO-q_u1R0IsfHfaw-A
951,Furniture,,,Semi-Gloss Polish,FALSE,,BFP.1187.23,STOOL FULL POLISH,39 Cm + 28 Cm + 40 Cm,77,0,https://drive.google.com/uc?export=view&id=1r2N_tjyiZPrRAJ4B6HwGSsGwhAJgS26u
952,Furniture,,,Semi-Gloss Polish,FALSE,,PJB6.012,STOOL FULL POLISH,35 Cm + 35 Cm + 50 Cm,91,0,https://drive.google.com/uc?export=view&id=1zUDrIhD7UbbVBkFVYnEeOwVIte6RUXmq
953,Furniture,,,Semi-Gloss Polish,FALSE,,BFP.843.23,STOOL FULL POLISH,33 Cm + 33 Cm + 50 Cm,113,0,https://drive.google.com/uc?export=view&id=1NGOu-p-2e7jlEg2jodLk-sCD9EXvNluo
954,Furniture,,,Semi-Gloss Polish,FALSE,,BFP.604.24,STOOL FULL POLISH,37 Cm + 32 Cm + 45 Cm,76,0,https://drive.google.com/uc?export=view&id=1nqSgwH3spWKoeCISYVmkAhtDH9QlUPkO
955,Furniture,,,Semi-Gloss Polish,FALSE,,BFP.609.24,STOOL FULL POLISH,42 Cm + 39 Cm + 45 Cm,112,0,https://drive.google.com/uc?export=view&id=1E7d-ruArAQiy5Ep48ImrrGy3MzkOAZqh
956,Furniture,,,Semi-Gloss Polish,FALSE,,BTP.188.24,STOOL TOP POLISH,35 Cm + 36 Cm + 45 Cm,70,0,https://drive.google.com/uc?export=view&id=1qQDgOq_I3eFPO8UaIMJLt5mdZGNON-bz
957,Furniture,,,Semi-Gloss Polish,FALSE,,BTP.208.24,STOOL TOP POLISH,42 Cm + 38 Cm + 40 Cm,105,0,https://drive.google.com/uc?export=view&id=1t8n08VLCeJRFKFcZk_rL9jN04BQfmGj4
958,Furniture,,,Semi-Gloss Polish,FALSE,,OS.10.22,STOOL OCASSIONAL,35 Cm + 35 Cm + 45 Cm,145,0,https://drive.google.com/uc?export=view&id=10EUBnMFyKCo5ShnyVtS0X5wf82yiRidn
959,Furniture,,,Semi-Gloss Polish,FALSE,,OS.12.22,STOOL OCASSIONAL,35 Cm + 34 Cm + 45 Cm,150,0,https://drive.google.com/uc?export=view&id=1IfcFtieDElQJBwS6mxCOQfU6gta5zTnO
960,Furniture,,,Semi-Gloss Polish,FALSE,,BFP.637.24,STOOL FULL POLISH,33 Cm + 33 Cm + 46 Cm,78,0,https://drive.google.com/uc?export=view&id=1nLq5aKX2E4cHqTQGAQeAHZji-ADeoVTK
961,Furniture,,,Semi-Gloss Polish,FALSE,,BTP.78.24,STOOL TOP POLISH,35 Cm + 33 Cm + 40 Cm,96,0,https://drive.google.com/uc?export=view&id=1cUgls7Qo2pGXMduiLq6X5KGBATnDtd_t
962,Furniture,,,Semi-Gloss Polish,FALSE,,BFP.502.24,STOOL FULL POLISH,35 Cm + 35 Cm + 45 Cm,87,0,https://drive.google.com/uc?export=view&id=1pNVIhVt0IZUtTDebj1I-TgwGHFYJFbmc
963,Furniture,,,Semi-Gloss Polish,FALSE,,BFP.1318.23,STOOL FULL POLISH,33 Cm + 25 Cm + 45 Cm,68,0,https://drive.google.com/uc?export=view&id=1g_VwuH1LcEINzheqAP6H492IUVSBHItw
964,Furniture,,,Semi-Gloss Polish,FALSE,,BTP.271.24,STOOL TOP POLISH PALM,36 Cm + 29 Cm + 40 Cm,72,0,https://drive.google.com/uc?export=view&id=1W1Lwd8Y01IEMs2VuSceOfUlwfIWXigN_
965,Furniture,,,Semi-Gloss Polish,FALSE,,BTP.266.24,STOOL TOP POLISH PALM,36 Cm + 36 Cm + 40 Cm,91,0,https://drive.google.com/uc?export=view&id=1jA0HByHpLJBMQZ-v3FoJFG5hOzYUl51_
966,Furniture,,,Semi-Gloss Polish,FALSE,,BTP.257.24,STOOL TOP POLISH PALM,36 Cm + 30 Cm + 46 Cm,90,0,https://drive.google.com/uc?export=view&id=14iaUVS0xTmKtELu7dkrCIbhR2Ewq5rO8
967,Furniture,,,Semi-Gloss Polish,FALSE,,BTP.260.24,STOOL TOP POLISH PALM,50 Cm + 46 Cm + 45 Cm,127,0,https://drive.google.com/uc?export=view&id=1YQN2KfgMuWsByZ8DAyKIZZ76ze7iCCCb
968,Furniture,,,Semi-Gloss Polish,FALSE,,BTP.258.24,STOOL TOP POLISH PALM,31 Cm + 31 Cm + 45 Cm,104,0,https://drive.google.com/uc?export=view&id=1mN8r8hZ99kR2h8Jvr_uiw9d50jAXbKEy
969,Furniture,,,Semi-Gloss Polish,FALSE,,BTP.269.24,STOOL TOP POLISH PALM,45 Cm + 39 Cm + 40 Cm,94,0,https://drive.google.com/uc?export=view&id=1ftOV7XxiDy9tIlep9XpFYgclpHPtd8if
970,Furniture,,,Semi-Gloss Polish,FALSE,,BKS.7.25,BACKREST,64 Cm + 62 Cm + 71 Cm,318,0,https://drive.google.com/uc?export=view&id=1doIwG0W7hm0yiE8KQS67MF8iYqfQpkZO
971,Furniture,,,Semi-Gloss Polish,FALSE,,BKS.6.25,BACKREST,64 Cm + 62 Cm + 71 Cm,318,0,https://drive.google.com/uc?export=view&id=1DoINLeCIORuWL6tgTBxV7lZO1iy26RvU
972,Furniture,,,Semi-Gloss Polish,FALSE,,BKS.3.25,BACKREST,60 Cm + 60 Cm + 70 Cm,313,0,https://drive.google.com/uc?export=view&id=1KpTpiZjp7JYLII6XuwZCXT1Lhbjpwc1U
973,Furniture,,,Semi-Gloss Polish,FALSE,,BKS.4.25,BACKREST,62 Cm + 62 Cm + 70 Cm,344,0,https://drive.google.com/uc?export=view&id=1HjAXEnjOe_SxsWDq1-MfbyuB84vYCbbr
974,Bathub,,,Semi-Gloss Polish,FALSE,,WST.T.13.25,PEDESTAL SINK,50 Cm + 41 Cm + 90 Cm,288,0,https://drive.google.com/uc?export=view&id=1dvjVo--3fOsItLRoftXLWACXbUlk8Izk
975,Bathub,,,Semi-Gloss Polish,FALSE,,WST.T.11.25,PEDESTAL SINK,58 Cm + 41 Cm + 91 Cm,243,0,https://drive.google.com/uc?export=view&id=1BkvSM3KYIbP9rHP4k6k691b4K1sQzzCM
976,Furniture,,,Semi-Gloss Polish,FALSE,,OS.5.25,STOOL OCASSIONAL,135 Cm + 32 Cm + 44 Cm,390,0,https://drive.google.com/uc?export=view&id=1fDQJixDl8A6N6MgP_1HT_wpVCr74HVsb
977,Furniture,,,Semi-Gloss Polish,FALSE,,OS.7.25,STOOL OCASSIONAL,50 Cm + 34 Cm + 43 Cm,123,0,https://drive.google.com/uc?export=view&id=1YvOEGvsZAMX05ifuMwlVm11VbQAcmjZP
978,Furniture,,,Semi-Gloss Polish,FALSE,,OS.6.25,STOOL OCASSIONAL,48 Cm + 35 Cm + 43 Cm,104,0,https://drive.google.com/uc?export=view&id=1eRpEZyuuKnli0g6pU85er5JAfucf87tp
979,Furniture,,,Semi-Gloss Polish,FALSE,,OS.4.25,STOOL OCASSIONAL,41 Cm + 30 Cm + 43 Cm,94,0,https://drive.google.com/uc?export=view&id=19ZETMRNqXF6FmssRi8EaKceqDYMIcaXK
980,Furniture,,,Semi-Gloss Polish,FALSE,,OS.8.25,STOOL OCASSIONAL,46 Cm + 40 Cm + 42 Cm,120,0,https://drive.google.com/uc?export=view&id=1ckH9iyFyCnMSl3zXdehv59jFF_syZFm_
981,Furniture,,,Semi-Gloss Polish,FALSE,,OS.9.25,STOOL OCASSIONAL,46 Cm + 41 Cm + 42 Cm,115,0,https://drive.google.com/uc?export=view&id=1PO8ImUjfu9OUjOBdMaOldvk4ZuFA3vun
982,Furniture,,,Semi-Gloss Polish,FALSE,,OS.10.25,STOOL OCASSIONAL,46 Cm + 40 Cm + 42 Cm,111,0,https://drive.google.com/uc?export=view&id=19KLBjIi_jJqLyr8tG90FkhIzINwCJsMZ
983,Furniture,,,Semi-Gloss Polish,FALSE,,OS.11.25,STOOL OCASSIONAL,66 Cm + 35 Cm + 43 Cm,171,0,https://drive.google.com/uc?export=view&id=1RZmbliF4tAyBE_wZajHIcteB9cYz_bce
984,Furniture,,,Semi-Gloss Polish,FALSE,,OS.12.25,STOOL OCASSIONAL,48 Cm + 40 Cm + 42 Cm,121,0,https://drive.google.com/uc?export=view&id=11ARJ2UHtGvF5U4GKnEaWhOFkDDZm-pUw
985,Furniture,,,Semi-Gloss Polish,FALSE,,WST.TP.13.25.1,WASTAFEL PALM,46 Cm + 34 Cm + 16 Cm,16,0,https://drive.google.com/uc?export=view&id=1e2hHCp_SZHCf6-18jnhPadCUJXUY_Va4
986,Furniture,,,Semi-Gloss Polish,FALSE,,WST.TP.14.25,WASTAFEL PALM,46 Cm + 46 Cm + 16 Cm,23,0,https://drive.google.com/uc?export=view&id=1aDS5xt__vvXP9hpPfi-7EbyxXEOCz-WR
987,Furniture,,,Semi-Gloss Polish,FALSE,,WST.A.9.25,WASTAFEL IREGULLAR,74 Cm + 35 Cm + 17 Cm,50,0,https://drive.google.com/uc?export=view&id=1jp2fehdAdY7ZKGEMJmfcO93YNwkS59Ki
988,Bathub,,,Semi-Gloss Polish,FALSE,,WST.A.10.25,SINK IRREGULLAR,50 Cm + 50 Cm + 16 Cm,42,1,https://drive.google.com/uc?export=view&id=1e2UkeHDyUkghOWUGveOtK6Ki_Pzl0Rdf
989,Dining Room,,,Semi-Gloss Polish,FALSE,,PJB.23.24,BASE LEG BIG ROUND DINING TABLE,140 Cm + 140 Cm + 70 Cm,5,-1,https://drive.google.com/uc?export=view&id=17k38A6M-ya0fNt4pih-6I3ur3oqHJf-9
990,Seater,,,Semi-Gloss Polish,FALSE,,BRSTL,BAR STOOL,43 Cm + 43 Cm + 6 Cm,30,4,https://drive.google.com/uc?export=view&id=1D_epgZjxPdWlS2lHRk06IWeoV41IEHi4
991,Seater,,,Semi-Gloss Polish,FALSE,,PJB.24.1,DECORATION STONE,210 Cm + 210 Cm + 250 Cm,11415,1,https://drive.google.com/uc?export=view&id=1DGYbpq0_MkSJ13aX9bGaYHnKrXMXVG1Q
992,Seater,,,Semi-Gloss Polish,FALSE,,PJB.24.2,DECORATION STONE,120 Cm + 195 Cm + 370 Cm,16440,1,https://drive.google.com/uc?export=view&id=1zcBVufbipNQ1iECxbiUVjqeV7iXkrPZE
993,Furniture,,,Semi-Gloss Polish,FALSE,,PJB.24.5,STOOL FULL POLISH,45 Cm + 36 Cm + 45 Cm,142,0,https://drive.google.com/uc?export=view&id=1LVTnAEULIvFDC4box8mJt7L7YVV6pRP1
994,Furniture,,,Semi-Gloss Polish,FALSE,,PJB.24.6,STOOL FULL POLISH,44 Cm + 33 Cm + 45 Cm,112,0,https://drive.google.com/uc?export=view&id=1sxZY3oJdWQKSwPOiQaIyoru41zoFdZnq
995,Furniture,,,Semi-Gloss Polish,FALSE,,PJB.24.7,STOOL FULL POLISH,40 Cm + 31 Cm + 45 Cm,120,0,https://drive.google.com/uc?export=view&id=122R1SBGyl6m6Kf7LcG26ez7gGnu8X_ck
996,Seater,,,Semi-Gloss Polish,FALSE,,PJB.24.8,STOOL FULL POLISH,40 Cm + 34 Cm + 46 Cm,91,1,https://drive.google.com/uc?export=view&id=10S4lX1plEyngFYm168Vt3uNWygoDI_hN
997,Furniture,,,Semi-Gloss Polish,FALSE,,PJB.24.9,STOOL FULL POLISH,37 Cm + 30 Cm + 45 Cm,87,0,https://drive.google.com/uc?export=view&id=1U0W1bYGne9b-ZMG4ITchFwZZXpB9OcG_
998,Furniture,,,Semi-Gloss Polish,FALSE,,PJB.24.10,STOOL FULL POLISH,37 Cm + 31 Cm + 45 Cm,97,1,https://drive.google.com/uc?export=view&id=1RyE_Suna2-GaO-AuDXeAXnWM_vITauAK
999,Seater,,,Semi-Gloss Polish,FALSE,,PJA.25.1,NATURE STONE,65 Cm + 65 Cm + 345 Cm,2160,1,https://drive.google.com/uc?export=view&id=1Gii4nHsPkMvgP4ENmGfVnMTrfs0fVpbq
1000,Seater,,,Semi-Gloss Polish,FALSE,,PJA.25.2,NATURE STONE,70 Cm + 65 Cm + 240 Cm,1403,1,https://drive.google.com/uc?export=view&id=1WAg3TBi924B2MTIsusvqTA1RxCaJrT5y
1001,Seater,,,Semi-Gloss Polish,FALSE,,PJA.25.3,NATURE STONE,75 Cm + 70 Cm + 244 Cm,1855,1,https://drive.google.com/uc?export=view&id=1zEqxWAMMtEYHTWol-CrkTMaFq5h2Njkk
1002,Seater,,,Semi-Gloss Polish,FALSE,,PJA.25.7,NATURE STONE,75 Cm + 70 Cm + 260 Cm,2700,1,https://drive.google.com/uc?export=view&id=1WuimbzpXVi2uD3y2PFz9APKe-LZg9Cri
1003,Furniture,,,Semi-Gloss Polish,FALSE,,BKS.2.25,BACKREST,62 Cm + 60 Cm + 72 Cm,307,0,https://drive.google.com/uc?export=view&id=1Qe9piuhovMTMVvL9J7It3hCUyQrAGKrE
1004,Furniture,,,Semi-Gloss Polish,FALSE,,BKS.10.25,BACKREST,62 Cm + 60 Cm + 71 Cm,327,0,https://drive.google.com/uc?export=view&id=1IhhjvowZKt_s1XXsM9HROHxptT43LejF
1005,Seater,,,Semi-Gloss Polish,FALSE,,PJA.25.11,NATURE STONE,76 Cm + 44 Cm + 245 Cm,1200,1,https://drive.google.com/uc?export=view&id=1ldIu8xuQCIQy8bfjTflMpHLR1hQpP28Q
1006,Furniture,,,Semi-Gloss Polish,FALSE,,BFP.944.25,STOOL FULL POLISH,40 Cm + 32 Cm + 45 Cm,125,0,https://drive.google.com/uc?export=view&id=1LaJI8ACmyzGPSiQQYv7ZEix6jSdyk29l
1007,Furniture,,,Semi-Gloss Polish,FALSE,,BFP.943.25,STOOL FULL POLISH,41 Cm + 35 Cm + 45 Cm,107,0,https://drive.google.com/uc?export=view&id=1k57XFn1M2p4TJ6l02RXI3TSBZqbEU6bF
1008,Furniture,,,Semi-Gloss Polish,FALSE,,BFP.940.25,STOOL FULL POLISH,33 Cm + 32 Cm + 45 Cm,95,0,https://drive.google.com/uc?export=view&id=1ftBSqQHA47nJJ6PTbEu37Jbvwv_KaW2k
1009,Furniture,,,Semi-Gloss Polish,FALSE,,BFP.938.25,STOOL FULL POLISH,34 Cm + 27 Cm + 46 Cm,86,0,https://drive.google.com/uc?export=view&id=1ZvMLTmKNkZrsahFL84LE9ewVx94xIEa7
1010,Furniture,,,Semi-Gloss Polish,FALSE,,BFP.939.25,STOOL FULL POLISH,34 Cm + 28 Cm + 45 Cm,89,0,https://drive.google.com/uc?export=view&id=1t9LpCP5GX6DBnJ1UwiQqBirfEuS71H7W
1011,Furniture,,,Semi-Gloss Polish,FALSE,,BFP.946.25,STOOL FULL POLISH,35 Cm + 35 Cm + 45 Cm,102,0,https://drive.google.com/uc?export=view&id=1kOT6v9xEkInin8al-1ll6y9i3eOz1PHQ
1012,Furniture,,,Semi-Gloss Polish,FALSE,,BFP.154.25,STOOL FULL POLISH,28 Cm + 25 Cm + 45 Cm,58,0,https://drive.google.com/uc?export=view&id=1asxnUSeVNdeXUfrwqBDlMiS47gRnQ7qI
944,Furniture,,,Semi-Gloss Polish,FALSE,,BKS.22.24,PW BACKREST,62 Cm + 62 Cm + 72 Cm,316,0,https://drive.google.com/uc?export=view&id=1356Kwey-KzUY9U8L9i273EQAIpEW7SG0
1014,Furniture,,,Semi-Gloss Polish,FALSE,,BFP.1096.25,STOOL FULL POLISH,34 Cm + 30 Cm + 45 Cm,74,0,https://drive.google.com/uc?export=view&id=1ve_XnlWwEJjsrsJn6m_xdvIdoNIPrRo8
1015,Furniture,,,Semi-Gloss Polish,FALSE,,BFP.1086.25,STOOL FULL POLISH,37 Cm + 24 Cm + 45 Cm,66,0,https://drive.google.com/uc?export=view&id=1aI_UJ4TGO8FWWphMjVD_jm2tPmgPQsxK
1016,Furniture,,,Semi-Gloss Polish,FALSE,,BFP.1079.25,STOOL FULL POLISH,32 Cm + 30 Cm + 40 Cm,73,0,https://drive.google.com/uc?export=view&id=1qsjSlrNpjX2TIddRlrtTZHUyOOJAQtrE
1017,Furniture,,,Semi-Gloss Polish,FALSE,,BFP.1112.25,STOOL FULL POLISH,39 Cm + 26 Cm + 45 Cm,70,0,https://drive.google.com/uc?export=view&id=1NJ_0Tf8RZb3gGpUbnMlDPdDLPMdMhzLh
1018,Furniture,,,Semi-Gloss Polish,FALSE,,BFP.1138.25,STOOL FULL POLISH,44 Cm + 31 Cm + 40 Cm,102,0,https://drive.google.com/uc?export=view&id=1hpnu4fLGSFMNzCEmh1E2_cVCrGKe30KV
1019,Furniture,,,Semi-Gloss Polish,FALSE,,BBRN.011,BAR STOOL,43 Cm + 43 Cm + 6 Cm,12,0,https://drive.google.com/uc?export=view&id=1qZDGCnlZj60UHusGXGBy4JReppH6kXpj
1020,Furniture,,,Semi-Gloss Polish,FALSE,,BBRN.012,BAR STOOL,43 Cm + 43 Cm + 6 Cm,12,0,https://drive.google.com/uc?export=view&id=1xKmdtHMdqAV02RrMZzDqBLqOg7lzaR8W
1021,Furniture,,,Semi-Gloss Polish,FALSE,,BBRN.013,BAR STOOL,43 Cm + 43 Cm + 6 Cm,12,0,https://drive.google.com/uc?export=view&id=1YXwcLyCJPgveosJTzAbb3y0v5oXBINGx
1022,Furniture,,,Semi-Gloss Polish,FALSE,,BFP.1121.25,STOOL FULL POLISH,42 Cm + 30 Cm + 40 Cm,103,0,https://drive.google.com/uc?export=view&id=1Zmb6dF4USVNM9C4uH061CBSSy3RsYHVk
1023,Furniture,,,Semi-Gloss Polish,FALSE,,BFP.1135.25,STOOL FULL POLISH,44 Cm + 30 Cm + 40 Cm,104,0,https://drive.google.com/uc?export=view&id=11Dw5NRhQ0wKsKpi6dSJmli8LI9fOF5w7
1024,Furniture,,,Semi-Gloss Polish,FALSE,,BFP.1132.25,STOOL FULL POLISH,38 Cm + 34 Cm + 45 Cm,119,0,https://drive.google.com/uc?export=view&id=158GMbVuL9_uPhR-pQiEKiUIrXWWEVR8i
1025,Furniture,,,Semi-Gloss Polish,FALSE,,BFP.1141.25,STOOL FULL POLISH,39 Cm + 27 Cm + 46 Cm,91,0,https://drive.google.com/uc?export=view&id=1DTd1t60eEzv02jysc9NrJKppX6HSWQQa
1026,Furniture,,,Semi-Gloss Polish,FALSE,,BFP.1125.25,STOOL FULL POLISH,35 Cm + 28 Cm + 45 Cm,74,0,https://drive.google.com/uc?export=view&id=1xKeeA5pl984o65_Zd0vWBGdZ1iInfP2L
1027,Furniture,,,Semi-Gloss Polish,FALSE,,BFP.1119.25,STOOL FULL POLISH,29 Cm + 29 Cm + 45 Cm,68,0,https://drive.google.com/uc?export=view&id=1yZVWYxvT2Vuq_2TVJzGQUZjxcEQ6Hb0H
1028,Furniture,,,Semi-Gloss Polish,FALSE,,BFP.1142.25,STOOL FULL POLISH,34 Cm + 29 Cm + 45 Cm,73,0,https://drive.google.com/uc?export=view&id=1gZuEeFBL-PhlcPfL3_EBec1DGYPYre65
1029,Furniture,,,Semi-Gloss Polish,FALSE,,BFP.1134.25,STOOL FULL POLISH,33 Cm + 29 Cm + 45 Cm,69,0,https://drive.google.com/uc?export=view&id=1Qi2yyLbticxuAJh-tBZx6Cw_RS5wvVAO
1030,Furniture,,,Semi-Gloss Polish,FALSE,,BFP.1137.25,STOOL FULL POLISH,36 Cm + 32 Cm + 45 Cm,71,0,https://drive.google.com/uc?export=view&id=1lxHIWYpmlyoSSF0nw0ZlcwbqG7S5cJQO
1031,Furniture,,,Semi-Gloss Polish,FALSE,,BFP.1124.25,STOOL FULL POLISH,34 Cm + 24 Cm + 45 Cm,58,0,https://drive.google.com/uc?export=view&id=1aDvmhqS6uLoufWWeAA-RaxxjtDxx7pDR
1032,Furniture,,,Semi-Gloss Polish,FALSE,,BFP.1117.25,STOOL FULL POLISH,38 Cm + 26 Cm + 46 Cm,77,0,https://drive.google.com/uc?export=view&id=1PqJwoOeK1k817W0GYoFFhjR8E5BEfULU
1033,Furniture,,,Semi-Gloss Polish,FALSE,,BFP.1157.25,STOOL FULL POLISH,36 Cm + 30 Cm + 45 Cm,87,0,https://drive.google.com/uc?export=view&id=1JtkSr9zPSJe-XHoBkyymi4hxpCv8JJ0y
1034,Furniture,,,Semi-Gloss Polish,FALSE,,BFP.1156.25,STOOL FULL POLISH,34 Cm + 30 Cm + 45 Cm,87,0,https://drive.google.com/uc?export=view&id=1d1KKPLjlFQYh73U_v7DSkBpsH7YY7ma1
1035,Furniture,,,Semi-Gloss Polish,FALSE,,BFP.1154.25,STOOL FULL POLISH,35 Cm + 31 Cm + 45 Cm,93,0,https://drive.google.com/uc?export=view&id=1hW52dYGmFrqRAE7CA8EbRHYOdsmZ7GjU
1036,Furniture,,,Semi-Gloss Polish,FALSE,,BFP.1144.25,STOOL FULL POLISH,32 Cm + 32 Cm + 45 Cm,77,0,https://drive.google.com/uc?export=view&id=1bpWpLqw1F9W6aVVo9mJVo3JwdIgf5Lrz
1037,Furniture,,,Semi-Gloss Polish,FALSE,,BFP.1159.25,STOOL FULL POLISH,31 Cm + 31 Cm + 46 Cm,70,0,https://drive.google.com/uc?export=view&id=1vMSx_0j5kqcIRcR15kgp2jNnp9Wez4pr
1038,Furniture,,,Semi-Gloss Polish,FALSE,,BFP.1158.25,STOOL FULL POLISH,35 Cm + 29 Cm + 45 Cm,72,0,https://drive.google.com/uc?export=view&id=1Py66zSTC1Ghkr2iRVx2BLF3tU0aP9QkN
1039,Furniture,,,Semi-Gloss Polish,FALSE,,BFP.1163.25,STOOL FULL POLISH,41 Cm + 30 Cm + 41 Cm,87,0,https://drive.google.com/uc?export=view&id=1zJlmRui5nKUQtM_lUVMpML_zIzuYmb-m
1040,Furniture,,,Semi-Gloss Polish,FALSE,,PDS.KH.30.25,PEDESTAL HOLLOW,35 Cm + 35 Cm + 100 Cm,79,0,https://drive.google.com/uc?export=view&id=1oDkLa3BjmUGKpzsQAIri0raWXkp9MGBA
1041,Furniture,,,Semi-Gloss Polish,FALSE,,PDS.KH.27.25,PEDESTAL HOLLOW,35 Cm + 35 Cm + 100 Cm,84,0,https://drive.google.com/uc?export=view&id=1cEM94n9I3XKLWZ0-vKvBjYf1Sk54TVFQ
1042,Furniture,,,Semi-Gloss Polish,FALSE,,PDS.KH.28.25,PEDESTAL HOLLOW,35 Cm + 35 Cm + 100 Cm,85,1,https://drive.google.com/uc?export=view&id=1z-Xg4hC7BlowUfhjjmT-t6YbpM-4f4yr
1043,Furniture,,,Semi-Gloss Polish,FALSE,,PDS.KH.29.25,PEDESTAL HOLLOW,35 Cm + 35 Cm + 100 Cm,80,1,https://drive.google.com/uc?export=view&id=1U0ZWwCOad7x5N5GQECU0BOYQGcr30Dvv
1044,Furniture,,,Semi-Gloss Polish,FALSE,,CFFP.267.25,SLICE FULL POLISH,63 Cm + 60 Cm + 4 Cm,29,0,https://drive.google.com/uc?export=view&id=1eNZo_iNPi_5fxcVpPvUJt0ifE8-shzUP
1045,Furniture,,,Semi-Gloss Polish,FALSE,,CFFP.270.25,SLICE FULL POLISH,"64 Cm + 58 Cm + 4,5 Cm",28,0,https://drive.google.com/uc?export=view&id=11-BEquILXhZOSm5yJ9FYhwXOb8bFtvUh
1046,Furniture,,,Semi-Gloss Polish,FALSE,,CFFP.273.25,SLICE FULL POLISH,"70 Cm + 63 Cm + 4,5 Cm",31,0,https://drive.google.com/uc?export=view&id=1I394SOWpyWOoC-NP0f7j8OfhM-Xgiuqr
1047,Furniture,,,Semi-Gloss Polish,FALSE,,CFFP.274.25,SLICE FULL POLISH,"71 Cm + 63 Cm + 4,5 Cm",34,0,https://drive.google.com/uc?export=view&id=1Ai_NB7xPNuxF0i3qimhY08nDNvbR2bTq
1048,Furniture,,,Semi-Gloss Polish,FALSE,,CFFP.263.25,SLICE FULL POLISH,67 Cm + 65 Cm + 4 Cm,32,0,https://drive.google.com/uc?export=view&id=1BCSJI0J97CUSy3cCjVpmBR5lWodJkseY
1049,Furniture,,,Semi-Gloss Polish,FALSE,,CFFP.264.25,SLICE FULL POLISH,59 Cm + 56 Cm + 4 Cm,24,0,https://drive.google.com/uc?export=view&id=1atVXDe3ETLEizfuYnAJX5GWPxsPec42w
1050,Furniture,,,Semi-Gloss Polish,FALSE,,CFFP.265.25,SLICE FULL POLISH,69 Cm + 62 Cm + 5 Cm,46,0,https://drive.google.com/uc?export=view&id=1m7NRQvHuMX119A6kPIXvDmBa7ExFev44
1051,Furniture,,,Semi-Gloss Polish,FALSE,,CFFP.266.25,SLICE FULL POLISH,64 Cm + 60 Cm + 4 Cm,28,0,https://drive.google.com/uc?export=view&id=1Flv-rGPDiQAHnEBzDBF6t5JH6cjTtCQZ
1052,Furniture,,,Semi-Gloss Polish,FALSE,,MFPD.9.24,HALF BURGER COFFEE TABLE,50 Cm + 42 Cm + 15 Cm,27,0,https://drive.google.com/uc?export=view&id=13i4w4vfOnEi5apYsVn7PfKDZHNNqSiGk
1053,Furniture,,,Semi-Gloss Polish,FALSE,,MFPD.7.24,HALF BURGER COFFEE TABLE,43 Cm + 37 Cm + 18 Cm,29,0,https://drive.google.com/uc?export=view&id=1Wvz-ABaTubUdlaiBcAQywPn-xTAz2axx
1054,Furniture,,,Semi-Gloss Polish,FALSE,,MFPD.8.24,HALF BURGER COFFEE TABLE,44 Cm + 33 Cm + 15 Cm,19,0,https://drive.google.com/uc?export=view&id=1fpTjJLvvWZMxTS_qOuaePTsI-letCmqF
1055,Furniture,,,Semi-Gloss Polish,FALSE,,BENCH.7.25,BENCH,210 Cm + 55 Cm + 30 Cm,612,0,https://drive.google.com/uc?export=view&id=1u8EngndwuxCrF_ZJJ-SNbKWvEwvkYass
1056,Furniture,,,Semi-Gloss Polish,FALSE,,BENCH.6.25,BENCH,207 Cm + 43 Cm + 18 Cm,524,0,https://drive.google.com/uc?export=view&id=12MUk-BSh7mbMYWurkUErBtHFt2qNHCyk
1057,Bathub,,,Semi-Gloss Polish,FALSE,,WST.T.14.25,PEDESTAL SINK,45 Cm + 39 Cm + 90 Cm,298,1,https://drive.google.com/uc?export=view&id=1acawf9Gh_DRkANjt5xOEVaNe4aUfZVyJ
1058,Bathub,,,Semi-Gloss Polish,FALSE,,WST.T.15.25,PEDESTAL SINK,45 Cm + 40 Cm + 87 Cm,227,1,https://drive.google.com/uc?export=view&id=1T91rvlTXQkSR4X2C1cO6Tdofq-eunmzB
1059,Furniture,,,Semi-Gloss Polish,FALSE,,SPTP.95.25,RECTANGLE,153 Cm + 80 Cm + 6 Cm,200,0,https://drive.google.com/uc?export=view&id=1jXkfxTLujvXJCsADPWpWtTX6qxA4u2MM
1060,Living Room,,,Semi-Gloss Polish,FALSE,,SPTP.93.25,RECTA COFFEE TABLE,167 Cm + 90 Cm + 6 Cm,253,1,https://drive.google.com/uc?export=view&id=1m1c2Uu2QAR2Voss2tHIjH_VYChch3p8X
1061,Furniture,,,Semi-Gloss Polish,FALSE,,WST.TP.17.25,WASTAFEL PALM,47 Cm + 35 Cm + 16 Cm,30,0,https://drive.google.com/uc?export=view&id=1d9xF0bELaQjP3aveMyPkF4kt3XlUUCew
1062,Furniture,,,Semi-Gloss Polish,FALSE,,WST.TP.21.25,WASTAFEL PALM,45 Cm + 33 Cm + 16 Cm,28,0,https://drive.google.com/uc?export=view&id=1194AdVaUfRLq5IEcdHhTfxetcErXqrmq
1063,Furniture,,,Semi-Gloss Polish,FALSE,,WST.TP.18.25,WASTAFEL PALM,56 Cm + 37 Cm + 15 Cm,27,0,https://drive.google.com/uc?export=view&id=114QR1omSBI_dryLs54YWBGditYiJJasY
1064,Bathub,,,Semi-Gloss Polish,FALSE,,WST.TP.15.25,SINK SQUARE,45 Cm + 45 Cm + 14 Cm,30,1,https://drive.google.com/uc?export=view&id=1dIhOw6Qya1-VxeUfOC0i_D_pEg4_VgGh
1065,Bathub,,,Semi-Gloss Polish,FALSE,,WST.TP.19.25,SINK SQUARE,46 Cm + 41 Cm + 13 Cm,26,1,https://drive.google.com/uc?export=view&id=1Tdq-CA5y6OkS3ntao6MPXQ_W0RBdpsER
1066,Furniture,,,Semi-Gloss Polish,FALSE,,WST.TP.16.25,WASTAFEL PALM,45 Cm + 35 Cm + 16 Cm,30,0,https://drive.google.com/uc?export=view&id=18aGpKGhwQ7TnH2yR1nS8A-6xnCnPVhqh
1067,Furniture,,,Semi-Gloss Polish,FALSE,,WST.A.11.25,WASTAFEL IREGULLAR,75 Cm + 40 Cm + 15 Cm,45,0,https://drive.google.com/uc?export=view&id=1T8xeO7Ul5BzqQdc_RwlTdJOLc5RQZvRv
1068,Furniture,,,Semi-Gloss Polish,FALSE,,WST.TP.20.25,WASTAFEL TOP POLISH,56 Cm + 48 Cm + 15 Cm,32,0,https://drive.google.com/uc?export=view&id=1Cg0947R45PtPeAs10h4IH8RsKFNgAi2F
1069,Furniture,,,Semi-Gloss Polish,FALSE,,WST.TP.23.25,WASTAFEL PALM,47 Cm + 38 Cm + 15 Cm,25,0,https://drive.google.com/uc?export=view&id=1Soh84IyX5s9fQQozRR3vsWYjGxmz_0eB
1070,Bathub,,,Semi-Gloss Polish,FALSE,,WST.TP.22.25,SINK SQUARE,47 Cm + 45 Cm + 13 Cm,25,1,https://drive.google.com/uc?export=view&id=1y6UcRG6yqmNGiG2glV59pzV9bjGBCBLd
1071,Furniture,,,Semi-Gloss Polish,FALSE,,DTP.13.25,MEJA BESAR,290 Cm + 143 Cm + 39 Cm,1257,0,https://drive.google.com/uc?export=view&id=1LL2pRG7WbuX2Lkq2Zv2U_ezl_JObgQqw
1072,Furniture,,,Semi-Gloss Polish,FALSE,,MTP.6.25,MEJA BESAR,256 Cm + 79 Cm + 40 Cm,1025,1,https://drive.google.com/uc?export=view&id=1-w-tW07eAL3SnQZ1Jv1Z58lr9uNWmmaQ
1073,Furniture,,,Semi-Gloss Polish,FALSE,,4.25,BENCH,267 Cm + 68 Cm + 13 Cm,438,0,https://drive.google.com/uc?export=view&id=1uv7yxSaywIbBM1GIZbHvZo-gF4-x_SCV
1074,Furniture,,,Semi-Gloss Polish,FALSE,,"
BSLDT",BASE LEG FOR DINING TABLE,122 Cm + 122 Cm + 29 Cm,20,0,https://drive.google.com/uc?export=view&id=1zvn8e0aScL3LjB9FAbctsm4fVF5iVkAf
1075,Furniture,,,Semi-Gloss Polish,FALSE,,BSLRS,BASE LEG FOR RECTANGLE SLAB,90 Cm + 35 Cm + 35 Cm,20,2,https://drive.google.com/uc?export=view&id=1NZ0n2DuZiYK0t8z0wEn8NBk-YY20sdIC
1076,Furniture,,,Semi-Gloss Polish,FALSE,,PJA.25.11.1,STOOL FULL POLISH,40 Cm + 29 Cm + 46 Cm,93,0,https://drive.google.com/uc?export=view&id=1wCpMdG0jJFFmAf-bykaabbmV1UAk9nDb
1077,Furniture,,,Semi-Gloss Polish,FALSE,,PJA.25.11.2,STOOL FULL POLISH,36 Cm + 30 Cm + 46 Cm,73,1,https://drive.google.com/uc?export=view&id=1yM9QJ_HdxSCW5Q7OlddLQHvo2zPywTbG
1078,Furniture,,,Semi-Gloss Polish,FALSE,,PJA.25.11.3,STOOL FULL POLISH,42 Cm + 37 Cm + 45 Cm,108,0,https://drive.google.com/uc?export=view&id=1eXFsT_JRLFAl6In1udsaRffSg_EXWqfV
1079,Furniture,,,Semi-Gloss Polish,FALSE,,CNST,COIN SIDE TABLE,45 Cm + 45 Cm + 4 Cm,20,2,https://drive.google.com/uc?export=view&id=1vHxdCWmaA_HCt2_G57tNIna7LZU9WFrL
1080,Furniture,,,Semi-Gloss Polish,FALSE,,PJA.28.11,PALM STOOL TOP POLISH,40 Cm + 27 Cm + 40 Cm,76,0,https://drive.google.com/uc?export=view&id=1ZfHdeHwcJXTHS5vNd4UkiTXeg5OgjK6C
1081,Furniture,,,Semi-Gloss Polish,FALSE,,PJA.28.12,PALM STOOL TOP POLISH,40 Cm + 30 Cm + 40 Cm,82,0,https://drive.google.com/uc?export=view&id=1H4TjSmrk6NkeDdQs7pq_Dkkt7iY8G2Gu
1082,Furniture,,,Semi-Gloss Polish,FALSE,,PJA.28.20,PALM STOOL TOP POLISH,34 Cm + 29 Cm + 40 Cm,72,0,https://drive.google.com/uc?export=view&id=1R0xRu0nsAVhIQPueZbqIwsDP7vT92Itp
1083,Furniture,,,Semi-Gloss Polish,FALSE,,28.6,WASTAFEL PALM,45 Cm + 33 Cm + 14 Cm,16,1,https://drive.google.com/uc?export=view&id=19iOclB0PYjABmNMJD4sEO3KqpRZQA_IM
1084,Furniture,,,Semi-Gloss Polish,FALSE,,28.7,WASTAFEL PALM,45 Cm + 32 Cm + 14 Cm,21,1,https://drive.google.com/uc?export=view&id=11E2YnThBVIn9LnXmIXZH34suLxB3Rom8
1085,Furniture,,,Semi-Gloss Polish,FALSE,,28.8,WASTAFEL PALM,47 Cm + 34 Cm + 14 Cm,32,0,https://drive.google.com/uc?export=view&id=1caOXzbNrYBw6VA5XFY-f-0hx3qeXN508
1086,Furniture,,,Semi-Gloss Polish,FALSE,,28.9,WASTAFEL PALM,48 Cm + 33 Cm + 14 Cm,28,0,https://drive.google.com/uc?export=view&id=1pfbjwrEzODNrFyNlHcS-_h1IrYFKaJUz
1087,Furniture,,,Semi-Gloss Polish,FALSE,,PJA.28.10,WASTAFEL PALM,46 Cm + 39 Cm + 14 Cm,18,0,https://drive.google.com/uc?export=view&id=1Vb5IF3nJowTAQBHW1awW5q9CsNr_hVGa
1088,Furniture,,,Semi-Gloss Polish,FALSE,,28.25,WASTAFEL PALM,52 Cm + 40 Cm + 14 Cm,22,1,https://drive.google.com/uc?export=view&id=1fXHnHyh5Lx4kDVS1KtX4rMZyfekPuTP6
1089,Furniture,,,Semi-Gloss Polish,FALSE,,28.26,WASTAFEL PALM,47 Cm + 44 Cm + 15 Cm,25,0,https://drive.google.com/uc?export=view&id=1gG1toooyo6XHfLReQu8J0_olhJBhaYAr
1090,Furniture,,,Semi-Gloss Polish,FALSE,,28.41,WASTAFEL PALM,45 Cm + 37 Cm + 13 Cm,12,0,https://drive.google.com/uc?export=view&id=1YtMZB6MhBYK9Nl4GN75mCUK3pAYNkQDQ
1091,Furniture,,,Semi-Gloss Polish,FALSE,,28.42,WASTAFEL PALM,45 Cm + 33 Cm + 13 Cm,21,0,https://drive.google.com/uc?export=view&id=14VwRuG8TcNugO68i1eNaTWwVu6zhisOG
1092,Furniture,,,Semi-Gloss Polish,FALSE,,28.43,WASTAFEL PALM,54 Cm + 43 Cm + 13 Cm,28,0,https://drive.google.com/uc?export=view&id=10zJp-gbeikT2xXSmAppOMOlKKILQ-i6n
1093,Furniture,,,Semi-Gloss Polish,FALSE,,PJA.28.28,CONSOLE MOSAICK JOINT,98 Cm + 45 Cm + 4 Cm,195,7,https://drive.google.com/uc?export=view&id=1maSJT6aQM-oIEAfncgbUXUs8eWYfW21j
1094,Sculputre,,,Semi-Gloss Polish,FALSE,,PJA.28.29,SPECIAL SCLUPTURE + BASE,96 Cm + 70 Cm + 267 Cm,2190,1,https://drive.google.com/uc?export=view&id=1szeyn4HB73VdBQ5-4HGP60FRTZ0iMuze
1095,Seater,,,Semi-Gloss Polish,FALSE,,PJA.28.44,BAR STOOL,35 Cm + 35 Cm + 75 Cm,30,11,https://drive.google.com/uc?export=view&id=1H0pg9o_xIkEIQfMbdnlPBQcevlN9GClL
1096,Furniture,,,Semi-Gloss Polish,FALSE,,PJA.28.50,BIG SLAB DECO,233 Cm + 137 Cm + 6 Cm,302,1,https://drive.google.com/uc?export=view&id=1LX5vjfCkDunrw29t8IuavqIGe_ONWwCL
1097,Furniture,,,Semi-Gloss Polish,FALSE,,PJA.28.52,BIG SLAB DECO,238 Cm + 136 Cm + 6 Cm,315,1,https://drive.google.com/uc?export=view&id=1sEyfTFlL0eDxoF8IcapoeMkdWWf0RJ-u
1098,Dining Room,,,Semi-Gloss Polish,FALSE,,PJA.28.53,DINING TABLE,377 Cm + 128 Cm + 7 Cm,705,1,https://drive.google.com/uc?export=view&id=11A7vUyZ1FK4rvJ3ZnBqSX43NpYb6I_h3
1099,Furniture,,,Semi-Gloss Polish,FALSE,,PJA.28.55,BIG SLAB DECO,90 Cm + 55 Cm + 174 Cm,388,0,https://drive.google.com/uc?export=view&id=16qI1J-hraaMwjtD_sXzR3vf4lA3CKpNu
1100,Furniture,,,Semi-Gloss Polish,FALSE,,PJA.28.56,BIG SLAB DECO,84 Cm + 29 Cm + 176 Cm,303,0,https://drive.google.com/uc?export=view&id=1QRU6ZOh2yfZ1ejav8H0d3QeA-eXB5-Mt
1101,Furniture,,,Semi-Gloss Polish,FALSE,,PJA.28.57,BIG SLAB DECO,90 Cm + 25 Cm + 188 Cm,341,0,https://drive.google.com/uc?export=view&id=1G-KSiLWKCRikUAVEq87ghJRdQcPtwnBe
1102,Furniture,,,Semi-Gloss Polish,FALSE,,PJA.28.59,COUNTER TOP CAFÉ BANJAR,377 Cm + 190 Cm + 120 Cm,849,1,https://drive.google.com/uc?export=view&id=1W2QroBIWdY5RKMVa5IQwLibG8Vu0cOGV
1103,Dining Room,,,Semi-Gloss Polish,FALSE,,PJA.28.63,ROUND DINING TABLE,245 Cm + 142 Cm + 6 Cm,316,1,https://drive.google.com/uc?export=view&id=1idJKE_Eu6BnFgeHpEBLRDPi2NvXQl09t
1104,Dining Room,,,Semi-Gloss Polish,FALSE,,PJA.28.64,DINING TABLE,"312 Cm + 110 Cm + 6,5 Cm",360,1,https://drive.google.com/uc?export=view&id=1NlzzEUhwLNfp6RetMjK0vb-L4ixWKxBk
1105,Furniture,,,Semi-Gloss Polish,FALSE,,PJA.28.87,BENCH,350 Cm + 43 Cm + 32 Cm,1130,0,https://drive.google.com/uc?export=view&id=1h-zmApZhkPEBA4h-xldCjYN7B43FHI5v
1106,Furniture,,,Semi-Gloss Polish,FALSE,,PJA.28.39,STOOL OCASSIONAL,37 Cm + 30 Cm + 47 Cm,168,0,https://drive.google.com/uc?export=view&id=1pst7NXFVaSQfHoLuttIMsr2w9Ua0vU7r
1107,Furniture,,,Semi-Gloss Polish,FALSE,,PJA.28.40,STOOL OCASSIONAL,45 Cm + 40 Cm + 45 Cm,178,0,https://drive.google.com/uc?export=view&id=1_hN_6ddiu1oF45zhVeH786rgppIPTiJG
1108,Seater,,,Semi-Gloss Polish,FALSE,,PJA.28.24,STOOL OCCASIONAL,45 Cm + 40 Cm + 42 Cm,126,1,https://drive.google.com/uc?export=view&id=1mCSok_zA6nJt0Jiidh5TtarhFGhzPaPF
1109,Furniture,,,Semi-Gloss Polish,FALSE,,PJA.28.1,WASTAFEL SQUARE,50 Cm + 40 Cm + 15 Cm,38,0,https://drive.google.com/uc?export=view&id=1tOtNiEga2hk2sDkq5R5nFovNPPhIpP1E
1110,Furniture,,,Semi-Gloss Polish,FALSE,,PJA.28.2,WASTAFEL SQUARE,50 Cm + 40 Cm + 15 Cm,44,0,https://drive.google.com/uc?export=view&id=1UXu0dxChQbOIiC4XKH0Slz1ko3Na8iN4
1111,Furniture,,,Semi-Gloss Polish,FALSE,,PJA.28.3,WASTAFEL SQUARE,50 Cm + 40 Cm + 15 Cm,39,0,https://drive.google.com/uc?export=view&id=18WFaOhjZdCJxUUAaaGvjOgVxxQ-t-zIP
1112,Bathub,,,Semi-Gloss Polish,FALSE,,PJA.28.4,SINK SQUARE,50 Cm + 40 Cm + 15 Cm,38,1,https://drive.google.com/uc?export=view&id=1sMwPRLYWom9JmnXMsaDZKDVS114JLsrr
1113,Bathub,,,Semi-Gloss Polish,FALSE,,PJA.28.5,SINK SQUARE,50 Cm + 40 Cm + 15 Cm,40,1,https://drive.google.com/uc?export=view&id=1Cvmi9oS492twC0XRo4NSHAu8yhbcwUiK
1114,Furniture,,,Semi-Gloss Polish,FALSE,,TTKN.DC,TATAKAN SLAB DECO BESAR,120 Cm + 90 Cm + 195 Cm,420,2,https://drive.google.com/uc?export=view&id=17pFZNtmcoGXnVpj5uK0-LmclrHCm_ux1
1115,Furniture,,,Semi-Gloss Polish,FALSE,,PJA.28.45,COIN SIDE TABLE,35 Cm + 35 Cm + 58 Cm,15,10,https://drive.google.com/uc?export=view&id=1ZpYHXLDb937YvlVfaajS2lliMXwumHj9
1116,Furniture,,,Semi-Gloss Polish,FALSE,,PJA.28.46,BIG SLAB DECO,90 Cm + 42 Cm + 192 Cm,444,0,https://drive.google.com/uc?export=view&id=1Ti7SJbC3CuU88-uNFzAX6IhsdC3-ad58
1117,Furniture,,,Semi-Gloss Polish,FALSE,,PJA.28.47,BIG SLAB DECO,93 Cm + 44 Cm + 176 Cm,338,0,https://drive.google.com/uc?export=view&id=12t69RiYzDJlSnW6ko8V7uO2naYWyczar
1118,Furniture,,,Semi-Gloss Polish,FALSE,,PJA.28.48,BIG SLAB DECO,92 Cm + 36 Cm + 174 Cm,362,0,https://drive.google.com/uc?export=view&id=1eMsh1lcAZYUQhhyci4JfmlVTTxVViGAI
1119,Furniture,,,Semi-Gloss Polish,FALSE,,PJA.28.54,BIG SLAB DECO,90 Cm + 30 Cm + 192 Cm,370,0,https://drive.google.com/uc?export=view&id=12PSlcezGtwcnXpgcSO5akzjlrmNGjNQ3
1120,Furniture,,,Semi-Gloss Polish,FALSE,,PJA.28.60,BACKREST,61 Cm + 61 Cm + 70 Cm,308,0,https://drive.google.com/uc?export=view&id=1h_UBf0xdUtlIgV35GudJwf11HHm4v1u1
1121,Furniture,,,Semi-Gloss Polish,FALSE,,PJA.28.61,BACKREST,61 Cm + 61 Cm + 72 Cm,330,0,https://drive.google.com/uc?export=view&id=1TCeIzH6qe1ePCd63z80LsTMTGiCZqFfS
1122,Furniture,,,Semi-Gloss Polish,FALSE,,PJA.28.58,DINING TABLE JOINT,600 Cm + 73 Cm + 6 Cm,740,1,https://drive.google.com/uc?export=view&id=1p6zSXQ8OLbnU-LQfqLeGk9GW9lM3cd3a
1123,Furniture,,,Semi-Gloss Polish,FALSE,,BR.24.25,BAR STOOL,35 Cm + 35 Cm + 75 Cm,10,6,https://drive.google.com/uc?export=view&id=1wmeT3pTLNwJygPxC51ZqH3XwCvLyjmMv
1124,Furniture,,,Semi-Gloss Polish,FALSE,,PJA.28.62,BAR TABLE + LEG,256 Cm + 74 Cm + 6 Cm,220,1,https://drive.google.com/uc?export=view&id=1KdwqOGDqkYQRprYWrxwDskIp9cj9P_G7
1125,Living Room,,,Semi-Gloss Polish,FALSE,,PJA.28.65,EAST COFFEE TABLE,"68 Cm + 45 Cm + 4,5 Cm",22,1,https://drive.google.com/uc?export=view&id=1JvupGZEB50aqwx6KsD4FmNY4gfZsxFE6
1126,Living Room,,,Semi-Gloss Polish,FALSE,,PJA.28.66,EAST COFFEE TABLE,"65 Cm + 40 Cm + 4,5 Cm",21,1,https://drive.google.com/uc?export=view&id=1mH8IVjn5V9DF3FcgeQciKwuoowV_l6Br
1127,Furniture,,,Semi-Gloss Polish,FALSE,,PJA.28.67,SLICE BATU TIMUR,"63 Cm + 37 Cm + 4,5 Cm",17,0,https://drive.google.com/uc?export=view&id=1YxKltmMEVDfox0PkvMbIu-xqmrri0UlW
1128,Living Room,,,Semi-Gloss Polish,FALSE,,PJA.28.68,EAST COFFEE TABLE,"65 Cm + 45 Cm + 4,5 Cm",23,1,https://drive.google.com/uc?export=view&id=1xQvqLiCDXQedzRXGZ3BW-chNxc9E1XYp
1129,Living Room,,,Semi-Gloss Polish,FALSE,,PJA.28.69,EAST COFFEE TABLE,"68 Cm + 45 Cm + 4,5 Cm",23,1,https://drive.google.com/uc?export=view&id=1rJ_qoM7Oh8P2CE_eF2DS2gkP2b-PD_Tw
1130,Living Room,,,Semi-Gloss Polish,FALSE,,PJA.28.70,EAST COFFEE TABLE,"67 Cm + 43 Cm + 4,5 Cm",22,1,https://drive.google.com/uc?export=view&id=1aQpTnDnlRZ3myBhVShrsgp-WsB2I7Gcb
1131,Living Room,,,Semi-Gloss Polish,FALSE,,PJA.28.71,EAST COFFEE TABLE,67 Cm + 41 Cm + 4 Cm,21,1,https://drive.google.com/uc?export=view&id=1ZKNTA4PC7r1SkTylu-ux7JN8BvbSFhtf
1132,Living Room,,,Semi-Gloss Polish,FALSE,,PJA.28.72,EAST COFFEE TABLE,69 Cm + 44 Cm + 4 Cm,24,1,https://drive.google.com/uc?export=view&id=15iy3LKGp2wn2z5y1Uger7F0F3ZfJX8ZR
1133,Living Room,,,Semi-Gloss Polish,FALSE,,PJA.28.73,EAST COFFEE TABLE,69 Cm + 44 Cm + 4 Cm,23,1,https://drive.google.com/uc?export=view&id=1qJIdb7KUP7nmyqpVMzFVeC_3QDidlJwF
1134,Furniture,,,Semi-Gloss Polish,FALSE,,PJA.28.74,WALL HANGING LAMP,"97 Cm + 75 Cm + 2,5 Cm",39,1,https://drive.google.com/uc?export=view&id=1iOaLnDiMw1hJcxqbLBLMm8uOc-7Mn1wL
1135,Furniture,,,Semi-Gloss Polish,FALSE,,PJA.28.75,WALL HANGING LAMP,104 Cm + 88 Cm + 2 Cm,41,1,https://drive.google.com/uc?export=view&id=12q8njowmjOFN16Iq51PqZ0PtCWUtZOhQ
1136,Furniture,,,Semi-Gloss Polish,FALSE,,PJA.28.76,WALL HANGING LAMP,104 Cm + 88 Cm + 2 Cm,41,1,https://drive.google.com/uc?export=view&id=1ThRFgz8k6nNvk6gVPx45BlX_qTbtuBVQ
1137,Furniture,,,Semi-Gloss Polish,FALSE,,PJA.28.77,WALL HANGING LAMP,"96 Cm + 76 Cm + 2,5 Cm",38,0,https://drive.google.com/uc?export=view&id=1UbfS8TC6eR5mury2zKxb6JMJ6lalEBoW
1138,Furniture,,,Semi-Gloss Polish,FALSE,,PJA.28.78,WALL HANGING LAMP,"97 Cm + 75 Cm + 2,5 Cm",38,1,https://drive.google.com/uc?export=view&id=1qhfhj-W1QfhZnfmNhcTpIeLAzKK_ri5K
1139,Furniture,,,Semi-Gloss Polish,FALSE,,PJA.28.79,WALL HANGING LAMP,"140 Cm + 105 Cm + 2,5 Cm",60,1,https://drive.google.com/uc?export=view&id=1Wl7iuHRGaipvzC4kXCLuNarOLGMcC7cp
1140,Furniture,,,Semi-Gloss Polish,FALSE,,PJA.28.80,WALL HANGING LAMP,"140 Cm + 105 Cm + 2,5 Cm",60,1,https://drive.google.com/uc?export=view&id=1xxTG4hukx9JXzl0DEnQ6TD-pEeZjud2e
1141,Furniture,,,Semi-Gloss Polish,FALSE,,PJA.28.81,WALL HANGING LAMP,"140 Cm + 105 Cm + 2,5 Cm",59,1,https://drive.google.com/uc?export=view&id=1rzlxDaxr1fYD8mqpaPa9SAZ9h38Bh59p
1142,Furniture,,,Semi-Gloss Polish,FALSE,,PJA.28.82,WALL DECO SLAB,130 Cm + 104 Cm + 2 Cm,58,0,https://drive.google.com/uc?export=view&id=1L9SR08PXYbPf7-80xDvfVgsj30P1EFda
1143,Furniture,,,Semi-Gloss Polish,FALSE,,PJA.28.83,WALL HANGING LAMP,130 Cm + 104 Cm + 2 Cm,60,1,https://drive.google.com/uc?export=view&id=1eV--CNyeKKfErId_q4bCbE01Nl5yl6ap
1144,Furniture,,,Semi-Gloss Polish,FALSE,,PJA.28.84,WALL HANGING LAMP,130 Cm + 104 Cm + 2 Cm,61,1,https://drive.google.com/uc?export=view&id=19wH9_rjdk61t2I0_bjPA-A2Mta8NCWPg
1145,Bathub,,,Semi-Gloss Polish,FALSE,,PJA.28.86,SINK LONG,"180 Cm + 58 Cm + 16,5 Cm",165,1,https://drive.google.com/uc?export=view&id=1JguDxlJg_hKyDJsd-hBAZ0xtPy3RBHxT
1146,Bathub,,,Semi-Gloss Polish,FALSE,,PJA.29.2,PEDESTAL SINK,59 Cm + 35 Cm + 91 Cm,317,1,https://drive.google.com/uc?export=view&id=1iCPY9PBz2DjQA85zwFeufPipaibDY5D8
1147,Bathub,,,Semi-Gloss Polish,FALSE,,PJA.29.4,PEDESTAL SINK,44 Cm + 35 Cm + 90 Cm,202,1,https://drive.google.com/uc?export=view&id=18CEuZAlpNnAmutsLg78DnqLggM4YteZr
1148,Bathub,,,Semi-Gloss Polish,FALSE,,PJA.29.10,PEDESTAL SINK,57 Cm + 36 Cm + 90 Cm,330,1,https://drive.google.com/uc?export=view&id=1OnxkdEKyHbIIPlx2dJgZ-yMttbpzdrXc
1149,Furniture,,,Semi-Gloss Polish,FALSE,,PJA.29.11,BATU AKIK,23 Cm + 11 Cm + 59 Cm,19,1,https://drive.google.com/uc?export=view&id=1BQ4qhDGbhhh90fibQqOWW1wweHZ2WOzr
1150,Furniture,,,Semi-Gloss Polish,FALSE,,PJA.29.12,BATU AKIK,22 Cm + 14 Cm + 55 Cm,24,1,https://drive.google.com/uc?export=view&id=15y0Fyss5e5Y4V5JqfXPdrlfKA5PNWE70
1151,Furniture,,,Semi-Gloss Polish,FALSE,,PJA.29.13,BATU AKIK,35 Cm + 17 Cm + 47 Cm,23,1,https://drive.google.com/uc?export=view&id=1pbAX3NUVVrIQIl72WKvMimc0GpCrWiD-
1152,Furniture,,,Semi-Gloss Polish,FALSE,,PJA.29.14,BATU AKIK,39 Cm + 13 Cm + 40 Cm,21,1,https://drive.google.com/uc?export=view&id=1bXueBPLaEGE00w5aF_69j3fUPD34wHHl
1153,Furniture,,,Semi-Gloss Polish,FALSE,,PJA.29.15,BATU AKIK,36 Cm + 16 Cm + 48 Cm,28,1,https://drive.google.com/uc?export=view&id=1TT-EsQ9DF4mv6rFn5K5Nw4fSUPP9mr2G
1154,Furniture,,,Semi-Gloss Polish,FALSE,,PJA.29.16,BATU AKIK,27 Cm + 17 Cm + 49 Cm,18,1,https://drive.google.com/uc?export=view&id=1zblEOsxmltwU_Y0lQiibTP76_TMC9X83
1155,Furniture,,,Semi-Gloss Polish,FALSE,,PJA.29.17,BATU AKIK,24 Cm + 18 Cm + 43 Cm,26,1,https://drive.google.com/uc?export=view&id=1EqOaWM4gLWmHI0g5TxoxnQ0wmYtBU9CN
1156,Furniture,,,Semi-Gloss Polish,FALSE,,PJA.29.18,BATU AKIK,34 Cm + 23 Cm + 67 Cm,56,1,https://drive.google.com/uc?export=view&id=1TN8z6Gyl0giC7GiiB9XfZRTblDSkfXDN
1157,Furniture,,,Semi-Gloss Polish,FALSE,,PJA.29.19,BATU AKIK,31 Cm + 28 Cm + 59 Cm,55,1,https://drive.google.com/uc?export=view&id=1Xstf_eFF-z823RhOc_-5bS9wHBshivvS
1158,Furniture,,,Semi-Gloss Polish,FALSE,,PJA.29.20,PEDESTAL HOLLOW,35 Cm + 35 Cm + 100 Cm,91,0,https://drive.google.com/uc?export=view&id=1u5hX-zOtwWOB2SS8aslvYRfPcHdRuzDu
1159,Furniture,,,Semi-Gloss Polish,FALSE,,PJA.29.21,PEDESTAL HOLLOW,35 Cm + 35 Cm + 100 Cm,88,0,https://drive.google.com/uc?export=view&id=1MBqXrrGKXkJ6IwS0qDXWMTogpxCY5186
1160,Furniture,,,Semi-Gloss Polish,FALSE,,PJA.29.22,PEDESTAL HOLLOW,35 Cm + 35 Cm + 100 Cm,92,1,https://drive.google.com/uc?export=view&id=1UVRIMedJFw248cbR1jUd49ixT4R7sOFA
1161,Furniture,,,Semi-Gloss Polish,FALSE,,PJA.29.23,PEDESTAL HOLLOW,35 Cm + 35 Cm + 100 Cm,79,1,https://drive.google.com/uc?export=view&id=1CnjbvSpm32-SA77qrWOGju3-bXx2wq33
1162,Furniture,,,Semi-Gloss Polish,FALSE,,PJA.29.24,BACKREST,62 Cm + 62 Cm + 70 Cm,275,0,https://drive.google.com/uc?export=view&id=17ielNgYNM-AZpytRC0S7vunadG_IP2y8
1163,Furniture,,,Semi-Gloss Polish,FALSE,,PJA.29.25,BACKREST,62 Cm + 62 Cm + 72 Cm,330,0,https://drive.google.com/uc?export=view&id=1YUEEuZrRrwX7NsfqdMaOujQ7hRgHpsvm
1164,Furniture,,,Semi-Gloss Polish,FALSE,,PJA.29.26,PEDESTAL HOLLOW,35 Cm + 35 Cm + 100 Cm,83,1,https://drive.google.com/uc?export=view&id=1Wa4VxQV7J55cwrDDGA0zu-0hDxjOqcqp
1165,Furniture,,,Semi-Gloss Polish,FALSE,,PJA.29.27,PEDESTAL HOLLOW,35 Cm + 35 Cm + 100 Cm,85,1,https://drive.google.com/uc?export=view&id=1sHQHMiEnRTQxGklR2wLCAe6MhyCepsX7
1166,Furniture,,,Semi-Gloss Polish,FALSE,,PJA.29.28,PEDESTAL HOLLOW,35 Cm + 35 Cm + 100 Cm,83,0,https://drive.google.com/uc?export=view&id=1Nx1fDTBdo53rhrifhL3P5SQh2m_krOZW
1167,Furniture,,,Semi-Gloss Polish,FALSE,,PJA.29.29,PEDESTAL HOLLOW,35 Cm + 35 Cm + 100 Cm,80,0,https://drive.google.com/uc?export=view&id=1sjzcfdU6SLc5JA-y8Bu_o3E1-7NLQpdm
1168,Furniture,,,Semi-Gloss Polish,FALSE,,PJA.29.30,LAMINATED SIGNATURE COFFEE TABLE,237 Cm + 178 Cm + 30 Cm,1680,0,https://drive.google.com/uc?export=view&id=1zZMqia5h_I4vpzBCCd11rX4I0cu-Ovhr
1169,Furniture,,,Semi-Gloss Polish,FALSE,,PJA.29.31,BACKREST,64 Cm + 63 Cm + 72 Cm,313,0,https://drive.google.com/uc?export=view&id=1ckkyNHs-oezHgyiKyQS_MzNeawR1C4I9
1170,Furniture,,,Semi-Gloss Polish,FALSE,,PJA.29.32,PW BACKREST,63 Cm + 59 Cm + 72 Cm,318,0,https://drive.google.com/uc?export=view&id=1nhWE1UNZZ91R7aTSHiTm37XdW4yUpZhn
1171,Furniture,,,Semi-Gloss Polish,FALSE,,PJA.29.33,BACKREST,62 Cm + 60 Cm + 72 Cm,294,0,https://drive.google.com/uc?export=view&id=1dDDkLdvP62dB6h-e1IwAY3ALpPMrdaOK
1172,Furniture,,,Semi-Gloss Polish,FALSE,,PJA.29.34,BASE LEG HOLLOW OVAL,60 Cm + 26 Cm + 70 Cm,56,1,https://drive.google.com/uc?export=view&id=1iQLmTtRKkA-ja-7AJmwiRk5Nk95GVhGS
1173,Furniture,,,Semi-Gloss Polish,FALSE,,PJA.29.35,BASE LEG HOLLOW OVAL,60 Cm + 26 Cm + 70 Cm,56,1,https://drive.google.com/uc?export=view&id=12KRq9jApcbmo7jV6Zu8yN4rkPotr73z4
1174,Furniture,,,Semi-Gloss Polish,FALSE,,PJA.28.30,STOOL FULL POLISH,42 Cm + 33 Cm + 45 Cm,115,0,https://drive.google.com/uc?export=view&id=1DvIjNRcb1CGLVaiget7RfKitmsUkbRS8
1175,Furniture,,,Semi-Gloss Polish,FALSE,,PJA.28.31,STOOL FULL POLISH,43 Cm + 30 Cm + 45 Cm,111,0,https://drive.google.com/uc?export=view&id=13RB5GIhP0osJz9pNl6rHKUw41efRMMXE
1176,Seater,,,Semi-Gloss Polish,FALSE,,PJA.28.32,STOOL FULL POLISH,41 Cm + 36 Cm + 45 Cm,117,1,https://drive.google.com/uc?export=view&id=1hz8RbQSLxGabYjDa01edwmTs0hHM8ZvY
1177,Furniture,,,Semi-Gloss Polish,FALSE,,PJA.28.33,STOOL FULL POLISH,39 Cm + 34 Cm + 45 Cm,117,0,https://drive.google.com/uc?export=view&id=1hzSdjeQSG5GU6ZQ0N6Sr2dLVONjqf_g-
1178,Furniture,,,Semi-Gloss Polish,FALSE,,PJA.28.34,STOOL FULL POLISH,39 Cm + 34 Cm + 45 Cm,110,0,https://drive.google.com/uc?export=view&id=1M8VaXHyoUZCTl1ssoiMXHljfET-x19hi
1179,Furniture,,,Semi-Gloss Polish,FALSE,,PJA.28.35,STOOL FULL POLISH,32 Cm + 28 Cm + 45 Cm,57,0,https://drive.google.com/uc?export=view&id=1_i4TvIUWn1mrp-bOleDiIxI0dg1CVbTn
1180,Bathub,,,Semi-Gloss Polish,FALSE,,WSTFP.1.25,SINK SQUARE,50 Cm + 40 Cm + 16 Cm,43,1,https://drive.google.com/uc?export=view&id=1dsbQXyc7iqTqdhxNDOHwBKzCHfjmOJFZ
1181,Seater,,,Semi-Gloss Polish,FALSE,,HSQS.PO,HOLLOW SQUARE STOOL (PO),30 Cm + 30 Cm + 55 Cm,50,1,https://drive.google.com/uc?export=view&id=1dv79QU8NdBpU60Iq2leWwMvRoH9x8F19
1182,Seater,,,Semi-Gloss Polish,FALSE,,BSLGBR,BASE LEG FOR BAR STOOL,40 Cm + 40 Cm + 70 Cm,,-3,https://drive.google.com/uc?export=view&id=1IoVM41MuYI9-6nWI6ExscOvkrQeNYtRo
1183,Furniture,,,Semi-Gloss Polish,FALSE,,KMRCDT-05,BASE LEG RECTA COFFEE TABLE 05,150 Cm + 55 Cm + 71 Cm,,0,https://drive.google.com/uc?export=view&id=11m4KERTORAVNIs-aVqrdX6Z2RkPo1uIH
1184,Furniture,,,Semi-Gloss Polish,FALSE,,PWBKRST,BACKREST,61 Cm + 61 Cm + 71 Cm,313,0,https://drive.google.com/uc?export=view&id=1AwuG8cwes-pZMtSpF4u-WbzJrbttbuha
1185,,,,Semi-Gloss Polish,FALSE,,BSLG-STNL,STAINLESS BASE LEG FOR ROUND COFFEE TABLE (PO), Cm +  Cm + 45 Cm,,0,https://drive.google.com/uc?export=view&id=1Wi4ad51YWYpoB-FwCOVQUiaztnd3w8CQ
1186,,,,Semi-Gloss Polish,FALSE,,PJA.30.4,BAR STOOL,53 Cm + 46 Cm + 65 Cm,19,0,https://drive.google.com/uc?export=view&id=1AzMOp5qzOJMTZz363Bd1AZku3BisnXSK
1187,,,,Semi-Gloss Polish,FALSE,,PJ.30.5,BAR STOOL,53 Cm + 46 Cm + 65 Cm,20,0,https://drive.google.com/uc?export=view&id=188TNFoRsOK8SBHu4ktgT0GMPv497-qsU
1188,Outdoor,,,Semi-Gloss Polish,TRUE,,PJA.30.8,PW TREE,55 Cm + 45 Cm + 1385 Cm,7108,1,https://drive.google.com/uc?export=view&id=1scAAMZdWH4W8dgVnuD9W1aUTplXenCgM
1189,Furniture,,,Semi-Gloss Polish,FALSE,,PJA.30.9,COIN SIDE TABLE,65 Cm + 65 Cm + 5 Cm,44,1,https://drive.google.com/uc?export=view&id=1ZSev9KNfndZhwCfurw_qJb0KOrM2GgLA
1190,Furniture,,,Semi-Gloss Polish,FALSE,,PJA.30.10,COIN SIDE TABLE,65 Cm + 65 Cm + 5 Cm,41,1,https://drive.google.com/uc?export=view&id=1LjsE9lUtWejPzU0ZNqFfKGQTxbiBo7Ty
1191,Furniture,,,Semi-Gloss Polish,FALSE,,PJA.30.11,COIN SIDE TABLE,65 Cm + 65 Cm + 5 Cm,40,1,https://drive.google.com/uc?export=view&id=1XYCNYcZ1g3tkAeqcqHH41ig03SPuiNAw
1192,Furniture,,,Semi-Gloss Polish,FALSE,,PJA.30.12,COIN SIDE TABLE,65 Cm + 65 Cm + 5 Cm,41,1,https://drive.google.com/uc?export=view&id=1Ebx0XaGkGWbEgvub30npfAVwq3RUUJZL
1193,Furniture,,,Semi-Gloss Polish,FALSE,,PJA.30.17,PAINTING FRAME,120 Cm + 100 Cm + 2 Cm,5,1,https://drive.google.com/uc?export=view&id=1xyQauLIYAzHQ4koXa89h5Sq3eBAUHa-3
1194,Living Room,,,Semi-Gloss Polish,FALSE,,PJA.30.13,EAST COFFEE TABLE,62 Cm + 57 Cm + 4 Cm,27,1,https://drive.google.com/uc?export=view&id=19NlfQap1B2vZiH45x9l45C89XIVBg4Kk
1195,Living Room,,,Semi-Gloss Polish,FALSE,,CFTF.01,FULL POLISHED ROUND COFFEE TABLE,67 Cm + 67 Cm + 6 Cm,53,1,https://drive.google.com/uc?export=view&id=1gr_TnFXuitGMHLcDFU7ZywLbHlpO3A4m
1196,Living Room,,,Semi-Gloss Polish,FALSE,,CFTF.02,FULL POLISHED ROUND COFFEE TABLE,67 Cm + 67 Cm + 6 Cm,56,1,https://drive.google.com/uc?export=view&id=1zXb2jTD1LE5mOUC5aoZJbPF2ET469d0u
1197,Living Room,,,Semi-Gloss Polish,FALSE,,CFTF.03,FULL POLISHED ROUND COFFEE TABLE,67 Cm + 67 Cm + 6 Cm,56,1,https://drive.google.com/uc?export=view&id=10F4uDWG0WNdme8QJA3-in91rjE3I18lJ
1198,,,,Semi-Gloss Polish,FALSE,,PJA.31.6,STOOL FULL POLISH,34 Cm + 31 Cm + 40 Cm,75,0,https://drive.google.com/uc?export=view&id=1l0G8Fjb0Vd9uaTmShPAHlVchbB-0ja-V
1199,,,,Semi-Gloss Polish,FALSE,,PJA.31.7,STOOL FULL POLISH,35 Cm + 35 Cm + 40 Cm,98,0,https://drive.google.com/uc?export=view&id=1HUzDB9JpFE1vk39XUGbCEJ7J4cOlIW2T
1200,,,,Semi-Gloss Polish,FALSE,,PJA.31.8,STOOL FULL POLISH,35 Cm + 33 Cm + 40 Cm,86,0,https://drive.google.com/uc?export=view&id=1UvClreKdq2MTcHX6ca0G5adlUX2POM20
1201,Bathub,,,Semi-Gloss Polish,FALSE,,PJA.31.9,SINK,41 Cm + 40 Cm + 13 Cm,18,1,https://drive.google.com/uc?export=view&id=15wbblhYJHcJ-ux7P2k7RwpqMHOi5qm07
1202,Bathub,,,Semi-Gloss Polish,FALSE,,PJA.31.10,PW SINK,37 Cm + 37 Cm + 13 Cm,18,0,https://drive.google.com/uc?export=view&id=1uq4Shbv5kHOQKPXgxNo2N54y__GOYomR
1203,Bathub,,,Semi-Gloss Polish,FALSE,,PJA.31.11,PW SINK,41 Cm + 35 Cm + 13 Cm,19,0,https://drive.google.com/uc?export=view&id=1dNHD7m6zPtEaC9ly9yB_DfmzA0rfCYBU
1204,Bathub,,,Semi-Gloss Polish,FALSE,,PJA.31.12,PW SINK,40 Cm + 32 Cm + 10 Cm,15,0,https://drive.google.com/uc?export=view&id=13BFF1FvpZ6n1mlJjC_qEJYFF_ms3oZUB
1205,Bathub,,,Semi-Gloss Polish,FALSE,,PJA.31.13,PW SINK,38 Cm + 36 Cm + 10 Cm,15,0,https://drive.google.com/uc?export=view&id=1cqaOmr5nJ68a5P4ZDLSoEY1GX4OL24Lc
1206,Bathub,,,Semi-Gloss Polish,FALSE,,PJA.31.14,SINK,44 Cm + 36 Cm + 10 Cm,15,1,https://drive.google.com/uc?export=view&id=16Vp7uBPtD2nTGYrddSpofY1NNwCRWA1I
1207,Bathub,,,Semi-Gloss Polish,FALSE,,PJA.31.15,SINK,43 Cm + 42 Cm + 11 Cm,18,1,https://drive.google.com/uc?export=view&id=14iqtWKSGvOYynK1Zp4SMGcH0Qd7JVhgI
1208,Bathub,,,Semi-Gloss Polish,FALSE,,PJA.31.16,SINK,57 Cm + 40 Cm + 14 Cm,30,1,https://drive.google.com/uc?export=view&id=1C3iP4_bvvmiNWDWsURF4WtUYWInS3Xj8
1209,Seater,,,Semi-Gloss Polish,FALSE,,PJA.31.17,STOOL OCCASIONAL,35 Cm + 33 Cm + 43 Cm,140,1,https://drive.google.com/uc?export=view&id=1PnqmG1WNzWeRPnRJGMCO2eneeWY_Dv6w
1210,Seater,,,Semi-Gloss Polish,FALSE,,PJA.31.18,STOOL OCCASIONAL,33 Cm + 28 Cm + 44 Cm,133,1,https://drive.google.com/uc?export=view&id=1m0fkiU6MAmm7P-2AeCRP5C8ybp1lnyco
1211,,,,Semi-Gloss Polish,FALSE,,PJA.31.19,STOOL OCCASIONAL,35 Cm + 32 Cm + 45 Cm,136,0,https://drive.google.com/uc?export=view&id=1VZBxXLJTyv9Ix4vgA899FdQi9jspnOyT
1212,Seater,,,Semi-Gloss Polish,FALSE,,PJA.31.20,STOOL OCCASIONAL,40 Cm + 36 Cm + 46 Cm,145,1,https://drive.google.com/uc?export=view&id=1mwZHnvy41UsJP8QFDILlnd9YgM8mS0Gt
1213,Seater,,,Semi-Gloss Polish,FALSE,,PJA.31.21,STOOL OCCASIONAL,36 Cm + 34 Cm + 47 Cm,135,1,https://drive.google.com/uc?export=view&id=12ci2ABGs3-3fhPqr5U7J0cAf5BQtc1Dq
1214,,,,Semi-Gloss Polish,FALSE,,PJA.28.13,STOOL OCCASIONAL,42 Cm + 35 Cm + 42 Cm,129,0,https://drive.google.com/uc?export=view&id=1We_91MDl11jXoePhRMTcopcINis0nKO6
1215,,,,Semi-Gloss Polish,FALSE,,PJA.28.14,STOOL OCCASIONAL,48 Cm + 35 Cm + 45 Cm,193,0,https://drive.google.com/uc?export=view&id=13rpWn2lxeTBsKVA3miDZbFwYfpfcqeih
1216,,,,Semi-Gloss Polish,FALSE,,PJA.28.15,STOOL OCCASIONAL,43 Cm + 38 Cm + 40 Cm,147,0,https://drive.google.com/uc?export=view&id=1b4FXD841It9c5zUs4wK9CaQCy3tzkgKo
1217,,,,Semi-Gloss Polish,FALSE,,PJA.28.16,STOOL OCCASIONAL,41 Cm + 29 Cm + 43 Cm,149,0,https://drive.google.com/uc?export=view&id=1EcBkV5DGzTXKRm75_KFqqmV37AXxrQO7
1218,,,,Semi-Gloss Polish,FALSE,,PJA.28.17,STOOL OCCASIONAL,40 Cm + 25 Cm + 40 Cm,88,0,https://drive.google.com/uc?export=view&id=1rX3L2bRaL6c-EahhSFRsOpsB0Bah-8Zf
1219,Seater,,,Semi-Gloss Polish,FALSE,,PJA.28.18,STOOL OCCASIONAL,40 Cm + 32 Cm + 40 Cm,132,1,https://drive.google.com/uc?export=view&id=1uiMaaxXcGb_dC62FmNGpMKeDK1FQPY7I
1220,,,,Semi-Gloss Polish,FALSE,,PJA.28.19,STOOL OCCASIONAL,45 Cm + 35 Cm + 45 Cm,135,0,https://drive.google.com/uc?export=view&id=10csnqGw1t55k1AS_FRJ6eRYjb5XL9dXk
1221,Seater,,,Semi-Gloss Polish,FALSE,,PJA.28.21,STOOL OCCASIONAL,40 Cm + 36 Cm + 45 Cm,178,1,https://drive.google.com/uc?export=view&id=1oxrK2nTXnnTlb6tLVSFaWmZpK_P7mHtt
1222,Seater,,,Semi-Gloss Polish,FALSE,,PJA.28.22,STOOL OCCASIONAL,38 Cm + 38 Cm + 46 Cm,164,1,https://drive.google.com/uc?export=view&id=1TCV7yRGXxy2VGXF8FbQLDtbye0PBwnXw
1223,Seater,,,Semi-Gloss Polish,FALSE,,PJA.28.23,STOOL OCCASIONAL,41 Cm + 34 Cm + 45 Cm,177,1,https://drive.google.com/uc?export=view&id=1UHMwgozpqhLBpUg7ICbTdKq5eDKaj9I1
1224,,,,Semi-Gloss Polish,FALSE,,BRCK,BRICK,20 Cm + 5 Cm + 2 Cm,40,0,https://drive.google.com/uc?export=view&id=1CMf72io2ATY0-Ab305Kohutb6tlCTkKf
1225,,,,Semi-Gloss Polish,FALSE,,PJA.32.29,RECTANGLE SLAB JOINT,420 Cm + 40 Cm + 7 Cm,300,0,https://drive.google.com/uc?export=view&id=1g80avUtUf0MLlsMjzPyOLW8m2U-bZa0F
1226,,,,Semi-Gloss Polish,FALSE,,BMBSLG,BLACK METAL BASE LEG,90 Cm + 35 Cm + 35 Cm,20,0,https://drive.google.com/uc?export=view&id=1YFH_E7j1GPvo7cnHKR2nYuCwVW1ckbpp
1227,,,,Semi-Gloss Polish,FALSE,,26.1,SLICE COFFEE TABLE,71 Cm + 54 Cm + 3.5 Cm,20,0,https://drive.google.com/uc?export=view&id=1n3T6I-L99bw9k6Jz9W9EkLbPVEOlSVQs
1228,,,,Semi-Gloss Polish,FALSE,,111.22,SLICE COFFEE TABLE,65 Cm + 62 Cm + 4 Cm,25,0,https://drive.google.com/uc?export=view&id=1Yr88rH9tAycoEn6FKi0f1JDNLJ30is3I
1229,,,,Semi-Gloss Polish,FALSE,,AR.3,BIG SLAB DECO 3 SET,84 Cm + 29 Cm + 176 Cm,303,0,https://drive.google.com/uc?export=view&id=1V7cYqR0JQoyjZvpRwsDJN5CCRb9XDsqT
1230,,,,Semi-Gloss Polish,FALSE,,AR.12,NATURE STONE,188 Cm + 90 Cm + 285 Cm,7442,0,https://drive.google.com/uc?export=view&id=1-L3q4w_dG4aKxvKMlci_9DAfKhBAwzhI
1231,Bathub,,,Semi-Gloss Polish,FALSE,,AR.16,PEDESTAL SINK,54 Cm + 42 Cm + 90 Cm,319,0,https://drive.google.com/uc?export=view&id=1Unug1N2u5fYn2I2muUlZTRafQR1GDPIH
1232,Bathub,,,Semi-Gloss Polish,FALSE,,AR.18,PEDESTAL SINK,69 Cm + 33 Cm + 90 Cm,230,0,https://drive.google.com/uc?export=view&id=1mvird_d4CpY2HGL1hCrt70w6l2DAWOPI
1233,,,,Semi-Gloss Polish,FALSE,,AR.5,BATHTUB ANTIQUE TRAVERTINE,200 Cm + 162 Cm + 60 Cm,1755,0,https://drive.google.com/uc?export=view&id=1LlF8Rj0a3XjJheKjidttZRC4xWOWoG4T
1234,Bathub,,,Semi-Gloss Polish,FALSE,,PJA.32.1,PW BATHUB,200 Cm + 114 Cm + 65 Cm,1300,1,https://drive.google.com/uc?export=view&id=1tLm6nuxF77ruWbGWU_1dvk-CB5Q_QShM
1235,,,,Semi-Gloss Polish,FALSE,,PJA.32.2,KAKI MEJA,42 Cm + 36 Cm + 29 Cm,90,0,https://drive.google.com/uc?export=view&id=15APoeI1Q49UgkjzSTfkRsnevSCltikyc
1236,,,,Semi-Gloss Polish,FALSE,,PJA.32.3,KAKI MEJA,42 Cm + 33 Cm + 35 Cm,110,0,https://drive.google.com/uc?export=view&id=1BdBf77Lk519-byy9txfGD2JMyKYAyyqe
1237,,,,Semi-Gloss Polish,FALSE,,PJA.32.4,KAKI MEJA HOLLO,60 Cm + 26 Cm + 70 Cm,47,0,https://drive.google.com/uc?export=view&id=1XDS6zVKtCZkFx5XOczBw1njE60T_IYcq
1238,,,,Semi-Gloss Polish,FALSE,,PJA.32.5,KAKI MEJA HOLLO,60 Cm + 26 Cm + 70 Cm,44,0,https://drive.google.com/uc?export=view&id=19LXLKZYDt--w-O1tWJhsd0nrqQcPRiT7
1239,,,,Semi-Gloss Polish,FALSE,,PJA.32.6,KAKI MEJA HOLLO,60 Cm + 25 Cm + 70 Cm,43,0,https://drive.google.com/uc?export=view&id=16NLV7bpqhFq3XWL3PPeG94YH9gus6PfM
1240,,,,Semi-Gloss Polish,FALSE,,PJA.32.7,KAKI MEJA HOLLO,60 Cm + 25 Cm + 70 Cm,45,0,https://drive.google.com/uc?export=view&id=1GvodqDV6Di5dmiAW8vFbrGBb_jFnoCOf
1241,,,,Semi-Gloss Polish,FALSE,,PJA.32.8,STOOL OCCASIONAL,37 Cm + 30 Cm + 41 Cm,115,0,https://drive.google.com/uc?export=view&id=16J34TVRuWUp9LR8atmcEL7Z6goJUEhz3
1242,,,,Semi-Gloss Polish,FALSE,,PJA.32.9,STOOL OCCASIONAL,39 Cm + 30 Cm + 42 Cm,118,0,https://drive.google.com/uc?export=view&id=1ub0i_zessVHKMEyUaaFD5qMkmGH6m4Kl
1243,,,,Semi-Gloss Polish,FALSE,,PJA.32.10,STOOL OCCASIONAL,35 Cm + 32 Cm + 45 Cm,119,0,https://drive.google.com/uc?export=view&id=14SzmM_dqtyHVcTzn4tfgJBVAg_3iL5Bs
1244,Seater,,,Semi-Gloss Polish,FALSE,,PJA.32.11,STOOL OCCASIONAL,35 Cm + 40 Cm +  Cm,141,1,https://drive.google.com/uc?export=view&id=1bOkEL6B-BZKw0x5IiqHuFmEva8LYw3gY
1245,Seater,,,Semi-Gloss Polish,FALSE,,PJA.32.12,STOOL OCCASIONAL,35 Cm + 34 Cm + 45 Cm,141,1,https://drive.google.com/uc?export=view&id=13VQbBjHIp4_9ppuLaLZABrP3o71knCaX
1246,,,,Semi-Gloss Polish,FALSE,,PJA.32.13,STOOL FULL POLISH,36 Cm + 32 Cm + 46 Cm,,0,https://drive.google.com/uc?export=view&id=1o-e7eYnDENjjjHEPu8rdpHf4e7_JRXt5
1247,,,,Semi-Gloss Polish,FALSE,,PJA.32.14,STOOL FULL POLISH,36 Cm + 31 Cm + 45 Cm,96,0,https://drive.google.com/uc?export=view&id=1O1kGfOytcdWgbIQQ7w7K9Mw8Iorh9cn3
1248,Seater,,,Semi-Gloss Polish,FALSE,,PJA.32.15,STOOL FULL POLISH,34 Cm + 32 Cm + 40 Cm,90,1,https://drive.google.com/uc?export=view&id=18NEozE2Y8MCVBJvQYMkzaDg1lPdZgrM1
1249,,,,Semi-Gloss Polish,FALSE,,PJA.32.16,STOOL FULL POLISH,29 Cm + 28 Cm + 40 Cm,64,0,https://drive.google.com/uc?export=view&id=1gtxWEbkxRtDOti00Yc0uDD0XCWGkR1uI
1250,,,,Semi-Gloss Polish,FALSE,,PJA.32.17,STOOL FULL POLISH,35 Cm + 32 Cm + 40 Cm,88,0,https://drive.google.com/uc?export=view&id=13PWskkqq3ErK02NgapbPmbirg85VsFqL
1251,,,,Semi-Gloss Polish,FALSE,,PJA.32.18,STOOL FULL POLISH,35 Cm + 26 Cm + 40 Cm,74,0,https://drive.google.com/uc?export=view&id=1OgFfVcgpgKl9-j81D6rldWzY5aLgLPqP
1252,,,,Semi-Gloss Polish,FALSE,,PJA.32.19,STOOL FULL POLISH,33 Cm + 31 Cm + 40 Cm,80,0,https://drive.google.com/uc?export=view&id=1sgRW8M6_4g3sdb36hNJYIADiKYFIZDjW
1253,,,,Semi-Gloss Polish,FALSE,,PJA.32.20,STOOL FULL POLISH,32 Cm + 28 Cm + 40 Cm,67,0,https://drive.google.com/uc?export=view&id=1iaxiCnQ_QZDRzJcVwuxKEQq-xLlf3nlW
1254,,,,Semi-Gloss Polish,FALSE,,PJA.32.21,STOOL FULL POLISH,35 Cm + 31 Cm + 45 Cm,86,0,https://drive.google.com/uc?export=view&id=1wQspZEp3m-kCkiFspXsdR2_IP9K8loSs
1255,Seater,,,Semi-Gloss Polish,FALSE,,PJA.32.22,STOOL FULL POLISH,38 Cm + 37 Cm + 45 Cm,118,1,https://drive.google.com/uc?export=view&id=1I1Y8lltCpFlZdKqXLha9Yy01KzFIzxHU
1256,,,,Semi-Gloss Polish,FALSE,,PJA.32.23,STOOL FULL POLISH,34 Cm + 29 Cm + 40 Cm,81,0,https://drive.google.com/uc?export=view&id=1Gu3c_x7l_BrUSXeLjx46V3q_sNtMR_sn
1257,Living Room,,,Semi-Gloss Polish,FALSE,,PJA.32.26,SIGNATURE COFFEE TABLE,167 Cm + 142 Cm + 30 Cm,677,1,https://drive.google.com/uc?export=view&id=18NWJwSKIgXM1ROlV7kw3o9Im-m5_PauU
1258,Furniture,,,Semi-Gloss Polish,FALSE,,PJA.32.28,BENCH,50 Cm + 40 Cm + 320 Cm,1300,1,https://drive.google.com/uc?export=view&id=16HHwSQkKSgPDEcjxuKmIgB6dykNFf9Jg
1259,,,,Semi-Gloss Polish,FALSE,,PJA.32.30,BASE LEG,57 Cm + 57 Cm + 70 Cm,10,0,https://drive.google.com/uc?export=view&id=1-2dDWLkBRIsvbOhDtz7SvbQoa1YMQVHw
1260,,,,Semi-Gloss Polish,FALSE,,PJA.32.31,BASE LEG,80 Cm + 71 Cm + 44 Cm,5,1,https://drive.google.com/uc?export=view&id=1jRi8CuaYUqHLsydxfPuVW05uM5WThTUa
1261,Furniture,,,Semi-Gloss Polish,FALSE,,31.1,PW BACKREST,65 Cm + 65 Cm + 74 Cm,320,1,https://drive.google.com/uc?export=view&id=11J9rdBrdurZxTgdIljAv3wQmyklyCEiF
1262,Furniture,,,Semi-Gloss Polish,FALSE,,31.2,PW BACKREST,61 Cm + 61 Cm + 72 Cm,313,1,https://drive.google.com/uc?export=view&id=1pDLVFQ0Y5-OF3C_cvBc0MYjJFg1rFzQa
1263,,,,Semi-Gloss Polish,FALSE,,31.3,PW BACKREST,62 Cm + 62 Cm + 74 Cm,306,0,https://drive.google.com/uc?export=view&id=11cmJBgwpV0QSfU_IZ0nr-TMWJwgLN7-t
1264,Furniture,,,Semi-Gloss Polish,FALSE,,31.6,PW BACKREST,62 Cm + 62 Cm + 70 Cm,250,1,https://drive.google.com/uc?export=view&id=1eWD-zeZVIuwvKaITTL2YhE7CXZqGwsdq
1265,Seater,,,Semi-Gloss Polish,FALSE,,PJA.3.6,STOOL FULL POLISH,39 Cm + 32 Cm + 45 Cm,111,1,https://drive.google.com/uc?export=view&id=1TlbqSBDrTCtPkVnct3XaZnfPYEjLIEaL
1266,,,,Semi-Gloss Polish,FALSE,,34.17,NATURE STONE LEG,46 Cm + 31 Cm + 35 Cm,101,0,https://drive.google.com/uc?export=view&id=15Bi3H9K2FcvSGmdXfrMiehQrkiGIelhB
,,,,,,,,, Cm +  Cm +  Cm,,0,
1268,,,,Semi-Gloss Polish,FALSE,,PJA.33.1,STOOL FULL POLISH,35 Cm + 25 Cm + 40 Cm,66,0,https://drive.google.com/uc?export=view&id=1tIIOpJqYjEgpcmDidnv7IpJe0IuXZuFS
1269,Seater,,,Semi-Gloss Polish,FALSE,,PJA.33.2,STOOL FULL POLISH,32 Cm + 26 Cm + 40 Cm,58,1,https://drive.google.com/uc?export=view&id=1QS9nIsCZ7CVUHEypEEXL-RrAqgoFVE-b
1270,Seater,,,Semi-Gloss Polish,FALSE,,PJA.33.3,STOOL FULL POLISH,32 Cm + 30 Cm + 40 Cm,67,1,https://drive.google.com/uc?export=view&id=1krCfqHbw7VeJJdIP1RkZCJBEBHn-pMpK
1271,,,,Semi-Gloss Polish,FALSE,,PJA.33.4,STOOL FULL POLISH,30 Cm + 28 Cm + 45 Cm,89,0,https://drive.google.com/uc?export=view&id=1I2oH42oWnOApCL8iMVSNE-2AAaSnEMWd
1272,Seater,,,Semi-Gloss Polish,FALSE,,PJA.33.5,STOOL FULL POLISH,35 Cm + 34 Cm + 45 Cm,100,1,https://drive.google.com/uc?export=view&id=1NdCMVTeU7tgRpCnhK_mVzc8yFLs2iYrI
1273,,,,Semi-Gloss Polish,FALSE,,PJA.33.6,STOOL FULL POLISH,34 Cm + 25 Cm + 45 Cm,78,0,https://drive.google.com/uc?export=view&id=1J_yxbmF0yCTygK8cmnCREUK_rJCtlgvR
1274,Seater,,,Semi-Gloss Polish,FALSE,,PJA.33.7,STOOL FULL POLISH,34 Cm + 31 Cm + 45 Cm,106,1,https://drive.google.com/uc?export=view&id=179k3QmXJifYhkf0UjYrzQnM4O7yNNwuW
1275,,,,Semi-Gloss Polish,FALSE,,PJA.33.8,STOOL FULL POLISH,30 Cm + 30 Cm + 45 Cm,77,0,https://drive.google.com/uc?export=view&id=1turlw5wmZaQ44IkcQqDEh7ajNJ2vv2e9
1276,Seater,,,Semi-Gloss Polish,FALSE,,PJA.33.9,STOOL FULL POLISH,33 Cm + 29 Cm + 46 Cm,78,1,https://drive.google.com/uc?export=view&id=181Mp3Gh_14DrWrfcqEV1ueZw7cRADVyP
1277,,,,Semi-Gloss Polish,FALSE,,PJA.33.10,STOOL FULL POLISH,27 Cm + 23 Cm + 46 Cm,55,0,https://drive.google.com/uc?export=view&id=1RHWTIm1LJDhuPYGp-QyB6yA3UVWngeoX
1278,,,,Semi-Gloss Polish,FALSE,,PJA.33.11,STOOL TOP POLISH,38 Cm + 25 Cm + 49 Cm,82,0,https://drive.google.com/uc?export=view&id=1bkUq-g1sCmIVAsSpfQAKRMPPyDuVWXD2
1279,,,,Semi-Gloss Polish,FALSE,,PJA.33.12,STOOL TOP POLISH,36 Cm + 25 Cm + 47 Cm,74,0,https://drive.google.com/uc?export=view&id=1dbb8nsGos3nYP1EA5VmT-QPHzOlzYSD2
1280,Seater,,,Semi-Gloss Polish,FALSE,,PJA.33.13,STOOL TOP POLISH,37 Cm + 26 Cm + 50 Cm,78,1,https://drive.google.com/uc?export=view&id=1XolyAWevhrIE3pYLSEl8vj2m1YUpThg4
1281,Seater,,,Semi-Gloss Polish,FALSE,,PJA.33.14,STOOL TOP POLISH,40 Cm + 30 Cm + 44 Cm,87,1,https://drive.google.com/uc?export=view&id=1tWXIBtvdTmaRR-4dRDJHyupUCn11XcZB
1282,Seater,,,Semi-Gloss Polish,FALSE,,PJA.33.15,STOOL FULL POLISH,33 Cm + 32 Cm + 45 Cm,85,1,https://drive.google.com/uc?export=view&id=1Q4HljMPkRSNKUp9OlB44IvrHNU2KEzL0
1283,Seater,,,Semi-Gloss Polish,FALSE,,PJA.33.16,STOOL FULL POLISH,32 Cm + 30 Cm + 46 Cm,75,1,https://drive.google.com/uc?export=view&id=1CnNpNXAu7PuplwtrLOELn6ihxm0pydB8
1284,Seater,,,Semi-Gloss Polish,FALSE,,PJA.33.17,STOOL FULL POLISH,32 Cm + 30 Cm + 45 Cm,80,1,https://drive.google.com/uc?export=view&id=1BDediQZHdpvUqibB0Nf5c-53Af4zn-Va
1285,Seater,,,Semi-Gloss Polish,FALSE,,PJA.33.18,STOOL FULL POLISH,34 Cm + 29 Cm + 45 Cm,94,1,https://drive.google.com/uc?export=view&id=1jj9qieTdyUUctg-x93NcKiq0wRnJxW3r
1286,Seater,,,Semi-Gloss Polish,FALSE,,PJA.33.19,STOOL FULL POLISH,31 Cm + 31 Cm + 46 Cm,85,1,https://drive.google.com/uc?export=view&id=1i2MWsSRMH4L0tpabOMUC3KIXUtnfZRfq
1287,,,,Semi-Gloss Polish,FALSE,,PJA.33.20,STOOL TOP POLISH,38 Cm + 26 Cm + 60 Cm,104,0,https://drive.google.com/uc?export=view&id=1AJ9lvYzG26tvD30okk5XclLZcyDXFwPh
1288,,,,Semi-Gloss Polish,FALSE,,PJA.33.21,STOOL TOP POLISH,33 Cm + 27 Cm + 70 Cm,107,0,https://drive.google.com/uc?export=view&id=1BfU-YgXzzAdk8pOb2o6Ab1yS48w8hJ6F
1289,,,,Semi-Gloss Polish,FALSE,,PJA.33.22,STOOL TOP POLISH,29 Cm + 25 Cm + 59 Cm,81,0,https://drive.google.com/uc?export=view&id=1aa8XSTj-TtQ1ABechtzd5YMVdrIkUuZU
1290,,,,Semi-Gloss Polish,FALSE,,PJA.33.23,STOOL TOP POLISH,28 Cm + 26 Cm + 64 Cm,84,0,https://drive.google.com/uc?export=view&id=1uHsnXGFYcilea5-2QviZQSpDKyzx73aq
1291,Seater,,,Semi-Gloss Polish,FALSE,,PJA.33.24,STOOL TOP POLISH,36 Cm + 27 Cm + 40 Cm,62,1,https://drive.google.com/uc?export=view&id=1g_fzb7lcbw3bDJHEm5r9Ns0tJDf4ZgOM
1292,Seater,,,Semi-Gloss Polish,FALSE,,PJA.33.25,STOOL TOP POLISH,36 Cm + 22 Cm + 40 Cm,55,1,https://drive.google.com/uc?export=view&id=1KjNOmudSCwk6GJkAk0nMq0SPMZnCh0oo
1293,Seater,,,Semi-Gloss Polish,FALSE,,PJA.33.26,STOOL TOP POLISH,33 Cm + 29 Cm + 42 Cm,60,1,https://drive.google.com/uc?export=view&id=1IUOluise_jqoa3hEAjImfnpbiHa29kah
1294,Seater,,,Semi-Gloss Polish,FALSE,,PJA.33.27,STOOL TOP POLISH,40 Cm + 27 Cm + 45 Cm,95,1,https://drive.google.com/uc?export=view&id=1pJsoKx6B0i-_Q-_glMSXKK_FcLNYTXsq
1295,Seater,,,Semi-Gloss Polish,FALSE,,PJA.33.28,STOOL TOP POLISH,35 Cm + 28 Cm + 52 Cm,64,1,https://drive.google.com/uc?export=view&id=1ROxIlpkks9GA80HzHQtZfsy0owokTsPV
1296,,,,Semi-Gloss Polish,FALSE,,PJA.33.29,STOOL TOP POLISH,38 Cm + 35 Cm + 52 Cm,116,0,https://drive.google.com/uc?export=view&id=1GeD5YjaJx7tWesQZQOAz4vCLQn5azt1C
1297,Seater,,,Semi-Gloss Polish,FALSE,,PJA.33.30,STOOL FULL POLISH,29 Cm + 29 Cm + 40 Cm,67,1,https://drive.google.com/uc?export=view&id=1gMkC3EBIrMMdMfzEblt-QOoDFJbmAH9L
1298,Seater,,,Semi-Gloss Polish,FALSE,,PJA.33.31,STOOL FULL POLISH,35 Cm + 30 Cm + 40 Cm,89,1,https://drive.google.com/uc?export=view&id=1B6htQkCD9lsbIg-4xuXqw83b4u6UqO8p
1299,,,,Semi-Gloss Polish,FALSE,,PJA.33.32,STOOL FULL POLISH,33 Cm + 29 Cm + 40 Cm,76,0,https://drive.google.com/uc?export=view&id=1_hf8EogOvmkL8qGx4tPASMsXHRouCVh0
1300,Seater,,,Semi-Gloss Polish,FALSE,,PJA.33.33,STOOL FULL POLISH,32 Cm + 27 Cm + 40 Cm,65,1,https://drive.google.com/uc?export=view&id=1f4Eco7IUdNp7kYP2bq5ojB_6XRfpt3bC
1301,,,,Semi-Gloss Polish,FALSE,,PJA.33.34,STOOL FULL POLISH,35 Cm + 34 Cm + 40 Cm,85,0,https://drive.google.com/uc?export=view&id=1kmKYHgLtNQBC3qPORUEs_JADxQdaUsro
1302,Seater,,,Semi-Gloss Polish,FALSE,,PJA.33.35,STOOL FULL POLISH,35 Cm + 32 Cm + 45 Cm,98,1,https://drive.google.com/uc?export=view&id=1ftC_AFhsJIpXhajcJx-gbq4AuwO8YBgE
1303,,,,Semi-Gloss Polish,FALSE,,PJA.33.36,STOOL FULL POLISH,35 Cm + 34 Cm + 46 Cm,110,0,https://drive.google.com/uc?export=view&id=10RxJif6F-9rbAzNXmfExcLX_z-g2nJgx
1304,Seater,,,Semi-Gloss Polish,FALSE,,PJA.33.37,STOOL FULL POLISH,35 Cm + 30 Cm + 46 Cm,82,1,https://drive.google.com/uc?export=view&id=1th485T6_g259J6qrGTnkfM2v45cv_xhN
1305,Seater,,,Semi-Gloss Polish,FALSE,,PJA.33.38,STOOL FULL POLISH,40 Cm + 31 Cm + 45 Cm,110,1,https://drive.google.com/uc?export=view&id=1dpgcL5e5g7Hk_eHshCaLGey1gNYX-WMx
1306,,,,Semi-Gloss Polish,FALSE,,PJA.33.39,STOOL FULL POLISH,37 Cm + 30 Cm + 46 Cm,84,0,https://drive.google.com/uc?export=view&id=12LmeDoDaK6OFRGeggX2Fw7ifyC1DF5OL
1307,,,,Semi-Gloss Polish,FALSE,,PJA.33.40,STOOL FULL POLISH,31 Cm + 31 Cm + 45 Cm,78,0,https://drive.google.com/uc?export=view&id=1SbpnZ79sbnQOhCNm-YA2huCWMQkU-J8o
1308,Seater,,,Semi-Gloss Polish,FALSE,,PJA.33.41,STOOL FULL POLISH,35 Cm + 35 Cm + 45 Cm,96,1,https://drive.google.com/uc?export=view&id=1ZqMTg0c8_IORSmTcKZJVp-gt28-Mj8-x
1309,Seater,,,Semi-Gloss Polish,FALSE,,PJA.33.42,STOOL FULL POLISH,34 Cm + 33 Cm + 45 Cm,104,1,https://drive.google.com/uc?export=view&id=1rJCtSfQojEKUV0coXEuV84GnfwN7z5U7
1310,Seater,,,Semi-Gloss Polish,FALSE,,PJA.33.43,STOOL FULL POLISH,34 Cm + 31 Cm + 45 Cm,91,1,https://drive.google.com/uc?export=view&id=1V8EYsZ66yI6xNkJ3CKQO07UZwqsIcT-f
1311,Seater,,,Semi-Gloss Polish,FALSE,,PJA.33.44,STOOL FULL POLISH,34 Cm + 28 Cm + 45 Cm,72,1,https://drive.google.com/uc?export=view&id=1SsINX0kkAxFkQxGWsvYo-W-YgishIeFo
1312,,,,Semi-Gloss Polish,FALSE,,PJA.33.45,STOOL FULL POLISH,35 Cm + 31 Cm + 45 Cm,104,0,https://drive.google.com/uc?export=view&id=1m1-McwW4W-kWcGmtPSUNYq-3V54HEDS3
1313,,,,Semi-Gloss Polish,FALSE,,PJA.33.46,STOOL FULL POLISH,35 Cm + 35 Cm + 40 Cm,90,0,https://drive.google.com/uc?export=view&id=19v8Jwt-pkfC7cVS9eWsRLhcCdtDQWs7B
1314,Living Room,,,Semi-Gloss Polish,FALSE,,PJA.33.48,SIGNATURE COFFEE TABLE,161 Cm + 133 Cm + 30 Cm,1080,1,https://drive.google.com/uc?export=view&id=1__zX-E62febol_v6ugKeCHc2Y-jAdez6
1315,Bathub,,,Semi-Gloss Polish,FALSE,,PJA.29.5,PEDESTAL SINK,52 Cm + 43 Cm + 90 Cm,214,1,https://drive.google.com/uc?export=view&id=1UEzzaFjGRVu5KUEfE5R03Oyl6sprgW7S
1316,Bathub,,,Semi-Gloss Polish,FALSE,,PJA.29.6,PEDESTAL SINK,50 Cm + 35 Cm + 90 Cm,227,1,https://drive.google.com/uc?export=view&id=15A7hfiebpvbUt2zb2WgNsLSyfgsxm63x
1317,Bathub,,,Semi-Gloss Polish,FALSE,,PJA.29.8,PEDESTAL SINK,50 Cm + 40 Cm + 90 Cm,230,0,https://drive.google.com/uc?export=view&id=1biJuJyRy66lE7CLag5qyDNC0OHXAhE4_
1318,Seater,,,Semi-Gloss Polish,FALSE,,PJA.33.49,NATURE STONE,136 Cm + 118 Cm + 297 Cm,5570,1,https://drive.google.com/uc?export=view&id=1X-aY0mBzGyJuU5cx9Hv44_i4MBP5eMBC
1319,,,,Semi-Gloss Polish,FALSE,,PJA.31.4,PW BACKREST,61 Cm + 61 Cm + 70 Cm,333,0,https://drive.google.com/uc?export=view&id=1c73Yq5qCJBYqklKp9NWaZsG3qD02zCQP
1320,,,,Semi-Gloss Polish,FALSE,,ASP.4.25,PEDESTAL SEMI POLISH,28 Cm + 27 Cm + 165 Cm,173,0,https://drive.google.com/uc?export=view&id=1wOJ7dt2wQy93sVDXSzWS7cx64iQdgM0Q
1321,,,,Semi-Gloss Polish,FALSE,,ASP.3.25,PEDESTAL SEMI POLISH,31 Cm + 28 Cm + 112 Cm,154,0,https://drive.google.com/uc?export=view&id=1Ej_qQWYvkHklLLxKQm3iDlJkNsfi-qZi
1322,,,,Semi-Gloss Polish,FALSE,,ASP.8.25,PEDESTAL SEMI POLISH,32 Cm + 25 Cm + 87 Cm,127,0,https://drive.google.com/uc?export=view&id=1aty4g6XSM_2LG2RtXsYn897SvPcXihxn
1323,,,,Semi-Gloss Polish,FALSE,,ASP.7.25,PEDESTAL SEMI POLISH,30 Cm + 26 Cm + 82 Cm,92,0,https://drive.google.com/uc?export=view&id=1PMrFsxIVaiouvcrdOPwO9tUWaMwPecej
1324,Furniture,,,Semi-Gloss Polish,FALSE,,ASP.6.25,PEDESTAL SEMI POLISH,30 Cm + 26 Cm + 53 Cm,73,1,https://drive.google.com/uc?export=view&id=1x1975fWe52_g50hIvGhZoFmS-EuZP0Jc
1325,Furniture,,,Semi-Gloss Polish,FALSE,,ASP.5.25,PEDESTAL SEMI POLISH,26 Cm + 20 Cm + 59 Cm,61,1,https://drive.google.com/uc?export=view&id=1oS3hspK2p96CJQUjGg-uywLysdDmdA_0
1326,Seater,,,Semi-Gloss Polish,FALSE,,BARSTOOL,BAR STOOL (PO),40 Cm + 39 Cm + 62.5 Cm,20,1,https://drive.google.com/uc?export=view&id=14-MPvAwbIyG6yNUAqSCehSOeWtUQRtsP
1327,Furniture,,,Semi-Gloss Polish,FALSE,,PJA.34.20,BAR TABLE STAND,30 Cm + 30 Cm + 106.5 Cm,70,1,https://drive.google.com/uc?export=view&id=1kIus6EFefbvuZrX1F23oxk8FxPOLcpai
1328,Furniture,,,Semi-Gloss Polish,FALSE,,BSTN,BASESTONE (PO),10 Cm + 10 Cm + 20 Cm,10,1,https://drive.google.com/uc?export=view&id=1M5ArRg4whXn_-412BtDDK1Qyzbdt4mWs
1329,,,,Semi-Gloss Polish,FALSE,,PJA.33.50,STOOL FULL POLISH,39 Cm + 37 Cm + 40 Cm,113,0,https://drive.google.com/uc?export=view&id=1buOyWRQanJJ8cOrC7q9ZbJghAEGQagZQ
1330,,,,Semi-Gloss Polish,FALSE,,PJA.33.51,STOOL FULL POLISH,41 Cm + 35 Cm + 45 Cm,105,0,https://drive.google.com/uc?export=view&id=1zlhniF_sbvhv3oR61V33kGx4zq7VX5fy
1331,,,,Semi-Gloss Polish,FALSE,,PJA.33.52,STOOL FULL POLISH,32 Cm + 25 Cm + 45 Cm,62,0,https://drive.google.com/uc?export=view&id=1PMz7cFfkuEIw8xOik6FdIHDGkzWlCeAy
1332,Furniture,,,Semi-Gloss Polish,FALSE,,HL.01,HANGING LAMP,160 Cm + 10 Cm + 7 Cm,30,1,https://drive.google.com/uc?export=view&id=1fItTlXUljDnmkR7Aec63Y7NSfFFWLLs_
1333,,,,Semi-Gloss Polish,FALSE,,HL.02,HANGING LAMP,130 Cm + 16 Cm + 7 Cm,25,0,https://drive.google.com/uc?export=view&id=1UkOIYZeE5MLWBte-b2iK4z6BLgwk_B0M
1334,,,,Semi-Gloss Polish,FALSE,,558.25,ROUND COFFEE TABLE,169 Cm + 117 Cm + 6 Cm,193,0,https://drive.google.com/uc?export=view&id=1P4lbeDtVtHnhkURO_FXPO3Td3qtAQ4LH
1335,,,,Semi-Gloss Polish,FALSE,,8.26,PW BACKREST,62 Cm + 62 Cm + 67 Cm,334,0,https://drive.google.com/uc?export=view&id=1XkKYPOvTLZWOdXRTkPLBKIaoEJaK2yZf
1336,,,,Semi-Gloss Polish,FALSE,,7.26,PW BACKREST,63 Cm + 63 Cm + 70 Cm,337,0,https://drive.google.com/uc?export=view&id=1rwwYba4WxhAYSzTy5sueZDM3jxlWS8AR
1337,,,,Semi-Gloss Polish,FALSE,,33.56,BAR STOOL,41 Cm + 39 Cm + 3 Cm,40,0,https://drive.google.com/uc?export=view&id=1UZgGg-05lKfThsxV9VYpR-uxVqmy1coK
1338,,,,Semi-Gloss Polish,FALSE,,33.57,BAR STOOL,40 Cm + 39 Cm + 3 Cm,40,0,https://drive.google.com/uc?export=view&id=1PWvHJvWhIM8TBHEUhpJZRx2TJm7lHb-K
1339,Bathub,,,Semi-Gloss Polish,FALSE,,33.54,SINK,57 Cm + 43 Cm + 15 Cm,33,-1,https://drive.google.com/uc?export=view&id=1U60mmQ_HYm0ArJ9RhpjPSnMqtfn5NnQq
1340,Seater,,,Semi-Gloss Polish,FALSE,,PJA.34.1,STOOL FULL POLISH,35 Cm + 34 Cm + 40 Cm,87,1,https://drive.google.com/uc?export=view&id=18H9AhUb3cP947UPNQCDPTjJBH4luih02
1341,Seater,,,Semi-Gloss Polish,FALSE,,34.2,STOOL FULL POLISH,33 Cm + 30 Cm + 40 Cm,76,1,https://drive.google.com/uc?export=view&id=11V3ru6tT9-YuuYTdgS4oI0W9YQw2ym0S
1342,Seater,,,Semi-Gloss Polish,FALSE,,34.3,STOOL FULL POLISH,33 Cm + 33 Cm + 40 Cm,76,1,https://drive.google.com/uc?export=view&id=1rHbdWWrY-x694_u4c-CZm_lpLkJN-xvv
1343,Seater,,,Semi-Gloss Polish,FALSE,,34.4,STOOL FULL POLISH,35 Cm + 34 Cm + 40 Cm,91,1,https://drive.google.com/uc?export=view&id=1SS7HlqJvBxGNEaypGnXbFDuoJcpTB7T7
1344,Seater,,,Semi-Gloss Polish,FALSE,,34.5,STOOL FULL POLISH,40 Cm + 35 Cm + 45 Cm,118,1,https://drive.google.com/uc?export=view&id=1JW321VyB1rPi9fMmEnkDVaN206JJpLb_
1345,Seater,,,Semi-Gloss Polish,FALSE,,34.6,STOOL FULL POLISH,39 Cm + 33 Cm + 45 Cm,107,1,https://drive.google.com/uc?export=view&id=1QGRD19Mtzj-YB9sxX7s1Ta6xSiX8pkBr
1346,Seater,,,Semi-Gloss Polish,FALSE,,34.7,STOOL FULL POLISH,32 Cm + 30 Cm + 45 Cm,67,1,https://drive.google.com/uc?export=view&id=1rLEQ19PMk3UIYPqM9LsDzEI41ub1t19A
1347,Seater,,,Semi-Gloss Polish,FALSE,,34.9,STOOL FULL POLISH,26 Cm + 22 Cm + 40 Cm,39,1,https://drive.google.com/uc?export=view&id=1lr_UVNC3ISU1vn82m5xdlHuo83bwrC2P
1348,,,,Semi-Gloss Polish,FALSE,,PJA.34.10,STOOL FULL POLISH,27 Cm + 23 Cm + 40 Cm,43,0,https://drive.google.com/uc?export=view&id=1I04xdp3Yo0l1XMX_OZHuqkEiwTV_RzDf
1349,Seater,,,Semi-Gloss Polish,FALSE,,34.11,STOOL FULL POLISH,26 Cm + 23 Cm + 45 Cm,47,1,https://drive.google.com/uc?export=view&id=14hYIuOhXENRlIsf-Re7-4H21SwZTrKTO
1350,Seater,,,Semi-Gloss Polish,FALSE,,34.12,STOOL FULL POLISH,26 Cm + 23 Cm + 45 Cm,47,1,https://drive.google.com/uc?export=view&id=1kmDYpJOXlVM4OxYUvS1Vd3bAyDZYdw6z
1351,Living Room,,,Semi-Gloss Polish,FALSE,,PJA.34.21,ROUND COFFEE TABLE,97 Cm + 78 Cm + 6 Cm,89,1,https://drive.google.com/uc?export=view&id=1eCVy-s_yRRvmPJU-RNCoGOjPH_yZdavX
1352,Living Room,,,Semi-Gloss Polish,FALSE,,PJA.34.22,ROUND COFFEE TABLE,150 Cm + 98 Cm + 6 Cm,180,1,https://drive.google.com/uc?export=view&id=1l1YxtdRqBgtbL5VDSYmoAfGGFyc5kYjq
1353,Living Room,,,Semi-Gloss Polish,FALSE,,PJA.34.23,ROUND COFFEE TABLE,161 Cm + 122 Cm + 6 Cm,205,1,https://drive.google.com/uc?export=view&id=1llR2Ny3m67Jdubxd4bkDKfYP-W0RS-PL
1354,Living Room,,,Semi-Gloss Polish,FALSE,,PJA.34.24,ROUND COFFEE TABLE,157 Cm + 149 Cm + 6 Cm,245,1,https://drive.google.com/uc?export=view&id=1ogON9iQtqAhBOq_c371j_5xSgXvM_yJx
1355,Living Room,,,Semi-Gloss Polish,FALSE,,PJA.34.25,ROUND COFFEE TABLE,153 Cm + 148 Cm + 6 Cm,265,1,https://drive.google.com/uc?export=view&id=1IUpmyKMV_NNdfpSk9clkeGDM9OxzBqUX
1356,Living Room,,,Semi-Gloss Polish,FALSE,,PJA.34.26,ROUND COFFEE TABLE,86 Cm + 67 Cm + 5 Cm,60,1,https://drive.google.com/uc?export=view&id=1rY3JH20LoDGkfHfKMHO_zFpgbGQ8ETA3
1357,Living Room,,,Semi-Gloss Polish,FALSE,,PJA.34.27,ROUND COFFEE TABLE,"88 Cm + 68 Cm + 5,5 Cm",63,1,https://drive.google.com/uc?export=view&id=1YDoa2bFZDmTgRbxtqTFamrxoiAQO8vO5
1358,,,,Semi-Gloss Polish,FALSE,,BKSN.00,PW BACKREST,60 Cm + 60 Cm + 67 Cm,275,0,https://drive.google.com/uc?export=view&id=1yYc9IJYtflcuWDr9vUTgNJCQf6JbGNi-
1359,Furniture,,,Semi-Gloss Polish,FALSE,,35.16,BAR TABLE STAND (PO),30 Cm + 30 Cm + 106.5 Cm,70,0,https://drive.google.com/uc?export=view&id=1aGbygVDdOfDZlljnHSOax1e-eiZlqDCu
1360,,,,Semi-Gloss Polish,FALSE,,PJA.35.24,NATURAL BASE STONE (PO),21 Cm + 20 Cm + 30 Cm,15,0,https://drive.google.com/uc?export=view&id=1fyef2r8ZEz2_WmzS7rrk2GDyPlc1p0Xb
1361,,,,Semi-Gloss Polish,FALSE,,WDC.01,WALL DECO LAMP,38 Cm + 38 Cm + 2 Cm,10,0,https://drive.google.com/uc?export=view&id=1wn2pP2lI7EoYdU9OjZyAuSpmqOC8qMYI
1362,,,,Semi-Gloss Polish,FALSE,,477.26,STOOL FULL POLISH,35 Cm + 35 Cm + 40 Cm,96,0,https://drive.google.com/uc?export=view&id=1plOvl8iMitVlmrzMfG4lktA_oThI_w6V
1363,Furniture,,,Semi-Gloss Polish,FALSE,,BSTN.01,BASESTONE M,15 Cm + 15 Cm + 20 Cm,10,2,https://drive.google.com/uc?export=view&id=1uXlZ_r7EVeN0Mp0zw4FOaI7cYfr625hy
1364,Furniture,,,Semi-Gloss Polish,FALSE,,BSTN.02,BASESTONE L,20 Cm + 20 Cm + 18 Cm,14,2,https://drive.google.com/uc?export=view&id=1l-2_r0CgqAVoa5N7UY2tD4u6dj2V-HQx
1365,Seater,,,Semi-Gloss Polish,FALSE,,PJA.35.1,STOOL  FULL POLISH,30 Cm + 28 Cm + 40 Cm,71,1,https://drive.google.com/uc?export=view&id=1VCFj3p77lBbmWM3Ur2f8za585Lz03HpS
1366,Seater,,,Semi-Gloss Polish,FALSE,,PJA.35.2,STOOL  FULL POLISH,35 Cm + 25 Cm + 40 Cm,73,1,https://drive.google.com/uc?export=view&id=1XAN1UpN0oxlmyzLVtfL9maFwdkQXgvq4
1367,,,,Semi-Gloss Polish,FALSE,,PJA.35.4,STOOL  FULL POLISH,35 Cm + 35 Cm + 40 Cm,92,0,https://drive.google.com/uc?export=view&id=1PzKQpinrPcX20MiWa_Q6wLxhEhPROiBV
1368,Seater,,,Semi-Gloss Polish,FALSE,,PJA.35.5,STOOL  FULL POLISH,35 Cm + 35 Cm + 40 Cm,94,1,https://drive.google.com/uc?export=view&id=1qeCu1qZ2qMVsTP-bZyD6WmmooxHxTlen
1369,Seater,,,Semi-Gloss Polish,FALSE,,PJA.35.6,STOOL  FULL POLISH,35 Cm + 31 Cm + 40 Cm,71,1,https://drive.google.com/uc?export=view&id=1ATa4sDj5FPgBmaruECM8qiBgfeYy6ujI
1370,Seater,,,Semi-Gloss Polish,FALSE,,PJA.35.7,STOOL  FULL POLISH,32 Cm + 28 Cm + 40 Cm,65,1,https://drive.google.com/uc?export=view&id=13nlRwj1wrayF5FBgd1k0KbfGrze6Lq1O
1371,Seater,,,Semi-Gloss Polish,FALSE,,PJA.35.8,STOOL  FULL POLISH,33 Cm + 28 Cm + 40 Cm,72,1,https://drive.google.com/uc?export=view&id=1gRsDa8-V_kW9YvNpMBJfn4CkVJnsSAbf
1372,Seater,,,Semi-Gloss Polish,FALSE,,PJA.35.9,STOOL TOP POLISH,39 Cm + 33 Cm + 45 Cm,115,1,https://drive.google.com/uc?export=view&id=1JZzar-l6pUVFlD8UimBXrpWJgH8a0d7V
1373,Seater,,,Semi-Gloss Polish,FALSE,,PJA.35.10,STOOL TOP POLISH,40 Cm + 25 Cm + 43 Cm,89,1,https://drive.google.com/uc?export=view&id=1LduYhDbMeM2pfR0gWO1EhAz0mBuNMfKW
1374,Seater,,,Semi-Gloss Polish,FALSE,,PJA.35.11,STOOL TOP POLISH,39 Cm + 25 Cm + 45 Cm,80,1,https://drive.google.com/uc?export=view&id=1MpQdKFswfMlDrDUadjCHuctS5jVthgZD
1375,Seater,,,Semi-Gloss Polish,FALSE,,PJA.35.12,STOOL TOP POLISH,39 Cm + 25 Cm + 45 Cm,81,1,https://drive.google.com/uc?export=view&id=1XCsvZn1EDnqiMkXuzUzJIg6Sy2GGXS7c
1376,Seater,,,Semi-Gloss Polish,FALSE,,PJA.35.13,STOOL TOP POLISH,38 Cm + 28 Cm + 45 Cm,97,1,https://drive.google.com/uc?export=view&id=1BnDQt9ZbrqYVUunIsEs7lbzEHftTavtd
1377,Seater,,,Semi-Gloss Polish,FALSE,,PJA.35.14,STOOL TOP POLISH,45 Cm + 43 Cm + 46 Cm,116,1,https://drive.google.com/uc?export=view&id=1NKtwfoHPqLxrK41FH7r_jaPZs69BgCr0
1378,Seater,,,Semi-Gloss Polish,FALSE,,PJA.35.15,STOOL TOP POLISH,36 Cm + 27 Cm + 45 Cm,82,1,https://drive.google.com/uc?export=view&id=1NSGdb_llwzixH5fH9GtiDlp8smGdwcPk
1379,Seater,,,Semi-Gloss Polish,FALSE,,PJA.35.18,STOOL  FULL POLISH,35 Cm + 32 Cm + 40 Cm,74,1,https://drive.google.com/uc?export=view&id=1Kj1Zz1HCYfrRsdic69cNaMs60Y9n4gCT
1380,Seater,,,Semi-Gloss Polish,FALSE,,PJA.35.34,STOOL  FULL POLISH,35 Cm + 29 Cm + 40 Cm,77,1,https://drive.google.com/uc?export=view&id=1zs0sYxNKuPLBjqIXwt4uT8-1JKLpgJTA
1381,Seater,,,Semi-Gloss Polish,FALSE,,PJA.35.35,STOOL  FULL POLISH,40 Cm + 35 Cm + 45 Cm,120,1,https://drive.google.com/uc?export=view&id=1Fc5fi4RxgEjH4cuudlBNyB5hwfIEkTmD
1382,Seater,,,Semi-Gloss Polish,FALSE,,PJA.35.36,STOOL  FULL POLISH,40 Cm + 31 Cm + 45 Cm,102,1,https://drive.google.com/uc?export=view&id=1MrmLOC9mIESaR-LQNsE2viG3oVZAGxOr
1383,Seater,,,Semi-Gloss Polish,FALSE,,PJA.35.37,STOOL  FULL POLISH,39 Cm + 35 Cm + 46 Cm,119,1,https://drive.google.com/uc?export=view&id=1WrMxlWeuFGQYQ_Ly8b1gCZhsoZv80DlJ
1384,Seater,,,Semi-Gloss Polish,FALSE,,PJA.35.38,STOOL  FULL POLISH,40 Cm + 40 Cm + 45 Cm,133,1,https://drive.google.com/uc?export=view&id=1KfpVYkNVyz0UaGpH8E1sJva64_dOGroF
1385,Seater,,,Semi-Gloss Polish,FALSE,,PJA.35.39,STOOL  FULL POLISH,40 Cm + 38 Cm + 45 Cm,127,1,https://drive.google.com/uc?export=view&id=1_91ch7MenMRD6T0-tyXXY_UN7Rh0hsRB
1386,Seater,,,Semi-Gloss Polish,FALSE,,PJA.35.40,STOOL  FULL POLISH,40 Cm + 33 Cm + 45 Cm,119,1,https://drive.google.com/uc?export=view&id=1863oPQGsA6uwS96ZQvlnbjRW2p6Qxua2
1387,Seater,,,Semi-Gloss Polish,FALSE,,PJA.35.41,STOOL  FULL POLISH,40 Cm + 33 Cm + 45 Cm,117,1,https://drive.google.com/uc?export=view&id=1iKUyC8Yp9Xz1FDZUVjAqda_7TtHlcFj_
1388,Seater,,,Semi-Gloss Polish,FALSE,,PJA.35.42,STOOL  FULL POLISH,39 Cm + 38 Cm + 45 Cm,120,1,https://drive.google.com/uc?export=view&id=1VlIHyMWlTbmlWs59TBbXdqCwK5U_vNLA
1389,Seater,,,Semi-Gloss Polish,FALSE,,PJA.35.43,STOOL  FULL POLISH,40 Cm + 39 Cm + 46 Cm,133,1,https://drive.google.com/uc?export=view&id=1Qh4BsADBe3NclD4AZfNxvFfAlzo76ya5
1390,Seater,,,Semi-Gloss Polish,FALSE,,PJA.35.44,STOOL  FULL POLISH,40 Cm + 35 Cm + 45 Cm,126,1,https://drive.google.com/uc?export=view&id=1G79761sVAqAQbEYGvcGKVifBwdyXmgk3
1391,Furniture,,,Semi-Gloss Polish,FALSE,,PJA.35.17,PW BACKREST,60 Cm + 60 Cm + 70 Cm,304,1,https://drive.google.com/uc?export=view&id=1Gc-f3lNX93CjkJhbU4w4W7820kR8UXeA
1392,Furniture,,,Semi-Gloss Polish,FALSE,,PJA.35.23,PW BACKREST,60 Cm + 60 Cm + 70 Cm,280,1,https://drive.google.com/uc?export=view&id=1dCV4R7wTasC890DVOfuYN8tQtiiGGv1m
1393,Furniture,,,Semi-Gloss Polish,FALSE,,PJA.35.19,HANGING LAMP,125 Cm + 18 Cm + 4 Cm,118,5,https://drive.google.com/uc?export=view&id=1d_nfbKcAEyFaVw41FZbiH5LBWKnjsQT6
1394,Seater,,,Semi-Gloss Polish,FALSE,,PJA.35.45,STOOL PALM,42 Cm + 29 Cm + 46 Cm,81,1,https://drive.google.com/uc?export=view&id=1e7smdI2b_xY6KVl29e97ZoBXk6O6oDR0
1395,Seater,,,Semi-Gloss Polish,FALSE,,PJA.35.46,STOOL PALM,40 Cm + 40 Cm + 37 Cm,63,1,https://drive.google.com/uc?export=view&id=16ATXbG32kztK8NYNFRHrc58cnCEitWo2
1396,Seater,,,Semi-Gloss Polish,FALSE,,PJA.35.47,STOOL PALM,41 Cm + 29 Cm + 37 Cm,57,1,https://drive.google.com/uc?export=view&id=1BLaTgneLZAuBWrUr7E86sCLE5cvHf6kP
1397,Seater,,,Semi-Gloss Polish,FALSE,,PJA.35.48,STOOL PALM,35 Cm + 28 Cm + 33 Cm,57,1,https://drive.google.com/uc?export=view&id=1FeDCLATY2j20runHkKhckaAB6u_jGQ13
1398,Seater,,,Semi-Gloss Polish,FALSE,,PJA.35.49,STOOL PALM,31 Cm + 26 Cm + 44 Cm,79,1,https://drive.google.com/uc?export=view&id=1K6YYZK9ruaXSkQOtWGeKG_nXr59YdWBp
1399,Seater,,,Semi-Gloss Polish,FALSE,,PJA.35.50,STOOL PALM,40 Cm + 32 Cm + 39 Cm,72,1,https://drive.google.com/uc?export=view&id=1lWb1tJ3YzrDk_gfuV4_Uc7qzUe_Bu4Ra
1400,Seater,,,Semi-Gloss Polish,FALSE,,PJA.35.51,STOOL PALM,40 Cm + 30 Cm + 30 Cm,50,1,https://drive.google.com/uc?export=view&id=1yVip5JwoiB8OZakBmrf38fRS_xfK7emX
1401,Seater,,,Semi-Gloss Polish,FALSE,,PJA.35.52,STOOL PALM,27 Cm + 23 Cm + 40 Cm,47,1,https://drive.google.com/uc?export=view&id=1P_XEZx2yW-pNt62T6PvUlT97aypbLxGG
1402,Seater,,,Semi-Gloss Polish,FALSE,,PJA.35.53,STOOL PALM,30 Cm + 25 Cm + 42 Cm,61,1,https://drive.google.com/uc?export=view&id=1efSbxRmBHLmzYqjPxE_cKFTV8hA5nPKo
1403,Seater,,,Semi-Gloss Polish,FALSE,,PJA.35.54,STOOL PALM,32 Cm + 27 Cm + 37 Cm,60,1,https://drive.google.com/uc?export=view&id=1L-M-OKbeZrBDBwb3Q1R5vpOH6dgSy16H
1404,Seater,,,Semi-Gloss Polish,FALSE,,PJA.35.55,STOOL PALM,35 Cm + 25 Cm + 34 Cm,40,1,https://drive.google.com/uc?export=view&id=1K8Jnh8Cr35-atsO98RG0TgY60BxzuQY8
1405,Seater,,,Semi-Gloss Polish,FALSE,,PJA.35.56,STOOL PALM,33 Cm + 26 Cm + 40 Cm,44,1,https://drive.google.com/uc?export=view&id=1SS4JykgjkxNN35uDQdWZ6vVYIQ1UWvKN
1406,Seater,,,Semi-Gloss Polish,FALSE,,PJA.35.59,STOOL  FULL POLISH,34 Cm + 33 Cm + 41 Cm,86,1,https://drive.google.com/uc?export=view&id=13Li3SFA6Z8LSR3YiZRu9s-k1d3Bn01zT
1407,Seater,,,Semi-Gloss Polish,FALSE,,PJA.35.60,STOOL  FULL POLISH,33 Cm + 29 Cm + 40 Cm,85,1,https://drive.google.com/uc?export=view&id=138_CEDhmdv-78npnG2BjuVl66hTphfh6
1408,Seater,,,Semi-Gloss Polish,FALSE,,PJA.35.61,STOOL  FULL POLISH,35 Cm + 30 Cm + 40 Cm,80,1,https://drive.google.com/uc?export=view&id=1F7vxW4NpxUWJYeLtSyvPmxRPM6pUoOFR
1409,Furniture,,,Semi-Gloss Polish,FALSE,,PJA.35.25,PEDESTAL SEMI POLISH,30 Cm + 27 Cm + 94 Cm,135,1,https://drive.google.com/uc?export=view&id=19AEURDQydzrEGcfaqrO_u7aVo2pfuJYD
1410,Furniture,,,Semi-Gloss Polish,FALSE,,PJA.35.26,PEDESTAL SEMI POLISH,34 Cm + 20 Cm + 80 Cm,74,1,https://drive.google.com/uc?export=view&id=16Dq9cEbXZHrP2cu72BSZ9e5zcIETalys
1411,Furniture,,,Semi-Gloss Polish,FALSE,,PJA.35.27,PEDESTAL SEMI POLISH,23 Cm + 20 Cm + 90 Cm,145,1,https://drive.google.com/uc?export=view&id=1C7zZA80P60mjovAcFDfnR5EfBazqhBQR
1412,Furniture,,,Semi-Gloss Polish,FALSE,,PJA.35.28,PEDESTAL SEMI POLISH,28 Cm + 16 Cm + 74 Cm,90,1,https://drive.google.com/uc?export=view&id=1nLuJl2rPUZ4klxVCt5xTxSmTNYlbTbOG
1413,Furniture,,,Semi-Gloss Polish,FALSE,,PJA.35.29,PEDESTAL SEMI POLISH,33 Cm + 15 Cm + 78 Cm,85,1,https://drive.google.com/uc?export=view&id=1_lsswkwmRORrajWf45r7MJ3X0M0HrTZt
1414,Furniture,,,Semi-Gloss Polish,FALSE,,PJA.35.30,PEDESTAL SEMI POLISH,27 Cm + 25 Cm + 70 Cm,98,1,https://drive.google.com/uc?export=view&id=17iBAoNCCPb6QHRzhWG6hwmdLXuhZLf74
1415,Furniture,,,Semi-Gloss Polish,FALSE,,PJA.35.31,PEDESTAL SEMI POLISH,30 Cm + 20 Cm + 92 Cm,136,1,https://drive.google.com/uc?export=view&id=1JH_3PzTnVhF6W_0hueKz-6KhH5rbhDKS
1416,Furniture,,,Semi-Gloss Polish,FALSE,,PJA.35.32,PEDESTAL SEMI POLISH,30 Cm + 25 Cm + 117 Cm,195,1,https://drive.google.com/uc?export=view&id=1aorUY8odWeuWciq5KEDveNIxcCb2uuqf
1417,Furniture,,,Semi-Gloss Polish,FALSE,,PJA.35.33,PEDESTAL SEMI POLISH,30 Cm + 20 Cm + 83 Cm,116,1,https://drive.google.com/uc?export=view&id=1JBq4Gl4DD7uknZgBIosMbwG-AXAjhxb6
1418,Seater,,,Semi-Gloss Polish,FALSE,,BARSTL,BAR STOOL,40 Cm + 40 Cm + 50 Cm,20,10,https://drive.google.com/uc?export=view&id=1sTAmzW0Jp5pGuTMrhy4Rb0U50eF2iIkf
1419,Furniture,,,Semi-Gloss Polish,FALSE,,PJA.35.62,PEDESTAL SEMI POLISH,33 Cm + 20 Cm + 71 Cm,108,1,https://drive.google.com/uc?export=view&id=12kQA0-o3cDLmzG_vHDalHrC28S21HOjA
1420,Furniture,,,Semi-Gloss Polish,FALSE,,BNCH.26,BENCH,250 Cm + 80 Cm + 30 Cm,1109,1,https://drive.google.com/uc?export=view&id=1cxbasIuUQUgPZFnGgJPUP9doae1OX24j
1421,Seater,,,Semi-Gloss Polish,FALSE,,BK.PO1,SQUARE STOOL (PO),30 Cm + 30 Cm + 45 Cm,110,1,https://drive.google.com/uc?export=view&id=1R1GerFgS3K7lYhZt07JsWutg1BbheQLg
1422,Seater,,,Semi-Gloss Polish,FALSE,,BK.PO2,SQUARE STOOL (PO),35 Cm + 35 Cm + 45 Cm,120,-1,https://drive.google.com/uc?export=view&id=1juw13On6J4uSu7h3OF_39mk_Ttpx51To
1423,Dining Room,,,Semi-Gloss Polish,FALSE,,BSL.DT,BASE LEG FOR DINING TABLE (PO),190 Cm + 70 Cm + 72 Cm,40,0,https://drive.google.com/uc?export=view&id=1sXK3dadC9fAdgKe750H9AIyvi7QgUwud
1424,,,,Semi-Gloss Polish,FALSE,,BSL.DSK,BASE LEG FOR DESK TABLE (PO),104 Cm + 50 Cm + 71 Cm,30,0,https://drive.google.com/uc?export=view&id=1iVdG3p1BpsgcG6LdFJeR8oDgkdwiD1Jc
1425,Handycraft,,,Semi-Gloss Polish,FALSE,,PWBLL-12,PW BALL LARGE,12 Cm + 12 Cm + 12 Cm,2,68,https://drive.google.com/uc?export=view&id=19ey7MIlzXoD7A7Yxfb7K_jR-Q7N5XyzV
1426,Tableware,,,Semi-Gloss Polish,FALSE,,PWCSTR-10,PW ROUND COASTER,10 Cm + 10 Cm + 2 Cm,1,477,https://drive.google.com/uc?export=view&id=1mVXL9DTF36FcA-r3Iti3oY0IC7ZrtlYw
1427,Handycraft,,,Semi-Gloss Polish,FALSE,,PWCNDL-NT,PW CANDLE HOLDER NAT,13 Cm + 20 Cm + 4 Cm,1,9,https://drive.google.com/uc?export=view&id=1qGokZOybYAzhuKEUyyeN5qJ4LNDUNFit
1428,Handycraft,,,Semi-Gloss Polish,FALSE,,PWCNDL-FPS,PW DAVIS CANDLE HOLDER,4.5 Cm + 4.5 Cm + 5.5 Cm,1,560,https://drive.google.com/uc?export=view&id=1z5gL_khEuSjcPsW1zyRSR-Jad8J9f7wP
1429,Bedroom,,,Semi-Gloss Polish,FALSE,,PWBKN-MD,PW BOOKEND MEDIUM,25 Cm + 10 Cm + 18 Cm,7,14,https://drive.google.com/uc?export=view&id=11RjbzCl8_yyOb8S4ndL0BCY4Td_0fNOQ
1430,Handycraft,,,Semi-Gloss Polish,FALSE,,PWBHDL-NT,PW BOTTLE HOLDER,15 Cm + 20 Cm + 30 Cm,5,8,https://drive.google.com/uc?export=view&id=1mLYNS2a02DITCaUL3zzDh7i1lDHlQdMa
1431,Handycraft,,,Semi-Gloss Polish,FALSE,,PLMASBK-NTS,PW PALM ASHTRAY S,15 Cm + 20 Cm + 4 Cm,2,4,https://drive.google.com/uc?export=view&id=1YUSWqUaQALU7SLMT7aY6cgxJtmlixOvt
1432,Handycraft,,,Semi-Gloss Polish,FALSE,,PWASBK-NTS,PW ASHTRAY NAT S,15 Cm + 20 Cm + 4 Cm,2,81,https://drive.google.com/uc?export=view&id=13bW23T71Wf4hvsgwJ5LcygtyyIj1cR2D
1433,Tableware,,,Semi-Gloss Polish,FALSE,,PWPLT-LGS,PW LONG PLATE S,55 Cm + 15 Cm + 3 Cm,4,4,https://drive.google.com/uc?export=view&id=1ELimWV9DirjNM_szNRd8fZInoj6jF5mo
1434,Tableware,,,Semi-Gloss Polish,FALSE,,PWPLT-LGM,PW LONG PLATE M,71 Cm + 15 Cm + 3 Cm,7,18,https://drive.google.com/uc?export=view&id=1_-tp1BoLa1PVBoAzi7yK356SR2ldnLcO
1435,Tableware,,,Semi-Gloss Polish,FALSE,,PWPLT-LGL,PW LONG PLATE L,86 Cm + 15 Cm + 3 Cm,9,9,https://drive.google.com/uc?export=view&id=1XGM1pHkKP1YRpCYWt1uz4ryAI9-iXbcW
1436,Handycraft,,,Semi-Gloss Polish,FALSE,,PWTSBX-SS,PW TISSUE BOX S,12 Cm + 12 Cm + 13 Cm,2,9,https://drive.google.com/uc?export=view&id=1FPRbxugmvsBhn0L1P3jcj4ZwDp3wRNMK
1437,Handycraft,,,Semi-Gloss Polish,FALSE,,PWOBLX-FS,PW OBELIX,8 Cm + 8 Cm + 30 Cm,2,62,https://drive.google.com/uc?export=view&id=18hhtUtdkq5FVoFf04wpK5uQzkgB3vb8O
1438,Tableware,,,Semi-Gloss Polish,FALSE,,ONXBO-LG,ONYX LONG BOWL,71 Cm + 26 Cm + 8 Cm,15,6,https://drive.google.com/uc?export=view&id=1Qoz6CS_T12jZk-OmMhfUjR7jrtLzvef5
1439,Tableware,,,Semi-Gloss Polish,FALSE,,ONXBO-SM,ONYX LONG BOWL S,50 Cm + 21 Cm + 7 Cm,8,-1,https://drive.google.com/uc?export=view&id=1oYJhrG8XMedUmu4VIJ1qQoaCIH2gy9vi
1440,Tableware,,,Semi-Gloss Polish,FALSE,,PWBOPST-SM,PW BOWL PASTA S,18 Cm + 18 Cm + 4 Cm,2,7,https://drive.google.com/uc?export=view&id=1Taleev-pS6pixdhw3i9ceA3pRa8MCtaB
1441,Tableware,,,Semi-Gloss Polish,FALSE,,PWBOPST-MD,PW BOWL PASTA M,25 Cm + 25 Cm + 8 Cm,8,8,https://drive.google.com/uc?export=view&id=1MhM39oAK09329W13iqMzUjkEneKxCmBp
1442,Tableware,,,Semi-Gloss Polish,FALSE,,PWBOPST-LG,PW BOWL PASTA L,30 Cm + 30 Cm + 8 Cm,15,9,https://drive.google.com/uc?export=view&id=1kDI56UIZvrq5X8_SxXU52MyMpFD8uatS
1443,Handycraft,,,Semi-Gloss Polish,FALSE,,PWBRG-SM,PW BURGER S,6 Cm + 6 Cm + 4 Cm,3,8,https://drive.google.com/uc?export=view&id=1e0GjuDCjCpJPLrOcGSlIWsd6rVkK5fs9
1444,Handycraft,,,Semi-Gloss Polish,FALSE,,PWBGR-MD,PW BURGER M,21 Cm + 21 Cm + 6 Cm,8,8,https://drive.google.com/uc?export=view&id=1GhompN7fRQ3M8FkVJ2QxLR7FIHoD8bYd
1445,Handycraft,,,Semi-Gloss Polish,FALSE,,PWBGR-LG,PW BURGER L,25 Cm + 25 Cm + 9 Cm,9,8,https://drive.google.com/uc?export=view&id=1op0hvHPWdyu9Ngiq641JGb-kRU-8Jgf0
1446,Handycraft,,,Semi-Gloss Polish,FALSE,,PLMASBK-NTM,PW PALM ASHTRAY M,25 Cm + 30 Cm + 4 Cm,5,7,https://drive.google.com/uc?export=view&id=1BDqKKkTgI9benu9Ou5fLAnCnnFi4fK7o
1447,Bedroom,,,Semi-Gloss Polish,FALSE,,PWBKN-SM,PW BOOKEND S,23 Cm + 5 Cm + 12 Cm,2,25,https://drive.google.com/uc?export=view&id=1kyRSiPjdbCfpXrKX9MZCCdTlBwfD5-A5
1448,Handycraft,,,Semi-Gloss Polish,FALSE,,PWPHDL-NT,PW PHONE HOLDER,8 Cm + 10 Cm + 20 Cm,4,12,https://drive.google.com/uc?export=view&id=1pXWtLFDT3YySJnt54XaFhWLPfG_zfXUr
1449,Decoration,,,Semi-Gloss Polish,FALSE,,PWBDK-DC,PW DECO RHINO,13 Cm + 6 Cm + 10 Cm,2,65,https://drive.google.com/uc?export=view&id=1EWTglUDwiKnj_19bg2HBXk4Xe5yykwef
1450,Decoration,,,Semi-Gloss Polish,FALSE,,PWBRD-DC,PW DECO BIRD S,13 Cm + 7 Cm + 13 Cm,1,56,https://drive.google.com/uc?export=view&id=1l0u73bEFE5NEDxY82LeO6KbLibXtOq2W
1451,Decoration,,,Semi-Gloss Polish,FALSE,,PWGJH-DC,PW DECO ELEPHANT 1,13 Cm + 6 Cm + 13 Cm,2,21,https://drive.google.com/uc?export=view&id=1sK-7cC4zIbKt8h1llsk1nHZ7t77WrIdT
1452,Decoration,,,Semi-Gloss Polish,FALSE,,PLMSLDC-SM,PALM DECO SLICE S,20 Cm + 15 Cm + 2 Cm,2,18,https://drive.google.com/uc?export=view&id=1PAysCKD7Wgg4mBkOGKn18hDoxEaNlWDU
1453,Decoration,,,Semi-Gloss Polish,FALSE,,PLMSLDC-MD,PALM DECO SLICE M,40 Cm + 30 Cm + 2 Cm,4,10,https://drive.google.com/uc?export=view&id=1lry0Ly2JjQbYtEpVAkD1OASi-jIWUvnw
1454,Handycraft,,,Semi-Gloss Polish,FALSE,,PWBLL-10,PW BALL M,10 Cm + 10 Cm + 10 Cm,2,90,https://drive.google.com/uc?export=view&id=1hxqR42w2X_a3qEjqoZKUrAQVFumraUNW
1455,Handycraft,,,Semi-Gloss Polish,FALSE,,PWCHN-DC6,PW CHAIN DECO 6,21 Cm + 12 Cm + 5 Cm,1,0,https://drive.google.com/uc?export=view&id=1Utwu_OswgxEaYWRDrL3VE2gjx6VG1hOR
1456,Decoration,,,Semi-Gloss Polish,FALSE,,PWCHN-DC2,PW CHAIN DECO 2,28 Cm + 10 Cm + 10 Cm,5,2,https://drive.google.com/uc?export=view&id=1v6ISJIrco2lsBddwbwDzk6tlPTuHgUVb
1457,Decoration,,,Semi-Gloss Polish,FALSE,,PWCHN-DC4,PW CHAIN DECO 4,20 Cm + 10 Cm + 10 Cm,4,1,https://drive.google.com/uc?export=view&id=1zSTqW4K1kZ8PClFlli4TKJEdWTbc6C7v
1458,Handycraft,,,Semi-Gloss Polish,FALSE,,PWASBK-FPS,PW ASHTRAY FPS,20 Cm + 18 Cm + 4 Cm,2,8,https://drive.google.com/uc?export=view&id=1wdhlSoX8b-v9ZiKhGVsivJeAqEIBLUmP
1459,Decoration,,,Semi-Gloss Polish,FALSE,,PWBRNG-DC,PW DECO BEAR,15 Cm + 6 Cm + 10 Cm,1,6,https://drive.google.com/uc?export=view&id=1EPYf3SLxN1cB09zjCvF6r0oYYMPxKUAM
1460,Tableware,,,Semi-Gloss Polish,FALSE,,PWPLT-RDS,PW PLATE S,30 Cm + 20 Cm + 3 Cm,2,38,https://drive.google.com/uc?export=view&id=1oZfSf7Zn05l-jG_psd6Ot9Kyhin2nW57
1461,Handycraft,,,Semi-Gloss Polish,FALSE,,PWBLL-08,PW BALL S,8 Cm + 8 Cm + 8 Cm,1,0,https://drive.google.com/uc?export=view&id=1TZPwdECKT9o1VvERKTsVnzWG5fLqNH3q
1462,Tableware,,,Semi-Gloss Polish,FALSE,,PWPLT-RDM,PW PLATE M,40 Cm + 30 Cm + 3 Cm,3,14,https://drive.google.com/uc?export=view&id=1t26quDjjHqGVumSvwT6DGbB8oxWRZcpX
1463,Decoration,,,Semi-Gloss Polish,FALSE,,PWDCBRD-DC,PW DECO DANCING BIRD,17 Cm + 5 Cm + 20 Cm,5,6,https://drive.google.com/uc?export=view&id=1CLjzTGMa0whW_7QqU7HpKHoxzDkM8qm0
1464,Decoration,,,Semi-Gloss Polish,FALSE,,PWEDCT-DC,PW DECO ENDCUT,30 Cm + 20 Cm + 50 Cm,20,1,https://drive.google.com/uc?export=view&id=19o9y_Me-M4USG8jIhhe9lRr7meNf8Tx5
1465,Handycraft,,,Semi-Gloss Polish,FALSE,,PWLP-SCPT,PW RED SLCUPTURE,20 Cm + 20 Cm + 50 Cm,50,5,https://drive.google.com/uc?export=view&id=1YN0qF-QiBtpRMFRXSUtH5yIzJz8mYeg8
1466,Handycraft,,,Semi-Gloss Polish,FALSE,,PWVS-S1,PW VAS SERIE 1,13 Cm + 13 Cm + 20 Cm,4,0,https://drive.google.com/uc?export=view&id=16L_oLpTggct8x-au76ocHTP3jaoX-WOB
1467,Decoration,,,Semi-Gloss Polish,FALSE,,PWSLDC-SM,PW DECO SLICE S,30 Cm + 20 Cm + 2 Cm,1,44,https://drive.google.com/uc?export=view&id=1Yjz0724Ztp-qZSmPYHnJ5U-faq9egso4
1468,Decoration,,,Semi-Gloss Polish,FALSE,,PWSLDC-MD,PW DECO SLICE M,40 Cm + 30 Cm + 2 Cm,3,49,https://drive.google.com/uc?export=view&id=1rP8zhkaRnZyuNJ4evlVX9hcww2hDRZH7
1469,Bedroom,,,Semi-Gloss Polish,FALSE,,PLMBKND, PW PALM BOOKEND S,23 Cm + 4 Cm + 18 Cm,3,20,https://drive.google.com/uc?export=view&id=19mr7zqwZwzZiBVpwyApNWiecwqrZ_dM0
1470,Handycraft,,,Semi-Gloss Polish,FALSE,,PWBTDSP-FPS,PW BOTTLE DISPENSER 01,8 Cm + 8 Cm + 15 Cm,3,20,https://drive.google.com/uc?export=view&id=1QjUrzFR9QL0IiFqiqasNvdyKkocHegNX
1471,Handycraft,,,Semi-Gloss Polish,FALSE,,ONXBO-RD,ONYX BOWL S,20 Cm + 20 Cm + 4 Cm,1,0,https://drive.google.com/uc?export=view&id=1MGBzjNxrjU_Ks9XuPsbt90s3xIdJxn_v
1472,Decoration,,,Semi-Gloss Polish,FALSE,,PWDCSTCP-SM,PW DECO SCLUPTURE S,10 Cm + 10 Cm + 24 Cm,4,9,https://drive.google.com/uc?export=view&id=1o1jsdv4ncvgLUsWzlbtTfJVEflPNrdMm
1473,Handycraft,,,Semi-Gloss Polish,FALSE,,PWVS-S2,PW VAS SERIE 2,10 Cm + 10 Cm + 15 Cm,3,4,https://drive.google.com/uc?export=view&id=1YnrYv-v9qVAYMaNM8oMZTD9qVmVkcnOJ
1474,Handycraft,,,Semi-Gloss Polish,FALSE,,PLMASBK-NTL,PW PALM ASHTRAY L,40 Cm + 30 Cm + 4 Cm,5,1,https://drive.google.com/uc?export=view&id=1jICdQ4-CiacADEVCGQ50mBX_p2k-DHRW
1475,Tableware,,,Semi-Gloss Polish,FALSE,,PLMBO-MD,PW PALM BOWL M,40 Cm + 30 Cm + 8 Cm,9,2,https://drive.google.com/uc?export=view&id=1A3j_4Bn8CHwICfBUtmg6I0hN4hBDLUg5
1476,Tableware,,,Semi-Gloss Polish,FALSE,,PWTSBX-BB,PW TISSUE BOX L,30 Cm + 20 Cm + 7 Cm,8,1,https://drive.google.com/uc?export=view&id=16DJJNWyY4mqGvAvOWehPM1KEL0v2Mokm
1477,Handycraft,,,Semi-Gloss Polish,FALSE,,PWTRSH-BX,PW TRASH BOX,24 Cm + 24 Cm + 27 Cm,13,1,https://drive.google.com/uc?export=view&id=1cwnYM0EZ4R5Z_1cG9D0ZpG7iD-WErqIu
1478,Handycraft,,,Semi-Gloss Polish,FALSE,,PWEGG-SS,PW EGG S,10 Cm + 10 Cm + 13 Cm,1,0,https://drive.google.com/uc?export=view&id=17wIftNbUzMDI62JkkAZXFBieRuFfpd6E
1479,Handycraft,,,Semi-Gloss Polish,FALSE,,PWTWLHD-NT,PW TOWEL HOLDER,33 Cm + 22 Cm + 6 Cm,3,0,https://drive.google.com/uc?export=view&id=1Jd4xEpkWIKwo3ySj7C57yiDSe5h7oQAW
1480,Tableware,,,Semi-Gloss Polish,FALSE,,ONXBO-NTL,ONYX BOWL NATURAL LIPS,30 Cm + 30 Cm + 15 Cm,15,2,https://drive.google.com/uc?export=view&id=1ttwzihCGcOF-MIl_tUgi05WgT0ukQiPJ
1481,Decoration,,,Semi-Gloss Polish,FALSE,,MRDC-RD,MARBLE DECO ROUND,25 Cm + 25 Cm + 2 Cm,2,9,https://drive.google.com/uc?export=view&id=1BdCSs6tASBVdHq17BgMxn1OZiPyjcszB
1482,Handycraft,,,Semi-Gloss Polish,FALSE,,ONXBO-IN,ONYX BOWL INUL,40 Cm + 27 Cm + 7 Cm,15,0,https://drive.google.com/uc?export=view&id=1qopleKG82cjpCCCKzR7jD7BZalZfVfcd
1483,Handycraft,,,Semi-Gloss Polish,FALSE,,RVBTLHD-NT,RIVER STONE BOTTLE HOLDER,17 Cm + 15 Cm + 20 Cm,5,1,https://drive.google.com/uc?export=view&id=1UYHw1pIsc0zSXcDPA-38q6nYKa8KWC__
1484,Handycraft,,,Semi-Gloss Polish,FALSE,,TRBO-FPS,TRAVERTINE BOWL,30 Cm + 30 Cm + 4 Cm,3,0,https://drive.google.com/uc?export=view&id=128mkfi7zYjJv3GTEMIxenff-6XMsm92H
1485,Tableware,,,Semi-Gloss Polish,FALSE,,PWPLT-RDL,PW PLATE L,45 Cm + 35 Cm + 3 Cm,3,20,https://drive.google.com/uc?export=view&id=1zb5zKc9aSC4JJgQHnzqpSOxGC2zGhAwY
1486,Handycraft,,,Semi-Gloss Polish,FALSE,,PWBRNCH-NT,PW BRANCH,6 Cm + 7 Cm + 30 Cm,1,45,https://drive.google.com/uc?export=view&id=1LXwNsadknERZNMG1M1GyNC_dtwl_p7aB
1487,Decoration,,,Semi-Gloss Polish,FALSE,,PWDCBTL-SM,BOTTLE DECO SMALL,18 Cm + 6 Cm + 22 Cm,3,33,https://drive.google.com/uc?export=view&id=13LLnHo2hEzA-OlnvxgRevGGslQR3Qm5z
1488,Decoration,,,Semi-Gloss Polish,FALSE,,PWDCBTL-LG,BOTTLE DECO LARGE,20 Cm + 10 Cm + 30 Cm,5,5,https://drive.google.com/uc?export=view&id=1fpNBH-q-IbIZMBYJ69Pb3sSzHuwuxs5e
1489,Handycraft,,,Semi-Gloss Polish,FALSE,,PWDCTND-NT,PW TANDUK,7 Cm + 7 Cm + 46 Cm,2,15,https://drive.google.com/uc?export=view&id=1xOKoaIVfozFqRsfECuIICiF--kBzg7PI
1490,Handycraft,,,Semi-Gloss Polish,FALSE,,PWDCPRMD-NT,PW PIRAMID,9 Cm + 9 Cm + 17 Cm,2,34,https://drive.google.com/uc?export=view&id=16uwinb_JXmhi9PHIQuibSz-6C5dTqH34
1491,Tableware,,,Semi-Gloss Polish,FALSE,,PWBOOVL-SM,PW BOWL OVAL S,33 Cm + 20 Cm + 8 Cm,3,7,https://drive.google.com/uc?export=view&id=1Hl-hM38zCfc6OqHXK-0_QS4V6s1x-0hs
1492,Tableware,,,Semi-Gloss Polish,FALSE,,PWBOOVL-MD,PW BOWL OVAL M,39 Cm + 25 Cm + 8 Cm,5,30,https://drive.google.com/uc?export=view&id=1qMa-hbml6Gh-ubC6nT70E7SCme7AAyN3
1493,Tableware,,,Semi-Gloss Polish,FALSE,,PWBOOVL-LG,PW BOWL OVAL L,45 Cm + 30 Cm + 10 Cm,7,17,https://drive.google.com/uc?export=view&id=1CBoGhpkugG_XmcnD6UsvojHfdik3XY3x
1494,Handycraft,,,Semi-Gloss Polish,FALSE,,PWDCCDS-SM,PW CROSSDICE,19 Cm + 19 Cm + 19 Cm,5,11,https://drive.google.com/uc?export=view&id=1XSc3do442spjnpYgZ7i5Kl_GyYJykPd1
1495,Tableware,,,Semi-Gloss Polish,FALSE,,PWPLT-PLMS,PW PLATE PALM S,30 Cm + 20 Cm + 3 Cm,2,20,https://drive.google.com/uc?export=view&id=12AzGPpTE0vdjg3uP3gvGj0LqprTbzEHw
1496,Handycraft,,,Semi-Gloss Polish,FALSE,,PWSLC-FPS,SLICE COIN FPS+LEG,35 Cm + 35 Cm + 59 Cm,12,0,https://drive.google.com/uc?export=view&id=1t_WSsgV0lGvYK8I9hDxQRfvu795YaRIC
1497,Tableware,,,Semi-Gloss Polish,FALSE,,PWPLT-PLML, PW PLATE PALM L,45 Cm + 35 Cm + 3 Cm,3,2,https://drive.google.com/uc?export=view&id=19CF-1nphNvG67f8r2eCww1QFuxVa04d0
1498,Tableware,,,Semi-Gloss Polish,FALSE,,PWPLT-SQR,PW PLATE SQUARE,"33 Cm + 21 Cm + 2,5 Cm",2,25,https://drive.google.com/uc?export=view&id=1llzmdJFeoGUzIFJu9yjAKv0sUjVemb73
1499,Handycraft,,,Semi-Gloss Polish,FALSE,,CRVTR,CARVING TOWER 01,6 Cm + 6 Cm + 10 Cm,1,5,https://drive.google.com/uc?export=view&id=1f7boyQlWye8lJwxWT6BaXY1F8dln3-RZ
1500,Handycraft,,,Semi-Gloss Polish,FALSE,,PWNPALAT,NP ALAT,33 Cm + 22 Cm + 6 Cm,3,0,https://drive.google.com/uc?export=view&id=1_6f_t5l6IrDwWGX3CAMm74LjE_GP6OcO
1501,Handycraft,,,Semi-Gloss Polish,FALSE,,PWOWL-S,PW OWL S,10 Cm + 10 Cm + 10 Cm,2,69,https://drive.google.com/uc?export=view&id=1-jqt2nOBkk1at38ogBJTJ6Cy7HetIUH5
1502,Handycraft,,,Semi-Gloss Polish,FALSE,,PWOWL-M,PW OWL M,12 Cm + 12 Cm + 12 Cm,3,20,https://drive.google.com/uc?export=view&id=1ZZ2tH3ScneEwX1MWuOO_TRGbhRyRPGQu
1503,Decoration,,,Semi-Gloss Polish,FALSE,,PWCCNT,COCONUT DECO,18 Cm + 15 Cm + 13 Cm,3,7,https://drive.google.com/uc?export=view&id=1e_GYSiibfDRqMYRkL5dwHwTFbArQAJjI
1504,Handycraft,,,Semi-Gloss Polish,FALSE,,PWAZT-EC,PW AZTEC,10 Cm + 8 Cm + 30 Cm,3,33,https://drive.google.com/uc?export=view&id=1v-Ov4HfHE64_Hl62hLPAcMXj_oqhcr_C
1505,Handycraft,,,Semi-Gloss Polish,FALSE,,PWCMK,PW CHIPMUNK,10 Cm + 7 Cm + 12 Cm,2,1,https://drive.google.com/uc?export=view&id=1pwc8fdNRp0XEbe1dBUxN82wgsAM4Shzf
1506,Tableware,,,Semi-Gloss Polish,FALSE,,PWBWLR,BOWL ROUND NATURAL LIPS,25 Cm + 24 Cm + 9 Cm,3,1,https://drive.google.com/uc?export=view&id=15H4-chWgRn4kUNUh_fxGj7yryDy7q9qD
1507,Decoration,,,Semi-Gloss Polish,FALSE,,PWBAMBOO-S,DECO BAMBOO SMALL,8 Cm + 8 Cm + 20 Cm,2,47,https://drive.google.com/uc?export=view&id=1R_4bSA-FFMscaRTL_is8iLvRksMTjQLu
1508,Decoration,,,Semi-Gloss Polish,FALSE,,PWPAUS,DECO PAUS,12 Cm + 6 Cm + 7 Cm,2,19,https://drive.google.com/uc?export=view&id=1yYFa67UAsCyHxIkrvbZURpILe4WtYzEN
1509,Tableware,,,Semi-Gloss Polish,FALSE,,PWPLT-PLMM,PW PLATE PALM M,35 Cm + 25 Cm + 3 Cm,3,21,https://drive.google.com/uc?export=view&id=11k-Et5bVvTtqhUV4ksgoAfeoYCAS6aEf
1510,Handycraft,,,Semi-Gloss Polish,FALSE,,PLMSLDC-LD,PALM DECO SLICE L,50 Cm + 40 Cm + 2 Cm,7,0,https://drive.google.com/uc?export=view&id=1eSWi43wHxEVtno0q6WfMZXu1mlTyg4v7
1511,Handycraft,,,Semi-Gloss Polish,FALSE,,CVPAO,CARVING PW AREN OBELIX,9 Cm + 7 Cm + 2 Cm,0,11,https://drive.google.com/uc?export=view&id=1_ov_UzqtLpV7JugigqmVkuEGYYyHL4gc
1512,Handycraft,,,Semi-Gloss Polish,FALSE,,CVPAB,CARVING PW AREN BINTANG,4 Cm + 4 Cm + 1 Cm,0,60,https://drive.google.com/uc?export=view&id=1xn4g94_0UoI3Qt-V5AG5QbVxH5JyNYo8
1513,Handycraft,,,Semi-Gloss Polish,FALSE,,CVPAS,CARVING PW AREN SABIT,"4 Cm + 3 Cm + 0,5 Cm",0,50,https://drive.google.com/uc?export=view&id=13Et8wx8ESfvmIYA2-UOhpZRiJfYQp_8i
1514,Handycraft,,,Semi-Gloss Polish,FALSE,,CVPAH,CARVING PW AREN HATI,"6 Cm + 6 Cm + 0,5 Cm",0,0,https://drive.google.com/uc?export=view&id=1z2fA150pzzY79v4Uc1W6O-S0_VJ3ucSQ
1515,Handycraft,,,Semi-Gloss Polish,FALSE,,CVPAOP,CARVING PW AREN OPAL,6 Cm + 5 Cm + 1 Cm,0,1,https://drive.google.com/uc?export=view&id=1Ddfaq6f-KdGiWZSHO5uFAvdIZ9psLgEm
1516,Handycraft,,,Semi-Gloss Polish,FALSE,,CVPAL,CARVING PW AREN LIONTIN,"5 Cm + 3 Cm + 0,5 Cm",0,46,https://drive.google.com/uc?export=view&id=17oRfmmQMmucJmKSyErZpK6FagDb0VGDK
,,,,,,,,CARVING KUPU-KUPU,"5 Cm + 4 Cm + 0,5 Cm",0,42,
,,,,,,,,CARVING HATI SAYAP,8 Cm + 4 Cm + 1 Cm,0,14,
,,,,,,,,CARVING KEPALA KUCING + AWAN,5 Cm + 3 Cm + 1 Cm,0,29,
,,,,,,,,CARVING SABIT,"5 Cm + 4 Cm + 0,5 Cm",0,70,
,,,,,,,,CARVING BURUNG TWITTER,"6 Cm + 4 Cm + 0,5 Cm",0,18,
,,,,,,,,CARVING BURUNG,"6 Cm + 5 Cm + 0,5 Cm",0,68,
,,,,,,,,CARVING LUMBA-LUMBA,"6 Cm + 4 Cm + 0,5 Cm",0,22,
,,,,,,,,CARVING BINTANG,4 Cm + 4 Cm + 1 Cm,0,44,
,,,,,,,,LIONTIN POLYCROME,"5 Cm + 3 Cm + 0,5 Cm",0,117,
1526,Handycraft,,,Semi-Gloss Polish,FALSE,,CRV.HTB,CARVING HATI BESAR,6 Cm + 6 Cm + 2 Cm,0,28,
,,,,,,,,CARVING HATI SEDANG,"5 Cm + 4 Cm + 0,5 Cm",0,57,
,,,,,,,,CARVING BAMBU & BASEBALL,"6 Cm + 1 Cm + 0,5 Cm",0,19,
,,,,,,,,CARVING DONAT,4 Cm + 4 Cm + 1 Cm,0,10,
,,,,,,,,CARVING SABIT BESAR,5 Cm + 4 Cm + 2 Cm,0,23,
,,,,,,,,LIONTIN MIX,"5 Cm + 2 Cm + 0,5 Cm",0,250,
,,,,,,,,BATU PIJIT L,8 Cm + 5 Cm + 1 Cm,0,15,
,,,,,,,,BATU PIJIT M,"5 Cm + 5 Cm + 0,5 Cm",0,40,
,,,,,,,,LIONTIN BATU TAWON,"6 Cm + 3 Cm + 0,5 Cm",0,231,
,,,,,,,,GELANG BEAD,11 Cm + 10 Cm + 1 Cm,0,12,
,,,,,,,,GELANG KOTAK,12 Cm + 12 Cm + 2 Cm,0,8,
,,,,,,,,LIONTIN ILALANG,"5 Cm + 3 Cm + 0,5 Cm",0,37,
,,,,,,,,GELANG BEAD BESAR,12 Cm + 12 Cm + 4 Cm,0,8,
,,,,,,,,LIONTIN COFFIN,"4 Cm + 3 Cm + 0,5 Cm",0,115,
,,,,,,,,CARVING HATI BATU TAWON,6 Cm + 6 Cm + 2 Cm,0,17,
1541,Handycraft,,,Semi-Gloss Polish,FALSE,,BL3,BOLA,3 Cm + 3 Cm + 3 Cm,0,22,
1542,Handycraft,,,Semi-Gloss Polish,FALSE,,BL4,BOLA,4 Cm + 4 Cm + 4 Cm,0,24,
,,,,,,,,BOLA,"4,5 Cm + 4,5 Cm + 4,5 Cm",0,17,
,,,,,,,,BOLA,5 Cm + 5 Cm + 5 Cm,0,29,
,,,,,,,,BOLA,6 Cm + 6 Cm + 6 Cm,0,46,
,,,,,,,,BOLA,8 Cm + 8 Cm + 8 Cm,0,2,
,,,,,,,,BOLA,9 Cm + 9 Cm + 9 Cm,0,4,
1548,Handycraft,,,Semi-Gloss Polish,FALSE,,CRS-DZY,CRYSTAL DRUZY, Cm +  Cm +  Cm,0,30,https://drive.google.com/uc?export=view&id=1d8X7jbM-XBj25MaMPrgbUHJY-zBPfGt8
,,,,,,,,CARVING TOWER 02,10 Cm + 8 Cm + 3 Cm,0,25,
,,,,,,,,CARVING TOWER 03,13 Cm + 12 Cm + 3 Cm,0,22,
1551,Handycraft,,,Semi-Gloss Polish,FALSE,,CVR-TWR,CARVING TOWER OBSIDIAN,12 Cm + 12 Cm + 5 Cm,0,0,https://drive.google.com/uc?export=view&id=1dVepXdejSYgP-HMH52E6QVXmY_egeucM
,,,,,,,,TELUR MIX,9 Cm + 6 Cm + 5 Cm,0,8,
,,,,,,,,CARVING TOWER 04,17 Cm + 15 Cm + 5 Cm,0,6,
,,,,,,,,FLAMES API, Cm +  Cm +  Cm,0,4,
,,,,,,,,FLAMES API, Cm +  Cm +  Cm,0,23,
,,,,,,,,JAMUR MANAKARA, Cm +  Cm +  Cm,0,1,
,,,,,,,,JAMUR JESPER, Cm +  Cm +  Cm,0,2,
,,,,,,,,APEL KECUBUNG, Cm +  Cm +  Cm,0,1,
,,,,,,,,ICE CREAM TAWON, Cm +  Cm +  Cm,0,1,
,,,,,,,,FREEFORM PALMROOT M, Cm +  Cm +  Cm,0,7,
1561,Handycraft,,,Semi-Gloss Polish,FALSE,,FRPLM,FREE FORM PALMROOT S, Cm +  Cm +  Cm,0,5,https://drive.google.com/uc?export=view&id=1L6CF8c7kt3qnyTJMU7N02WoZSpc7Y3Oa
1562,Handycraft,,,Semi-Gloss Polish,FALSE,,ONXT,ONYX TRAY,74 Cm + 23 Cm + 7 Cm,5,0,https://drive.google.com/uc?export=view&id=1jAgTD5yswbAJDdEBhkMPX1FrMLGnvjVH
1563,Handycraft,,,Semi-Gloss Polish,FALSE,,ONXBM,BOWL ONYX (M),30 Cm + 35 Cm + 15 Cm,3,0,https://drive.google.com/uc?export=view&id=1KYiqWXtr1B5dGkXxQyuCtmIDsncZPXxe
1564,Tableware,,,Semi-Gloss Polish,FALSE,,ONXRB,ROUND BOWL ONYX,20 Cm + 20 Cm + 7 Cm,1,2,https://drive.google.com/uc?export=view&id=1REvT9GAEnWEAI2bRRH5CV8jFOP5Jeqgz
1565,Handycraft,,,Semi-Gloss Polish,FALSE,,ASTRPLM,ASHTRAY PALM,30 Cm + 20 Cm + 4 Cm,3,0,https://drive.google.com/uc?export=view&id=1LsCmAZStOLvo5LZRTVg9FydfIpPb6Rbn
1566,Handycraft,,,Semi-Gloss Polish,FALSE,,PLTPM-XS,PW PLATE PALM XS,15 Cm + 10 Cm + 3 Cm,1,0,https://drive.google.com/uc?export=view&id=155v2hZcVzecpwVKeKmp5LY600hg2VQiH
1567,Handycraft,,,Semi-Gloss Polish,FALSE,,PLTPM-LS,PW PLATE PALM LS,20 Cm + 15 Cm + 3 Cm,1,0,https://drive.google.com/uc?export=view&id=1bCRVNSiKHTHBKMrkd2RpEVwiNZDG6TEF
1568,Handycraft,,,Semi-Gloss Polish,FALSE,,PLTPM-S,PW PLATE PALM S,30 Cm + 20 Cm + 3 Cm,2,0,https://drive.google.com/uc?export=view&id=1-h6QWh1pzHXmF3KHVXGoOsBwG9icjdjj
1569,Handycraft,,,Semi-Gloss Polish,FALSE,,PLTPM-M,PW PLATE PALM M,35 Cm + 25 Cm + 3 Cm,3,0,https://drive.google.com/uc?export=view&id=1aW9_13nRyhbQNrzr-ssxgLcNXe3GVzz6
1570,Handycraft,,,Semi-Gloss Polish,FALSE,,PLTPM-L, PW PLATE PALM L,45 Cm + 35 Cm + 3 Cm,3,0,https://drive.google.com/uc?export=view&id=1OjdJ9U4sOzUATZZBaGDgnfW2JcIFtn4a
1571,Handycraft,,,Semi-Gloss Polish,FALSE,,ASTRYPM-M,PW PALM ASHTRAY M,25 Cm + 30 Cm + 4 Cm,5,0,https://drive.google.com/uc?export=view&id=1azrep0gxBTn-8P0gyFw6ewaLJIih0TvE
1572,Handycraft,,,Semi-Gloss Polish,FALSE,,PLTSQR,PW PLATE SQUARE,"33 Cm + 21 Cm + 2,5 Cm",2,0,https://drive.google.com/uc?export=view&id=1ZDmd37ny1z7ShT5WqpPOkxXJe0hZwjxF
1573,Handycraft,,,Semi-Gloss Polish,FALSE,,SPDS,PW SOAP DISH,10 Cm + 15 Cm + 2.5 Cm,1,17,https://drive.google.com/uc?export=view&id=19wPUXLDyEs04vZs_rFG8_HRGNZlgI7kN
1574,Tableware,,,Semi-Gloss Polish,FALSE,,PLTXL,PW PLATE XL,60 Cm + 52 Cm + 3 Cm,7,11,https://drive.google.com/uc?export=view&id=1EAz5kRpDQoCshcXOwY9e3assgx_eqPF5
1575,Handycraft,,,Semi-Gloss Polish,FALSE,,PLTM,PW PLATE M,40 Cm + 30 Cm + 3 Cm,3,0,https://drive.google.com/uc?export=view&id=12mlIhwNXukem4EDoNue_zV9OvaTsn7CF
1576,Handycraft,,,Semi-Gloss Polish,FALSE,,PLTL,PW PLATE L,45 Cm + 35 Cm + 3 Cm,3,0,https://drive.google.com/uc?export=view&id=1w4d60BDzAHVs2lsqixML2RQY39BVw-eL
1577,Decoration,,,Semi-Gloss Polish,FALSE,,PJA.30.14,DECO SLICE WITH BASE,"57 Cm + 50 Cm + 5,5 Cm",150,6,https://drive.google.com/uc?export=view&id=18Qa_c51qzdEfWDY2U8TErJiE1Zl746C-
1578,Decoration,,,Semi-Gloss Polish,FALSE,,PJA.30.15,DECO BALL,20 Cm + 20 Cm + 20 Cm,18,2,https://drive.google.com/uc?export=view&id=13SqIpc3-W4poOqpJyrV3pYoDPjqNkPHF
1579,Decoration,,,Semi-Gloss Polish,FALSE,,33.52,PW DECO ELEPHANT 2(S),15 Cm + 7 Cm + 11 Cm,2,2,https://drive.google.com/uc?export=view&id=1OGjg06shLgDhf48NLI-AurPJJkOzBSDA
1580,Decoration,,,Semi-Gloss Polish,FALSE,,33.53,PW DECO ELEPHANT 2 (M),21 Cm + 11 Cm + 18 Cm,8,2,https://drive.google.com/uc?export=view&id=1BV7f6WX0IvZruCkv2_xR0t3tRRkUXjH5
1581,Bathub,,,Semi-Gloss Polish,FALSE,,33.55,PW BOTTLE DISPENSER 02,7 Cm + 7 Cm + 20 Cm,2,3,https://drive.google.com/uc?export=view&id=1d7k3QpYCKnesZhIY1sMVepqr8ilFQOih
1582,,,,Semi-Gloss Polish,FALSE,,BKN.MD,BOOKEND MEDIUM,25 Cm + 10 Cm + 18 Cm,7,0,https://drive.google.com/uc?export=view&id=1NlY5jECJCszJyBHQSnqBcuHT9n9t3xn5
1583,,,,Semi-Gloss Polish,FALSE,,BKN.SM,BOOKEND SMALL,23 Cm + 5 Cm + 12 Cm,2,0,https://drive.google.com/uc?export=view&id=1DQrf9VEfd-NGIrCQqXNLf6YMwy5Lfp85
1584,,,,Semi-Gloss Polish,FALSE,,BRGR,BURGER,25 Cm + 25 Cm + 19 Cm,20,0,https://drive.google.com/uc?export=view&id=1xcILBpVm9HGQzWLProWQ60X2ryz_LwMF
1585,,,,Semi-Gloss Polish,FALSE,,BTLDC.L,BOTTLE DECO LARGE,20 Cm + 10 Cm + 30 Cm,5,0,https://drive.google.com/uc?export=view&id=1JPqPFtkdGCvAeezJAMwghYKfyz-e3qJm
1586,,,,Semi-Gloss Polish,FALSE,,CRSDC,CROSSDISE,19 Cm + 19 Cm + 19 Cm,5,0,https://drive.google.com/uc?export=view&id=1kfUmAIT7Y8vTZ1uLdtfFzxLqa45KXLCk
1587,,,,Semi-Gloss Polish,FALSE,,BWLOV.L,BOWL OVAL LARGE,45 Cm + 30 Cm + 10 Cm,7,0,https://drive.google.com/uc?export=view&id=1vYQWm3jxmJbOr_o8OrLIN_7eEauQQ1Yq
1588,,,,Semi-Gloss Polish,FALSE,,BWL.LG,BOWL LONG,71 Cm + 26 Cm + 8 Cm,15,0,https://drive.google.com/uc?export=view&id=11BGQiKrf2CLm8lF-IV2zplY6oiQw9ShJ
1589,,,,Semi-Gloss Polish,FALSE,,SQRPLT,SQUARE PLATES,33 Cm + 21 Cm + 2.5 Cm,2,0,https://drive.google.com/uc?export=view&id=18YmHD45uhaGVk845vaiFkpDoC6IB-Vwv
1590,,,,Semi-Gloss Polish,FALSE,,VSS,VASES,15 Cm + 20 Cm + 30 Cm,5,0,https://drive.google.com/uc?export=view&id=1YcBS3yvW3n6hjedoawl4o3my9zQmmF-u
1591,,,,Semi-Gloss Polish,FALSE,,PLT.L,PLATE L,45 Cm + 35 Cm + 3 Cm,3,0,https://drive.google.com/uc?export=view&id=1kdCqVcaK9lTjLwjl3fZQ4BPfxNfbRloy
1592,,,,Semi-Gloss Polish,FALSE,,PLT.XL,PLATE XL,60 Cm + 52 Cm + 3 Cm,7,0,https://drive.google.com/uc?export=view&id=1U7yF8KWS7qLHsyInkL7nP_m1Y17LDMtb
1593,,,,Semi-Gloss Polish,FALSE,,LNG.PLTS,LONG PLATE SMALL,55 Cm + 15 Cm + 3 Cm,4,0,https://drive.google.com/uc?export=view&id=1hYQMuEQZ5sOA9z2ZODZmi11PBxwpUrd1
1594,,,,Semi-Gloss Polish,FALSE,,LNG.PLTM,LONG PLATE MEDIUM,71 Cm + 15 Cm + 3 Cm,7,0,https://drive.google.com/uc?export=view&id=1rdKmbmszYB6mR3KITyYg7-qNX1nPOYiw